source_id,dataset,name,category,subcategory,longitude,latitude,observed_date,source
6a6af8f23c4ecfd6914fbfa8,menugo,Halte Library Cafe,Kafe,,110.35503831622725,-7.821574657866208,,mapid_missions
6a8232e40f19727ae9aa7832,menugo,Morazen Hotel,Restoran,,110.0657493,-7.885830700000003,,mapid_missions
6a6af8ef3c4ecfd6914fb3e2,propertigo,,Kos,Disewa,110.39884289998713,-7.743901547088242,,mapid_missions
6a6af8f03c4ecfd6914fb649,propertigo,,Ruko,Disewa,110.37706322920565,-7.809965745478593,,mapid_missions
6a6af8f03c4ecfd6914fb66d,propertigo,,Rumah,Dijual,110.3768993882237,-7.811170784432704,,mapid_missions
6a6af8f03c4ecfd6914fb66e,propertigo,,Rumah,Disewa,110.3772638901703,-7.809357569501131,,mapid_missions
6a6af8f03c4ecfd6914fb66f,propertigo,,Ruko,Disewa,110.37615429364212,-7.8156488678852725,,mapid_missions
6a6af8f03c4ecfd6914fb670,propertigo,,Ruko,Dijual,110.37501629989299,-7.8156798808874015,,mapid_missions
6a6af8f03c4ecfd6914fb671,propertigo,,Ruko,Dijual,110.37309250016204,-7.816560094129642,,mapid_missions
6a6af8f03c4ecfd6914fb672,propertigo,,Ruko,Dijual,110.37306567631924,-7.819891900362151,,mapid_missions
6a6af8f03c4ecfd6914fb673,propertigo,,Gudang,Disewa,110.3734777830283,-7.826703730578856,,mapid_missions
6a6af8f03c4ecfd6914fb674,propertigo,,Ruko,Disewa,110.37391548232233,-7.83110730518905,,mapid_missions
6a6af8f03c4ecfd6914fb675,propertigo,,Ruko,Disewa,110.37441542697428,-7.843322045074899,,mapid_missions
6a6af8f03c4ecfd6914fb676,propertigo,,Rumah,Dijual,110.37301780982324,-7.840527668889436,,mapid_missions
6a6af8f03c4ecfd6914fb677,propertigo,,Ruko,Disewa,110.37301780982324,-7.840527668889436,,mapid_missions
6a6af8f03c4ecfd6914fb678,propertigo,,Rumah,Disewa,110.3727183128749,-7.842073157000158,,mapid_missions
6a6af8f03c4ecfd6914fb7aa,propertigo,,Tanah,Dijual,110.39233726366092,-7.7986829964342235,,mapid_missions
6a6af8f03c4ecfd6914fb7ab,propertigo,,Retail FnB,Disewa,110.39235312334552,-7.799497054283094,,mapid_missions
6a6af8f03c4ecfd6914fb7ac,propertigo,,Ruko,Disewa,110.39158150554795,-7.802197030972337,,mapid_missions
6a6af8f03c4ecfd6914fb7ad,propertigo,,Rumah,Dijual,110.3914335698829,-7.802213316339632,,mapid_missions
6a6af8f03c4ecfd6914fb7ae,propertigo,,Ruko,Disewa,110.38964055971002,-7.802147215849743,,mapid_missions
6a6af8f03c4ecfd6914fb7af,propertigo,,Ruko,Disewa,110.38950021104296,-7.80213218325143,,mapid_missions
6a6af8f03c4ecfd6914fb7b0,propertigo,,"Retail (toko baju, peralatan olahraga, toko elektronik, dll)",Disewa,110.38880635575612,-7.802133145029472,,mapid_missions
6a6af8f03c4ecfd6914fb7b1,propertigo,,Ruko,Disewa,110.38833691236181,-7.802124888046876,,mapid_missions
6a6af8f03c4ecfd6914fb7b2,propertigo,,Ruko,Disewa,110.38709188107799,-7.802100968765146,,mapid_missions
6a6af8f03c4ecfd6914fb7b3,propertigo,,Ruko,Dijual,110.38548385355602,-7.80189850054596,,mapid_missions
6a6af8f03c4ecfd6914fb7b4,propertigo,,"Retail (toko baju, peralatan olahraga, toko elektronik, dll)",Dijual,110.38548385355602,-7.80189850054596,,mapid_missions
6a6af8f03c4ecfd6914fb7b5,propertigo,,Ruko,Dijual,110.3845215772443,-7.801860012484838,,mapid_missions
6a6af8f03c4ecfd6914fb7b6,propertigo,,Ruko,Disewa,110.37927166579254,-7.80172116848955,,mapid_missions
6a6af8f03c4ecfd6914fb7b7,propertigo,,"Retail (toko baju, peralatan olahraga, toko elektronik, dll)",Dijual,110.37846791764366,-7.801725878029245,,mapid_missions
6a6af8f03c4ecfd6914fb7b8,propertigo,,Retail FnB,Disewa,110.37805983305918,-7.801704227384903,,mapid_missions
6a6af8f03c4ecfd6914fb7b9,propertigo,,"Retail (toko baju, peralatan olahraga, toko elektronik, dll)",Disewa,110.37538914487749,-7.801742219344177,,mapid_missions
6a6af8f03c4ecfd6914fb7ba,propertigo,,Ruko,Dijual,110.37495326424056,-7.801589537011836,,mapid_missions
6a6af8f03c4ecfd6914fb7bb,propertigo,,Ruko,Disewa,110.37476486767576,-7.801617095973825,,mapid_missions
6a6af8f03c4ecfd6914fb7bc,propertigo,,Retail FnB,Disewa,110.37444876687726,-7.8016133376208785,,mapid_missions
6a6af8f03c4ecfd6914fb7bd,propertigo,,Retail FnB,Disewa,110.3730650241452,-7.800565139050093,,mapid_missions
6a6af8f03c4ecfd6914fb7be,propertigo,,Rumah,Dijual,110.37303506200124,-7.80021532528977,,mapid_missions
6a6af8f03c4ecfd6914fb7bf,propertigo,,Rumah,Dijual,110.37323610058894,-7.800018649808905,,mapid_missions
6a6af8f03c4ecfd6914fb7c0,propertigo,,Coworking Space,Dijual,110.37321839854604,-7.799449920753574,,mapid_missions
6a6af8f03c4ecfd6914fb7c1,propertigo,,Ruko,Dijual,110.37314357434644,-7.798510573751287,,mapid_missions
6a6af8f03c4ecfd6914fb7c2,propertigo,,Ruko,Disewa,110.37270433206584,-7.797525153510691,,mapid_missions
6a6af8f03c4ecfd6914fb7c3,propertigo,,Ruko,Disewa,110.37268915907998,-7.797449990935206,,mapid_missions
6a6af8f03c4ecfd6914fb7c4,propertigo,,Rumah,Dijual,110.37360492375683,-7.797074031148725,,mapid_missions
6a6af8f03c4ecfd6914fb7c5,propertigo,,Ruko,Disewa,110.37419995106546,-7.7971297907890715,,mapid_missions
6a6af8f03c4ecfd6914fb7c6,propertigo,,Tanah,Dijual,110.3747036046945,-7.7969818362074506,,mapid_missions
6a6af8f03c4ecfd6914fb7c7,propertigo,,Rumah,Disewa,110.37515493877231,-7.796982241276197,,mapid_missions
6a6af8f03c4ecfd6914fb7c8,propertigo,,Rumah,Disewa,110.37551245301353,-7.797058611367987,,mapid_missions
6a6af8f03c4ecfd6914fb7c9,propertigo,,Rumah,Dijual,110.3790799914284,-7.797486665689561,,mapid_missions
6a6af8f03c4ecfd6914fb7ca,propertigo,,Ruko,Disewa,110.38089372729848,-7.79736681345311,,mapid_missions
6a6af8f03c4ecfd6914fb7cb,propertigo,,Rumah,Dijual,110.3813552345245,-7.797510875130328,,mapid_missions
6a6af8f03c4ecfd6914fb7cc,propertigo,,Ruko,Dijual,110.36521024436416,-7.796846665424042,,mapid_missions
6a6af8f03c4ecfd6914fb7cd,propertigo,,"Retail (toko baju, peralatan olahraga, toko elektronik, dll)",Disewa,110.36573961012294,-7.794752413372379,,mapid_missions
6a6af8f03c4ecfd6914fb7da,propertigo,,Ruko,Dijual,110.40437461111156,-7.827859540883196,,mapid_missions
6a6af8f03c4ecfd6914fb7de,propertigo,,Rumah,Dijual,110.42703939880613,-7.822752154273672,,mapid_missions
6a6af8f03c4ecfd6914fb812,propertigo,,Rumah,Disewa,110.45275551382645,-7.788641605597263,,mapid_missions
6a6af8f03c4ecfd6914fb813,propertigo,,Tanah,Dijual,110.45274346477169,-7.788779792484831,,mapid_missions
6a6af8f03c4ecfd6914fb814,propertigo,,Rumah,Dijual,110.4414654748536,-7.800314535481405,,mapid_missions
6a6af8f03c4ecfd6914fb815,propertigo,,Tanah,Dijual,110.44157771764816,-7.800604395426973,,mapid_missions
6a6af8f03c4ecfd6914fb816,propertigo,,Tanah,Dijual,110.42799452655811,-7.822009422565813,,mapid_missions
6a6af8f03c4ecfd6914fb817,propertigo,,Ruko,Disewa,110.42715056546001,-7.82371951313219,,mapid_missions
6a6af8f03c4ecfd6914fb818,propertigo,,Gudang,Disewa,110.43133577234346,-7.825685846800695,,mapid_missions
6a6af8f03c4ecfd6914fb819,propertigo,,"Retail (toko baju, peralatan olahraga, toko elektronik, dll)",Disewa,110.4316202341567,-7.8256024996007625,,mapid_missions
6a6af8f03c4ecfd6914fb81a,propertigo,,Ruko,Disewa,110.43578606819358,-7.8271553100770035,,mapid_missions
6a6af8f03c4ecfd6914fb81b,propertigo,,Ruko,Disewa,110.44045739454288,-7.8277239730127235,,mapid_missions
6a6af8f03c4ecfd6914fb81c,propertigo,,Ruko,Disewa,110.440578434413,-7.827726272488107,,mapid_missions
6a6af8f03c4ecfd6914fb81d,propertigo,,Ruko,Disewa,110.42999388609718,-7.825024577420592,,mapid_missions
6a6af8f03c4ecfd6914fb81e,propertigo,,Ruko,Disewa,110.40194048965134,-7.8328209118648715,,mapid_missions
6a6af8f03c4ecfd6914fb81f,propertigo,,Rumah,Disewa,110.4022737501947,-7.834278669437666,,mapid_missions
6a6af8f03c4ecfd6914fb820,propertigo,,Ruko,Disewa,110.40268700154138,-7.828582178837763,,mapid_missions
6a6af8f03c4ecfd6914fb821,propertigo,,Rumah,Dijual,110.40256843420781,-7.828667800356527,,mapid_missions
6a6af8f03c4ecfd6914fb822,propertigo,,"Retail (toko baju, peralatan olahraga, toko elektronik, dll)",Dijual,110.39915152140475,-7.827668109107719,,mapid_missions
6a6af8f03c4ecfd6914fb823,propertigo,,Ruko,Dijual,110.39588489967679,-7.827261491563007,,mapid_missions
6a6af8f03c4ecfd6914fb835,propertigo,,Tanah,Dijual,110.40635848531531,-7.82809946334811,,mapid_missions
6a6af8f03c4ecfd6914fb836,propertigo,,Rumah,Dijual,110.41442312770425,-7.824305602078539,,mapid_missions
6a6af8f03c4ecfd6914fb837,propertigo,,Tanah,Dijual,110.4455651418636,-7.7970874660370555,,mapid_missions
6a6af8f03c4ecfd6914fb838,propertigo,,Tanah,Dijual,110.44535766748561,-7.799329041956113,,mapid_missions
6a6af8f03c4ecfd6914fb839,propertigo,,Ruko,Disewa,110.45443325765308,-7.805765702832886,,mapid_missions
6a6af8f03c4ecfd6914fb83a,propertigo,,Rumah,Disewa,110.4563851367185,-7.80772549299806,,mapid_missions
6a6af8f03c4ecfd6914fb83b,propertigo,,"Retail (toko baju, peralatan olahraga, toko elektronik, dll)",Disewa,110.45152422097044,-7.805114983507636,,mapid_missions
6a6af8f03c4ecfd6914fb83c,propertigo,,Ruko,Disewa,110.44918204321272,-7.804942769099668,,mapid_missions
6a6af8f03c4ecfd6914fb83e,propertigo,,Kantor,Disewa,110.44264618892828,-7.8214026793172025,,mapid_missions
6a6af8f03c4ecfd6914fb83f,propertigo,,Rumah,Disewa,110.44293973744368,-7.8162657258429675,,mapid_missions
6a6af8f03c4ecfd6914fb840,propertigo,,Tanah,Dijual,110.44283159880104,-7.816239476673431,,mapid_missions
6a6af8f03c4ecfd6914fb842,propertigo,,Ruko,Disewa,110.43859172615157,-7.804228738501905,,mapid_missions
6a6af8f03c4ecfd6914fb844,propertigo,,Ruko,Disewa,110.429542983337,-7.803513364844079,,mapid_missions
6a6af8f03c4ecfd6914fb846,propertigo,,Ruko,Disewa,110.42722450884844,-7.805330156110131,,mapid_missions
6a6af8f03c4ecfd6914fb847,propertigo,,Rumah,Disewa,110.414272413128,-7.798657409286264,,mapid_missions
6a6af8f03c4ecfd6914fb84c,propertigo,,Rumah,Dijual,110.40217043362878,-7.800818268492705,,mapid_missions
6a6af8f03c4ecfd6914fb84e,propertigo,,"Retail (toko baju, peralatan olahraga, toko elektronik, dll)",Dijual,110.40218972121846,-7.801049728209975,,mapid_missions
6a6af8f03c4ecfd6914fb84f,propertigo,,Ruko,Dijual,110.40239665430579,-7.801198322802577,,mapid_missions
6a6af8f03c4ecfd6914fb852,propertigo,,Rumah,Disewa,110.40678920315753,-7.802494291258228,,mapid_missions
6a6af8f03c4ecfd6914fb854,propertigo,,Ruko,Dijual,110.40831437627156,-7.80254417036322,,mapid_missions
6a6af8f03c4ecfd6914fb855,propertigo,,Ruko,Disewa,110.40921878270694,-7.802409877690195,,mapid_missions
6a6af8f03c4ecfd6914fb856,propertigo,,Ruko,Disewa,110.40917789185067,-7.802587033029084,,mapid_missions
6a6af8f03c4ecfd6914fb85a,propertigo,,Ruko,Disewa,110.402370567493,-7.802016703963716,,mapid_missions
6a6af8f03c4ecfd6914fb8a7,propertigo,,Ruko,Disewa,110.38128581756234,-7.783001865370338,,mapid_missions
6a6af8f03c4ecfd6914fb8a8,propertigo,,Ruko,Disewa,110.38185296749907,-7.783139142216925,,mapid_missions
6a6af8f03c4ecfd6914fb8a9,propertigo,,Ruko,Dijual,110.3794077459849,-7.7800724175828435,,mapid_missions
6a6af8f03c4ecfd6914fb8aa,propertigo,,Ruko,Disewa,110.37953301831288,-7.7800913013536785,,mapid_missions
6a6af8f03c4ecfd6914fb8ab,propertigo,,"Retail (toko baju, peralatan olahraga, toko elektronik, dll)",Dijual,110.39367375305858,-7.788859629694514,,mapid_missions
6a6af8f03c4ecfd6914fb8ac,propertigo,,Ruko,Dijual,110.39348554584939,-7.790637344922786,,mapid_missions
6a6af8f03c4ecfd6914fb8ad,propertigo,,Ruko,Disewa,110.39341911370121,-7.790859226044674,,mapid_missions
6a6af8f03c4ecfd6914fb8ae,propertigo,,"Retail (toko baju, peralatan olahraga, toko elektronik, dll)",Disewa,110.39156718268782,-7.802193297735883,,mapid_missions
6a6af8f03c4ecfd6914fb978,propertigo,,Rumah,Dijual,110.40193951395861,-7.796290365929622,,mapid_missions
6a6af8f03c4ecfd6914fb97b,propertigo,,Rumah,Dijual,110.39771363227055,-7.7955886724281385,,mapid_missions
6a6af8f13c4ecfd6914fb9bc,propertigo,,Rumah,Dijual,110.42396764888935,-7.8223069253657656,,mapid_missions
6a6af8f13c4ecfd6914fb9bd,propertigo,,Ruko,Disewa,110.4204326577576,-7.820455488688751,,mapid_missions
6a6af8f13c4ecfd6914fb9be,propertigo,,Ruko,Dijual,110.41168551965075,-7.8378873415097985,,mapid_missions
6a6af8f13c4ecfd6914fb9bf,propertigo,,Ruko,Disewa,110.41073341447174,-7.846739220682068,,mapid_missions
6a6af8f13c4ecfd6914fb9c0,propertigo,,Ruko,Disewa,110.40989902796264,-7.853446899850979,,mapid_missions
6a6af8f13c4ecfd6914fb9c1,propertigo,,Ruko,Disewa,110.40747343042966,-7.8700579026206725,,mapid_missions
6a6af8f13c4ecfd6914fb9c2,propertigo,,Rumah,Disewa,110.39669642308456,-7.85387839683024,,mapid_missions
6a6af8f13c4ecfd6914fb9c3,propertigo,,Rumah,Dijual,110.39553183809846,-7.8519854737380825,,mapid_missions
6a6af8f13c4ecfd6914fb9c4,propertigo,,Ruko,Dijual,110.39102816843013,-7.846227996994884,,mapid_missions
6a6af8f13c4ecfd6914fb9c5,propertigo,,"Retail (toko baju, peralatan olahraga, toko elektronik, dll)",Disewa,110.39090909074383,-7.845926710567213,,mapid_missions
6a6af8f13c4ecfd6914fb9c6,propertigo,,Rumah,Disewa,110.39138699076847,-7.840904210568311,,mapid_missions
6a6af8f13c4ecfd6914fb9c7,propertigo,,"Retail (toko baju, peralatan olahraga, toko elektronik, dll)",Disewa,110.39143291584645,-7.840743960484545,,mapid_missions
6a6af8f13c4ecfd6914fb9c8,propertigo,,Ruko,Disewa,110.39017198052574,-7.826334978846376,,mapid_missions
6a6af8f13c4ecfd6914fb9c9,propertigo,,Gudang,Dijual,110.39851200430144,-7.814056729391041,,mapid_missions
6a6af8f13c4ecfd6914fb9ca,propertigo,,"Retail (toko baju, peralatan olahraga, toko elektronik, dll)",Disewa,110.39994065162591,-7.820185550930603,,mapid_missions
6a6af8f13c4ecfd6914fb9cb,propertigo,,"Retail (toko baju, peralatan olahraga, toko elektronik, dll)",Disewa,110.40093054694518,-7.8212608695589125,,mapid_missions
6a6af8f13c4ecfd6914fb9da,propertigo,,Rumah,Disewa,110.42873570722378,-7.821408832989633,,mapid_missions
6a6af8f13c4ecfd6914fb9dc,propertigo,,Ruko,Disewa,110.4131408995857,-7.815773705055662,,mapid_missions
6a6af8f13c4ecfd6914fb9dd,propertigo,,Tanah,Dijual,110.41292297182781,-7.81557356465143,,mapid_missions
6a6af8f13c4ecfd6914fb9de,propertigo,,Ruko,Dijual,110.41161589961445,-7.81437870506366,,mapid_missions
6a6af8f13c4ecfd6914fb9e0,propertigo,,Ruko,Dijual,110.41204469659823,-7.814453304498372,,mapid_missions
6a6af8f13c4ecfd6914fb9e2,propertigo,,Ruko,Disewa,110.4020693261553,-7.809645026110928,,mapid_missions
6a6af8f13c4ecfd6914fb9e3,propertigo,,Rumah,Dijual,110.40188304572706,-7.802440704440002,,mapid_missions
6a6af8f13c4ecfd6914fb9e4,propertigo,,Ruko,Disewa,110.40060220427011,-7.802365638187069,,mapid_missions
6a6af8f13c4ecfd6914fb9e5,propertigo,,Restoran,Disewa,110.39851872288187,-7.80297362950661,,mapid_missions
6a6af8f13c4ecfd6914fb9e6,propertigo,,Rumah,Dijual,110.39830032067869,-7.805239243887556,,mapid_missions
6a6af8f13c4ecfd6914fb9e9,propertigo,,"Retail (toko baju, peralatan olahraga, toko elektronik, dll)",Dijual,110.39823749552352,-7.8063302082257024,,mapid_missions
6a6af8f13c4ecfd6914fb9ea,propertigo,,Rumah,Disewa,110.39797098856667,-7.809489249478148,,mapid_missions
6a6af8f13c4ecfd6914fb9eb,propertigo,,Ruko,Disewa,110.39536435097875,-7.813324588153591,,mapid_missions
6a6af8f13c4ecfd6914fb9ef,propertigo,,Rumah,Dijual,110.39876074969374,-7.8125113325988025,,mapid_missions
6a6af8f13c4ecfd6914fb9f0,propertigo,,Rumah,Disewa,110.39906188755197,-7.8109164427995665,,mapid_missions
6a6af8f13c4ecfd6914fb9f1,propertigo,,Ruko,Disewa,110.40202590894785,-7.811129714023721,,mapid_missions
6a6af8f13c4ecfd6914fb9f2,propertigo,,Ruko,Disewa,110.40219377438956,-7.812137491182014,,mapid_missions
6a6af8f13c4ecfd6914fb9f3,propertigo,,Ruko,Disewa,110.40153339880322,-7.819208274383328,,mapid_missions
6a6af8f13c4ecfd6914fb9f4,propertigo,,Ruko,Disewa,110.40118020037272,-7.819974715930854,,mapid_missions
6a6af8f13c4ecfd6914fba07,propertigo,,Ruko,Dijual,110.42213635258923,-7.821134451262878,,mapid_missions
6a6af8f13c4ecfd6914fba08,propertigo,,"Retail (toko baju, peralatan olahraga, toko elektronik, dll)",Disewa,110.40741708109289,-7.819493546042253,,mapid_missions
6a6af8f13c4ecfd6914fba09,propertigo,,Rumah,Disewa,110.40811070824117,-7.8158623034798325,,mapid_missions
6a6af8f13c4ecfd6914fba0a,propertigo,,"Retail (toko baju, peralatan olahraga, toko elektronik, dll)",Disewa,110.40901903569966,-7.8120558002026,,mapid_missions
6a6af8f13c4ecfd6914fba0b,propertigo,,Tanah,Dijual,110.40889140371195,-7.811911483901312,,mapid_missions
6a6af8f13c4ecfd6914fba0c,propertigo,,Rumah,Disewa,110.38740337980727,-7.809475990449712,,mapid_missions
6a6af8f13c4ecfd6914fba0d,propertigo,,Rumah,Dijual,110.38691797444932,-7.811512660093044,,mapid_missions
6a6af8f13c4ecfd6914fba0e,propertigo,,"Retail (toko baju, peralatan olahraga, toko elektronik, dll)",Disewa,110.38461622835518,-7.811057945511706,,mapid_missions
6a6af8f13c4ecfd6914fba0f,propertigo,,Rumah,Dijual,110.38438161950307,-7.811187236802596,,mapid_missions
6a6af8f13c4ecfd6914fba10,propertigo,,"Retail (toko baju, peralatan olahraga, toko elektronik, dll)",Disewa,110.38421030018952,-7.811111727652218,,mapid_missions
6a6af8f13c4ecfd6914fba11,propertigo,,Tanah,Dijual,110.38284671554999,-7.810686718352798,,mapid_missions
6a6af8f13c4ecfd6914fba12,propertigo,,Rumah,Dijual,110.38631474465762,-7.811455752222884,,mapid_missions
6a6af8f13c4ecfd6914fbaca,propertigo,,Kos,Disewa,110.39221795858197,-7.768716722504735,,mapid_missions
6a6af8f13c4ecfd6914fbbcd,propertigo,,Rumah,Disewa,110.35747674370828,-7.786839601581335,,mapid_missions
6a6af8f13c4ecfd6914fbbce,propertigo,,Retail FnB,Dijual,110.3581701986626,-7.789349388137836,,mapid_missions
6a6af8f13c4ecfd6914fbbcf,propertigo,,Ruko,Dijual,110.35818243808183,-7.789460118634395,,mapid_missions
6a6af8f13c4ecfd6914fbbd0,propertigo,,Tanah,Disewa,110.35905638692975,-7.789631729762419,,mapid_missions
6a6af8f13c4ecfd6914fbbd1,propertigo,,Rumah,Dijual,110.36048807977119,-7.789736461935902,,mapid_missions
6a6af8f13c4ecfd6914fbe44,propertigo,,Tanah,Dijual,110.37670672245258,-7.722022452028506,,mapid_missions
6a6af8f13c4ecfd6914fbe45,propertigo,,Tanah,Dijual,110.37760010438916,-7.720813166918549,,mapid_missions
6a6af8f13c4ecfd6914fbe46,propertigo,,Tanah,Dijual,110.37990349066183,-7.715132871207517,,mapid_missions
6a6af8f13c4ecfd6914fbe47,propertigo,,Tanah,Disewa,110.38146278728703,-7.713297834495986,,mapid_missions
6a6af8f13c4ecfd6914fbe48,propertigo,,Rumah,Disewa,110.38200480887974,-7.713387957213528,,mapid_missions
6a6af8f13c4ecfd6914fbe49,propertigo,,Tanah,Dijual,110.39666639791591,-7.6987431063280125,,mapid_missions
6a6af8f13c4ecfd6914fbe4a,propertigo,,Tanah,Dijual,110.4009803819111,-7.687373144305785,,mapid_missions
6a6af8f13c4ecfd6914fbe4b,propertigo,,Rumah,Dijual,110.40265495531975,-7.686307982688495,,mapid_missions
6a6af8f13c4ecfd6914fbe4c,propertigo,,Tanah,Disewa,110.40492060061433,-7.68120997280087,,mapid_missions
6a6af8f13c4ecfd6914fbe4d,propertigo,,Tanah,Dijual,110.4089189814951,-7.674647769911691,,mapid_missions
6a6af8f13c4ecfd6914fbe4e,propertigo,,Rumah,Dijual,110.40876978394391,-7.674432243462516,,mapid_missions
6a6af8f13c4ecfd6914fbe4f,propertigo,,Ruko,Dijual,110.41305475836288,-7.663009167073339,,mapid_missions
6a6af8f13c4ecfd6914fbe50,propertigo,,Tanah,Dijual,110.41357494814514,-7.660763144890368,,mapid_missions
6a6af8f13c4ecfd6914fbe51,propertigo,,Tanah,Dijual,110.41383998829633,-7.659960307095151,,mapid_missions
6a6af8f13c4ecfd6914fbe52,propertigo,,Tanah,Dijual,110.41373691400042,-7.659564386907238,,mapid_missions
6a6af8f13c4ecfd6914fbe53,propertigo,,Tanah,Dijual,110.41379001872929,-7.659301231433956,,mapid_missions
6a6af8f13c4ecfd6914fbe54,propertigo,,Tanah,Dijual,110.41590438095227,-7.6574105276477065,,mapid_missions
6a6af8f13c4ecfd6914fbe55,propertigo,,Tanah,Dijual,110.41726872624781,-7.654018837935557,,mapid_missions
6a6af8f13c4ecfd6914fbe56,propertigo,,Tanah,Dijual,110.42602519749897,-7.625163627519499,,mapid_missions
6a6af8f13c4ecfd6914fbe57,propertigo,,Tanah,Dijual,110.42845784026196,-7.624272640408851,,mapid_missions
6a6af8f13c4ecfd6914fbe58,propertigo,,Tanah,Dijual,110.45454326118806,-7.620107631134856,,mapid_missions
6a6af8f13c4ecfd6914fbe59,propertigo,,Tanah,Dijual,110.42856189669214,-7.671819090976444,,mapid_missions
6a6af8f13c4ecfd6914fbe5a,propertigo,,Tanah,Dijual,110.42805658094431,-7.673607805791195,,mapid_missions
6a6af8f13c4ecfd6914fbe5b,propertigo,,Rumah,Disewa,110.41923005021698,-7.691732541165307,,mapid_missions
6a6af8f13c4ecfd6914fbe5c,propertigo,,Tanah,Dijual,110.41042351114555,-7.708105933399994,,mapid_missions
6a6af8f13c4ecfd6914fbe5d,propertigo,,Tanah,Disewa,110.40828770258292,-7.711767341201935,,mapid_missions
6a900aa8feb918c6aef165f6,struckgo,Aciq Minimarket,Minimarket/supermarket,,110.36550202388293,-7.772064174048648,,mapid_missions
6a818a240f19727ae9aa780c,struckgo,Alfamart,Minimarket/supermarket,,110.41669739999998,-7.698454400000015,,mapid_missions
6a818a240f19727ae9aa780e,struckgo,Alfamart,Minimarket/supermarket,,110.41669739999998,-7.698454400000015,,mapid_missions
6a852a45a0afb84463f9cdf0,struckgo,Alfamart,Minimarket/supermarket,,110.36143649999997,-7.7897893999999965,,mapid_missions
6a8d67a5872d148e0d5a122d,struckgo,Aurel Juice,Warung/kaki lima,,110.36373898178579,-7.7714375724024745,,mapid_missions
6a6af8f23c4ecfd6914fc033,struckgo,Ayam Bakar Artomoro,Restoran,,110.37844741622888,-7.732129857583857,,mapid_missions
6a6af8f33c4ecfd6914fc26f,struckgo,Ayam Bakar Artomoro,Restoran/kafe,,110.3783705095924,-7.731900005485156,,mapid_missions
6a6af8f23c4ecfd6914fc03d,struckgo,Ayam Bebek Mbok Mey & Xia Dimsum,Restoran,,110.39363453695114,-7.763056184611926,,mapid_missions
6a6af8f23c4ecfd6914fc03f,struckgo,Ayam Geprek Bu Rini Pandega Marta,Restoran,,110.37686429942124,-7.755880482722731,,mapid_missions
6a89c787e4dbc3e83b85fdbd,struckgo,Ayam geprek mbak ayu jlagran,E-commerce,,110.36516584169453,-7.770965934762972,,mapid_missions
6a6af8f23c4ecfd6914fc0c9,struckgo,Ayam Goreng Bu Ranti,Restoran/kafe,,110.42612041620418,-7.831679557880761,,mapid_missions
6a6af8f23c4ecfd6914fc041,struckgo,Ayam Goreng Pak SIP,Warung,,110.38160117181775,-7.765915374139482,,mapid_missions
6a8f0d8680d0b2d558774955,struckgo,Batagor Aditya,Warung/kaki lima,,110.36816778941176,-7.773420922770564,,mapid_missions
6a6af8f23c4ecfd6914fc006,struckgo,Bubur Ayam Bandung Mandiri,Kaki Lima/street food,,110.37471607661956,-7.7602377356305965,,mapid_missions
6a83d8c6a0afb84463f9cd74,struckgo,Bubur ayam braling,Warung/kaki lima,,110.37331499999993,-7.770253299999976,,mapid_missions
6a83d8c6a0afb84463f9cd75,struckgo,Bubur ayam braling,Warung/kaki lima,,110.37331499999993,-7.770253299999976,,mapid_missions
6a83d8c6a0afb84463f9cd76,struckgo,Bubur ayam braling,Warung/kaki lima,,110.37331499999993,-7.770253299999976,,mapid_missions
6a852a45a0afb84463f9cdf1,struckgo,CFC Satsiun tugu,Warung/kaki lima,,110.3631767,-7.789638299999973,,mapid_missions
6a915c2980779b48fb578f22,struckgo,Dika.id Store,E-commerce,,110.37375997635718,-7.774090086557525,,mapid_missions
6a6af8f23c4ecfd6914fc086,struckgo,Dings,Kafe,,110.58713042147554,-7.951158018983975,,mapid_missions
6a915c2980779b48fb578f26,struckgo,GoRide,Transportasi,,110.37375997635718,-7.774090086557525,,mapid_missions
6a915c2980779b48fb578f27,struckgo,GoRide,Transportasi,,110.37375997635718,-7.774090086557525,,mapid_missions
6a89c787e4dbc3e83b85fdbe,struckgo,GrabBike Hemat,Transportasi,,110.3654037,-7.771209800000006,,mapid_missions
6a89c787e4dbc3e83b85fdc0,struckgo,GrabBike Hemat,Transportasi,,110.36521089999997,-7.771106099999982,,mapid_missions
6a6af8f23c4ecfd6914fc036,struckgo,Gudeg Bu Ika,Kaki Lima/street food,,110.38022581149056,-7.76618572025815,,mapid_missions
6a6af8f23c4ecfd6914fc166,struckgo,Halte Library Cafe,Restoran/kafe,,110.35503831622725,-7.821574657866208,,mapid_missions
6a6af8f23c4ecfd6914fc088,struckgo,Hayati,Kafe,,110.39213960553633,-7.781267251279445,,mapid_missions
6a6af8f23c4ecfd6914fc020,struckgo,Hou Kie,Restoran,,110.40379581614633,-7.762049557657122,,mapid_missions
6a818a240f19727ae9aa77f8,struckgo,Indomaret,Minimarket/supermarket,,110.41507419999999,-7.701120399999959,,mapid_missions
6a818a240f19727ae9aa77f9,struckgo,Indomaret,Minimarket/supermarket,,110.4150570883898,-7.701108642901289,,mapid_missions
6a818a240f19727ae9aa77fa,struckgo,Indomaret,Minimarket/supermarket,,110.4150570883898,-7.701108642901289,,mapid_missions
6a818a240f19727ae9aa77fb,struckgo,Indomaret,Minimarket/supermarket,,110.4150570883898,-7.701108642901289,,mapid_missions
6a818a240f19727ae9aa77fc,struckgo,Indomaret,Minimarket/supermarket,,110.4150570883898,-7.701108642901289,,mapid_missions
6a818a240f19727ae9aa77fe,struckgo,Indomaret,Minimarket/supermarket,,110.4150570883898,-7.701108642901289,,mapid_missions
6a818a240f19727ae9aa77ff,struckgo,Indomaret,Minimarket/supermarket,,110.41505999999998,-7.701223300000012,,mapid_missions
6a8f0d8680d0b2d558774956,struckgo,Kantin Al Barokah,Warung/kaki lima,,110.36530031403038,-7.770912545579671,,mapid_missions
6a89c787e4dbc3e83b85fdc1,struckgo,Kantin Al-Barokah Yogyakarta,Warung/kaki lima,,110.36528472417967,-7.771064967959106,,mapid_missions
6a6af8f23c4ecfd6914fbfe8,struckgo,Kedai Makan Mbak Pesta,Restoran,,110.42273728039504,-7.669396383914744,,mapid_missions
6a6af8f23c4ecfd6914fc02b,struckgo,Kopi Tempuran,Kafe,,110.33965791618175,-7.835689757934631,,mapid_missions
6a6af8f23c4ecfd6914fc028,struckgo,Land's Chicken Geprek,Kaki Lima/street food,,110.37835992073951,-7.755514683101822,,mapid_missions
6a848185a0afb84463f9cdc6,struckgo,Lawson,Minimarket/supermarket,,110.37327089999997,-7.770509399999981,,mapid_missions
6a6af8f23c4ecfd6914fc034,struckgo,Legenda Burger,Fast Food,,110.37683403142671,-7.755797218433031,,mapid_missions
6a8d67a5872d148e0d5a1233,struckgo,Los Chicken,Restoran/kafe,,110.37798362509278,-7.763580797849313,,mapid_missions
6a6af8f23c4ecfd6914fc1cc,struckgo,Luwe Ricebowl,Warung/kaki lima,,110.37181008606353,-7.77712666414871,,mapid_missions
6a6af8f23c4ecfd6914fc05c,struckgo,Mangut Lele Yu Temu,Warung,,110.33975041617805,-7.8379495579391545,,mapid_missions
6a89c787e4dbc3e83b85fdbf,struckgo,Manna resto,E-commerce,,110.3654037,-7.771209800000006,,mapid_missions
6a6af8f23c4ecfd6914fc039,struckgo,Mie Ayam & Bakso Woyo-Woyo,Warung,,110.37463027432057,-7.760221637855651,,mapid_missions
6a6af8f23c4ecfd6914fc00e,struckgo,Mie Ayam Afui,Warung,,110.37793212541231,-7.763686050957304,,mapid_missions
6a6af8f23c4ecfd6914fc02e,struckgo,Mie Ayam Bakso Pak Sulis,Warung,,110.37310041253943,-7.7619895689069125,,mapid_missions
6a915c2980779b48fb578f20,struckgo,Mie Gacoan,Restoran/kafe,,110.37375997635718,-7.774090086557525,,mapid_missions
6a6af8f33c4ecfd6914fc1ff,struckgo,Nasi Kuning Mbah Jo,Restoran/kafe,,110.41121420000002,-7.773730500000018,,mapid_missions
6a6af8f23c4ecfd6914fc02c,struckgo,Penyetan Mbak Endah,Warung,,110.37199115264559,-7.7566353293502885,,mapid_missions
6a8f0d8680d0b2d558774967,struckgo,Raden Store Official Store,E-commerce,,110.3652151,-7.771091400000006,,mapid_missions
6a818a240f19727ae9aa7803,struckgo,Raja minong,Warung/kaki lima,,110.41464759999997,-7.70128970000001,,mapid_missions
6a818a240f19727ae9aa7804,struckgo,Raja minong,Warung/kaki lima,,110.41464759999997,-7.70128970000001,,mapid_missions
6a818a240f19727ae9aa7802,struckgo,Rajo minong,Warung/kaki lima,,110.41464759999997,-7.70128970000001,,mapid_missions
6a6af8f23c4ecfd6914fc005,struckgo,Rizky Fried Chicken,Kaki Lima/street food,,110.37449695267009,-7.759861729349694,,mapid_missions
6a6af8f23c4ecfd6914fc00d,struckgo,Selera Pandega,Warung,,110.37375866863334,-7.756474985398654,,mapid_missions
6a89c787e4dbc3e83b85fdb9,struckgo,Star Sealer Shop,E-commerce,,110.36516584169453,-7.770965934762972,,mapid_missions
6a6af8f23c4ecfd6914fc08e,struckgo,Tempo gelato,Restoran,,110.37980771369666,-7.763018491276654,,mapid_missions
6a6af8f23c4ecfd6914fc009,struckgo,The Rock Burger,Restoran,,110.39305285262117,-7.791699929397609,,mapid_missions
6a6af8f23c4ecfd6914fc08b,struckgo,Turi Coffee & Eatery,Kafe,,110.33859951624106,-7.843574657972681,,mapid_missions
6a82dba81186929074b8b2f8,struckgo,Warmindo Ayunda,Warung/kaki lima,,110.40767169999998,-7.761211700000003,,mapid_missions
6a842d25a0afb84463f9cd9d,struckgo,Warmindo kang aswp,Warung/kaki lima,,110.33836500000007,-7.770181699999976,,mapid_missions
6a6af8f23c4ecfd6914fbfee,struckgo,Waroenh Tengkleng Gadjah,Restoran,,110.40554664981659,-7.730021302393695,,mapid_missions
6a82dba81186929074b8b2f9,struckgo,Warung Ayunda,Warung/kaki lima,,110.40767169999998,-7.761211700000003,,mapid_missions
6a833008a0afb84463f9cd43,struckgo,Warung cak wanto,Warung/kaki lima,,110.39336830000002,-7.7965267,,mapid_missions
6a833008a0afb84463f9cd45,struckgo,Warung cak wanto,Warung/kaki lima,,110.39336830000002,-7.7965267,,mapid_missions
6a833008a0afb84463f9cd46,struckgo,Warung cak wanto,Warung/kaki lima,,110.39336830000002,-7.7965267,,mapid_missions
6a8b1907e4dbc3e83b85fde8,struckgo,Warung Langgananku Kraton,Warung/kaki lima,,110.36253834955056,-7.812032653762675,,mapid_missions
6a81de870f19727ae9aa782b,struckgo,Warung makan 4 putra,Restoran/kafe,,110.37401490000002,-7.767244600000018,,mapid_missions
6a81de870f19727ae9aa782c,struckgo,Warung makan bu nur,Restoran/kafe,,110.37401490000002,-7.767244600000018,,mapid_missions
6a6af8f23c4ecfd6914fc01f,struckgo,Warung Makan Pak Imam,Warung,,110.37309928216985,-7.761975151916857,,mapid_missions
6a6af8f23c4ecfd6914fc035,struckgo,Warung Makan Piring Ibu,Warung,,110.38146314865423,-7.765911189585481,,mapid_missions
6a6af8f23c4ecfd6914fc043,struckgo,Warung Makan Piring Ibu,Warung,,110.38145962136514,-7.765919193175037,,mapid_missions
6a6af8f23c4ecfd6914fc044,struckgo,Warung Makan Piring Ibu,Warung,,110.38146605189468,-7.765927341796683,,mapid_missions
6a6af8f23c4ecfd6914fc045,struckgo,Warung Makan Piring Ibu,Warung,,110.38146605189468,-7.765927341796683,,mapid_missions
6a81de870f19727ae9aa7829,struckgo,Warung pak agung,Restoran/kafe,,110.37401490000002,-7.767244600000018,,mapid_missions
6a6af8f23c4ecfd6914fbfe9,struckgo,Warung Sate Kambing & Ayam Pak Jogo,Restoran,,110.40221631019648,-7.7983360453456925,,mapid_missions
6a6af8f23c4ecfd6914fbfe4,struckgo,Warung Soto Kadipiro,Restoran,,110.34632918873206,-7.800785621428204,,mapid_missions
