Jalur,Jumlah Armada,Rute,Jam Operasional,Rute Yang Dilewati
1A,9,Terminal Prambanan - Halte Malioboro 3,05.30 - 20.30,Terminal Prambanan - TPB Edotel Kalasan 2 - RS Bhayangkara - Portable Pasar Kalasan - Cupuwatu - Halte Jl. Solo KR 2 - Halte TJ Bandara Adisucipto - Halte Hyundai - Halte Jl. Solo (Jayakarta) - Halte Janti Selatan (Bawah Jembatan) - Halte Ambarukmo - Halte Gedung Wanita - Halte LPP - Halte Superindo Urip Sumoharjo - Halte RS Bethesda - Halte Sudirman Bumiputera - Halte Mangkubumi 1 - Halte Mangkubumi 2 - Eks Menara Kopi (Utara) - Halte Kridosono - Eks Menara Kopi (Selatan) - Halte Malioboro 1 - Halte Malioboro 2 (Kepatihan) - Halte Malioboro 3 - Taman Pintar - TPB Jl. Mayor Suryotomo 1 - Halte Progo - Halte Jl. Mataram Hotel Akur - Portable Teras Malioboro 2 - Eks Menara Kopi (Utara) - Halte Kridosono - Halte TJ YKPN - TPB Demangan - Halte TJ Solo (SMA Debrito) - Ambarukmo Plaza 2 - Halte Janti Selatan (Bawah Jembatan) - Halte Janti Utara - TPB Manna Kampus- Transmart Maguwo - Kantor Wilayah DJPb - Halte Jl. Solo Maguwo - Halte TJ Bandara Adisucipto - TPB Makam Sorogenen - TPB Jl. Solo KR 1 - BPD Kalasan - TPB Jl. Solo Kalasan - TPB Rs. Bhayangkara - TPB Edotel Kalasan 1 - Terminal Prambanan
1B,7,Halte Ngabean - Bandara Adi Sutjipto,05.30 - 20.30,Halte Ngabean - Halte KHA Dahlan (Utara) - Taman Pintar - Pakualaman - Taman Makam Pahlawan (Utara) - Makam Gajah (Utara) - SGM Kusumanegara (Utara) - Gedung Juang 45 - JEC - Blok O - Halte Janti Utara - TPB Manna Kampus - Transmart Maguwo – Kantor Wilayah DJPb – Halte Jl. Solo Maguwo - Halte TJ Bandara Adisucipto - Halte Hyundai - Halte Jl. Solo (Jayakarta) - Halte Janti Utara - Halte Mall Sahid J-Walk - TPB Tambak Bayan 1 - TPB Ruko Babarsari - Kledokan - Pasar Angkasa (Timur) - Halte RS dr.S.HARDJOLUKITO - Wonocatur - TPB BKPM DIY - Halte Kusumanegara (Gembira Loka) - Halte SGM Kusumanegara (Selatan) - TPB Makam Gajah (Selatan) - Taman Makam Pahlawan (Selatan) - Pasar Sentul (Selatan) - Museum Biologi - Suryotomo - Progo - Jl. Mataram Hotel Akur - Portable Teras Malioboro 2 - Halte Abu Bakar Ali - Abadi Hotel Jogja - Stasiun Yogyakarta - Jlagran - Letjen Suprapto - SDN Gedong Tengen - KS Tubun - Halte Ngabean
2A,6,Terminal Condong Catur - Halte Malioboro 3,05.30 - 20.30,Terminal Condong Catur - TPB RRU Manggung - Monjali (Selatan) - Terminal Jombor - Monjali (Utara) - PDAM Monjali - SPBU Monjali (Timur) - Karangjati (Timur) - Batas Kota Jl. Monjali Timur - Halte A.M. Sangaji (Timur) - Pasar Kranggan (Timur) - Halte Mangkubumi 1 - Halte Mangkubumi 2 - Eks Menara Kopi (Utara) - Halte Kridosono - Eks Menara Kopi (Selatan) - Halte Malioboro 1 - Halte Malioboro 2 (Kepatihan) - Halte Malioboro 3 - Taman Pintar - Jogjatronik - TPB Katamso 1 (Purawisata) - SDN Kintelan - Halte Kol.Sugiono 1 (Pujokusuman) - Eks STIE Kerjasama - Halte Rsi Hidayatullah - TPB Gambiran 2 Jl. Veteran Kota - Jl. Perintis Kemerdekaan - Halte Ngeksigondo Diklat Pu - TPB SMP 9 Kota - Halte Gedong Kuning - TPB Pilar 1 Gedong Kuning Kota - TPB Banguntapan 1 Gedong Kuning - Gembira Loka - SGM Kusumanegara (Selatan) - Makam Gajah (Selatan) - KPPN (Jl. Cendana) - TPB GOR Among Rogo - Halte Kenari 1 - SMP Kanisius Gayam (Barat) - TPB Eks Bioskop Mataram - Halte Kridosono - UKDW - Halte RS Bethesda - Halte TJ Cik Di Tiro 2 - TPB SMPN 1 Yogyakarta - Halte TJ Colombo (Kosudgama) - TPB Jl. Colombo (UNY) - Plaza UNY - Halte Santren - Halte Prayan (Barat) - SPBU Condongcatur (Barat) - Terminal Condong Catur
2B,8,Condong Catur - Halte Ngabean,05.30 - 20.30,Terminal Condong Catur - SPBU Condongcatur (Timur) - Halte Prayan (Timur) - TPB Susteran Novisiat - Halte Sanata Dharma - JL Colombo (Samirono) - JL Colombo (Panti Rapih) - TPB Panti Rapih - Halte Cik Di Tiro 1 - Halte Bulog - Halte Kridosono - Lempuyangan Gudang (Utara) - Stasiun Lempuyangan - TPB SMP Kanisius Gayam (Timur) - Halte TJ Kenari 2 - TPB Among Rogo Kota - Makam Gajah (Utara) - SGM Kusumanegara (Utara) - Gedung Juang 45 - Gedong Kuning Banguntapan - TPB Poltekkes BSI - TPB Kehutanan Gedongkuning - TPB SMP 9 Basen - Halte Ngeksigondo Basen - Jl. Perintis Kemerdekaan (Selatan) - TPB Gambiran 1 - TPB Jl. Veteran - Halte PSKY - TPB Pasar Sepeda Tunjungsari - Halte Sugiono 2 - TPB Purawisata - Halte Katamso 2 - Senopati - Halte KHA Dahlan (Selatan) - Halte Ngabean - TPB Pasar Serangan - Halte Cokroaminoto SMA 1 - Halte SMPN 11 - Eks Perpusda - Halte SMP N 14 - Hotel Utara - Eks Borobudur Plaza - SMK N 3 - AM Sangaji (Barat) - Batas Kota Jl. Monjali (Barat) - Karangjati (Barat) - SPBU Monjali (Barat) - PDAM Monjali (Barat) - Monjali (Selatan) - Terminal Jombor - Monjali (Utara) - Halte TJ RRU Kentungan - Terminal Condong Catur
3A,10,Terminal Condong Catur - Terminal Giwangan,05.30 - 20.30,Terminal Condong Catur - TPB RRU Manggung - Hokben Jakal (Timur) - TPB McD Jakal - Biologi UGM - Halte RS Sardjito (Timur) - FKG UGM (Utara) - Halte GIK UGM - TPB Panti Rapih - Halte Cik Di Tiro 1 - Halte Bulog - Halte Kridosono - Eks Menara Kopi (Selatan) - Halte Malioboro 1 - Halte Malioboro 2 (Kepatihan) - Halte Malioboro 3 - KHA Dahlan (Selatan) - Halte Ngabean - Portable Tamansari - TPB MT Haryono 1 (Jokteng Kulon) - TPB Jl. Mayjen Sutoyo (Plengkung Gading) - Halte Kol. Sugiono 1 (Pujokusuman) - TPB Lowanu - TPB UNU Yogyakarta - TPB Widya Wiwaha 1 - TPB Sorogenen (Wirosaban) - TPB Tegal Turi 1 - TPB Gudang SGM 2 - TPB Pasar Giwangan 2 - Terminal Giwangan - TPB Pasar Giwangan 1 - TPB Gudang SGM - Halte Tegal Gendu 1 - TPB Lapangan Karang - TPB SMA 5 - Halte Gedong Kuning - TPB Pilar 1 Gedong Kuning Kota - TPB Banguntapan 1 Gedong Kuning - Halte JEC - Halte Blok O (RS Hardjolukito) - Halte Janti Utara - TPB Manna Kampus - Transmart Maguwo - Kantor Wilayah DJPb - Halte Jl. Solo Maguwo - Halte TJ Bandara Adisucipto - Kantor Kesehatan Pelabuhan Yogya - TJ RRU Disnaker - Halte RRU Instiper 2 - TPB Polsek Depok Timur - Halte UPN Veteran - Pakuwon Mall (Selatan) - Terminal Condong Catur
3B,9,Terminal Giwangan - Condong Catur,05.30 - 20.30,Terminal Giwangan - TPB Pasar Giwangan 1 - TPB Gudang SGM - TPB Tegal Turi 2 - Halte Nitikan - TPB Widya Wiwaha 2 - TPB PA Muhammadiyah - Halte Sugiono 2 - Portabel Jl. Mayjen Sutoyo (Jokteng Wetan) - Portabel Jl. Mayjen Sutoyo (Pasar Gading) - Halte MT Haryono 2 (SMA N 7) - Portabel Tejokusuman (Tamansari) - Halte Ngabean - Halte KHA Dahlan (Utara) - Portabel Bhayangkara - Portabel Pasar Pathuk - Sosrowijayan - Stasiun Yogyakarta - Jlagran - Eks Perpusda - Halte SMP N 14 - Halte Pasar Kranggan - Halte Sudirman (Santika) - Halte TJ Cik Di Tiro 2 - TPB SMPN 1 Yogyakarta - Vokasi UGM - FKG UGM (Selatan) - Halte RS Sardjito (Barat) - MM UGM - TPB Hotel Vidi Jakal - Hokben Jakal (Barat) - Halte TJ RRU Kentungan - Terminal Condong Catur - Pakuwon Mall (Utara) - JIH - Halte Stikes Guna Bangsa - TPB Polsek Depok Timur - TPB RRU Instiper 1 - TPB SMK Tajem Ringroad Utara - Halte TJ RRU (Binamarga) - Halte Jl. Solo Maguwo - Halte TJ Bandara Adisucipto - Halte Hyundai - Halte Jl. Solo (Jayakarta) - Pasar Angkasa (Timur) - RS Hardjolukito - Wonocatur - BKPM - Gedong Kuning Banguntapan - TPB Poltekkes BSI - TPB Kehutanan Gedongkuning - TPB Pegadaian - TPB Lap. Karang Kotagede - Halte TJ Tegal Gendu 2 - TPB Gudang SGM 2 - TPB Pasar Giwangan 2 - Terminal Giwangan
4A,4,Terminal Giwangan - RSUP Sardjito,05.30 - 20.30,Terminal Giwangan – TPB Pasar Giwangan 1 – TPB Gudang SGM – Halte Muhammadiyah 3 – TPB Jl. Pramuka – TPB Pasar Sepeda Tunjungsari – Nyutran Tamansiswa – Wirogunan (Barat) – Pasar Sentul (Selatan) - Museum Biologi – Hayam Wuruk (Barat) – TPB Pasar Lempuyangan - Stasiun Lempuyangan – Halte Krisdosono – UKDW – Halte RS Bethesda – Halte TJ Cik Di Tiro 2 – TPB SMPN 1 Yogyakarta – Vokasi UGM – FKG UGM (Selatan) – Halte RS Sardjito (Barat) – MM UGM – TPB Hotel Vidi Jakal - Hokben Jakal (Barat) - Halte TJ RRU Kentungan - Terminal Condong Catur - SPBU Condongcatur (Timur) - Prayan (Timur) - Susteran Novisiat - Halte Sanata Dharma - Pasar Demangan - TPB Demangan - Halte TJ Solo (SMA De Britto) - UIN Sunan Kalijaga (Barat) - APMD (Timur) - Timoho (Timur) - SMK N 5 (Utara) - SGM Kusumanegara (Selatan) - UTY Glagahsari (Timur) - Makam Prajurit (Timur) - Halte PSKY - Halte TJ Univeristas Ahmad Dahlan - TPB Gudang SGM 2 - TPB Pasar Giwangan 2 - Terminal Giwangan
4B,4,Terminal Giwangan - UGM,05.30 - 20.30,TPB Pasar Giwangan 1 - TPB Gudang SGM - Halte Muhammadiyah 3 - Halte TJ Universitas Ahmad Dahlan - TPB Jl. Pramuka - Pandeyan (Barat) - UTY Glagahsari (Barat) - Olive Glagahsari (Barat) - SGM Kusumanegara (Utara) - SMK N 5 (Selatan) - Timoho (Barat) - APMD (Barat) - UIN Sunan Kalijaga (Timur) - Halte Gedung Wanita - RRI Gejayan - Plaza UNY - Santren - Prayan (Barat) - SPBU Condongcatur (Barat) - Terminal Condong Catur - TPB RRU Manggung - Hokben Jakal (Timur) - TPB Mcd Jakal - Biologi UGM - Halte RS Sardjito (Timur) - FKG UGM (Utara) - Halte GIK UGM - MAN 1 Yogyakarta - Halte PDIN C Simanjuntak - Halte Bulog - Halte Kridosono - Lempuyangan Gudang (Utara) - Hayam Wuruk (Timur) - Pakualaman - Wirogunan (Timur) - STSRD Visi Tamansiswa - Eks STIE Kerjasama - Halte TJ Universitas Ahmad Dahlan - TPB Gudang SGM 2 - TPB Pasar Giwangan 2 - Terminal Giwangan
5A,5,Terminal Jombor - Ambarukmo,05.30 - 20.30,Terminal Jombor - Indogrosir - Jogja City Mall (Timur) - Atakrib Jl. Magelang - TPB TVRI (Timur) - Karangwaru (Timur) - Eks Borobudur Plaza - SMK N 3 - Fisipol UGM (Barat) - TPB Panti Rapih - Halte Cik Di Tiro 1 - Halte Bulog - Halte Kridosono - Halte TJ YKPN - TPB Demangan - Halte TJ Solo (SMA De Britto) - Ambarukmo Plaza 2 - Halte Janti Selatan (Bawah Jembatan) - Halte Janti Utara - Halte Mall Sahid J-Walk - TPB Tambak Bayan 1 - TPB Ruko Babarsari - STIE YKPN (Barat) - Halte UPN Veteran - Pakuwon Mall (Selatan) - Terminal Condong Catur - TPB RRU Manggung - Hokben Jakal (Timur) - TPB McD Jakal - FKG UGM (Selatan) - Halte RS Sardjito (Barat) - Teknik UGM (Selatan) - SPBU Monjali (Barat) - PDAM Monjali (Barat) - Monjali (Selatan) - Terminal Jombor
5B,4,Terminal Jombor - Bandara Adi Sutjipto,05.30 - 20.30,Terminal Jombor - Monjali (Utara) - PDAM Monjali - SPBU Monjali (Timur) - Teknik UGM (Utara) - Halte RS Sardjito (Timur) - FKG UGM (Utara) - TPB Hotel Vidi Jakal - Hokben Jakal Barat - Halte TJ RRU Kentungan - Terminal Condong Catur - Pakuwon Mall (Utara) - JIH - Halte Stikes Guna Bangsa - STIE YKPN (Timur) - SMP N 4 Depok - Dishub DIY - TPB Manna Kampus - Transmart Maguwo - Kantor Wilayah DJPb - Halte Jl. Solo Maguwo - Halte TJ Bandara Adisucipto - Halte Hyundai - Halte Jl. Solo (Jayakarta) - Halte Janti Selatan (Bawah Jembatan) - Halte Ambarukmo - Halte Gedung Wanita - Halte LPP - Halte Superindo Urip Sumoharjo - Halte RS Bethesda - Halte Bulog - Halte Kridosono - TPB Suroto 1 - Halte TJ Cik Di Tiro 2 - TPB SMPN 1 Yogyakarta - Fisipol UGM (Timur) - SMP N 6 - Kricak - Karangwaru (Barat) - TVRI (Barat) - Daytrans Jl. Magelang - Jogja City Mall (Barat) - MMTC Yogya - Terminal Jombor
6,6,Halte Gamping (Ambarketawang) - Halte Malioboro 3,05.30 - 20.30,Park and Ride Gamping - PKU Gamping - Pasar Gamping (Utara) - Portabel BSI - TPB UMY 2 - TPB BRI UMY - TPB Universitas Alma Ata - Jadan 2 - TPB Kasihan - TPB Simpang Diklat DIY - TPB Gedung Madu Candhya 2 - SMAN 1 Kasihan (Barat) - TPB SMK Seni 2 - Pasar Legi Yogyakarta - Muallimin (Utara) - Portabel Tejokusuman (Tamansari) - Halte Ngabean - KHA Dahlan (Utara) - Taman Pintar - TPB Jl. Mayor Suryotomo - Progo - Jl. Mataram Hotel Akur - Portable Teras Malioboro 2 - Halte Malioboro 1 - Halte Malioboro 2 (Kepatihan) - Halte Malioboro 3 - KHA Dahlan (Selatan) - Halte Ngabean - Muallimin (Selatan) - TPB Pasar Legi - TPB SMK Seni 1 - SMAN 1 Kasihan (Timur) - TPB Gedung Madu Candhya 1 - TPB Ponpes Hamatul Quran - TPB Lap. Kasihan - Jadan 1 - TPB Apotek Muji Sehat - TPB UMY 1 - TPB AMIK BSI - Pasar Gamping (Selatan) - BPD Gamping (Selatan) - Park and Ride Gamping
8,6,Terminal Jombor - Halte Ngabean,05.30 - 20.30,Terminal Jombor - Portabel UTY Ringroad Utara 2 - Portable Dusun Ngawen - Portabel Westlake 2 - RS Queen Latifa - Perumahan Nogotirto - Portabel Simpang Demak Ijo - Simpang Godean Nogotirto - Kantor Pos Demak Ijo - SDN 1 Demak Ijo - Pasar Tlogorejo - Portabel McD Godean - Portabel Soragan 1 - Badan Kepegawaian DI Yogyakarta - Pasar Pingit (Utara) - Halte Pasar Krangan - Halte Mangkubumi 1 - Halte Mangkubumi 2 - Eks Menara Kopi (Utara) - Halte Kridosono - Eks Menara Kopi (Selatan) - Halte Malioboro 1 - Halte Malioboro 2 (Kepatihan) - Halte Malioboro 3 - Halte KHA Dahlan (Selatan) - Halte Ngabean - KHA Dahlan (Utara) - Bhayangkara - Pasar Pathuk - Sosrowijayan - Stasiun Yogyakarta - Jlagran - Eks Perpusda - Halte SMP N 14 - Pasar Pingit (Selatan) - BKD (Selatan) - Portabel Soragan 2 - Portabel Dentes (Ruko Godean) - Pasar Tlogorejo 2 - SDN 1 Demak Ijo 2 - Kantor Pos Demak Ijo 2 - Halte Simpang Nogotirto - Kompi Senapan-C (Selatan) - Portabel Total Security (SP Demak Ijo) - SMP 3 Gamping - TPB UNISA - Portabel Westlake 1 - Portabel UTY Ringroad Utara 1 - Terminal Jombor
9,6,Terminal Giwangan - Terminal Jombor,05.30 - 20.30,Terminal Giwangan - TPB UAD Ringroad Selatan 2 - TPB Simpang Wojo 1 - Salakan Druwo - Jogokariyan - Portabel Jl. Mayjen Sutoyo (Jokteng Wetan) - Portabel Jl. Mayjen Sutoyo (Pasar Gading) - Halte MT Haryono 2 (SMA N 7) - Portabel Tejokusuman (Tamansari) - Halte Ngabean - TPB Pasar Serangan - Halte Cokroaminoto SMA 1 - Halte SMPN 11- Eks Perpusda - Halte SMP N 14 - Hotel Utara - Kricak - Karangwaru (Barat) - TVRI (Barat) - Daytrans Jl. Magelang - Jogja City Mall (Barat) - MMTC Yogya - Terminal Jombor - Indogrosir - Jogja City Mall (Timur) - Atakrib Jl. Magelang - TPB TVRI (Timur) - Karangwaru (Timur) - Hotel Utara (Timur) - Halte Samsat - Halte Saudagaran - Halte SMA 1 Yogyakarta - TPB RE Martadinata - Halte Ngabean - Portable Tamansari - TPB MT Haryono 1 (Jokteng Kulon) - TPB Jl. Mayjen Sutoyo (Plengkung Gading) - Halte Hotel Noola - Portabel Jogokaryan Kimia Farma 1 - Portabel Druwo - TPB UAD Ringroad Selatan 1 - Terminal Giwangan
10,7,Park Gamping - Kusumanegara,05.30 - 20.30,Park and Ride Gamping - PKU Gamping - Pasar Gamping (Utara) - Palem Gurih - TPB Ruko Bayeman 2 - TPB Museum Bahari 2 - SMP Muhammadiyah 3 - GKJ Wirobrajan (Timur) - Muallimin (Utara) - Portabel Tejokusuman (Tamansari) - Halte Ngabean - KHA Dahlan (Utara) - Taman Pintar - Suryotomo - Progo - Jl. Mataram Hotel Akur - Portable Teras Malioboro 2 - Eks Menara Kopi (Utara) - Halte Kridosono - Lempuyangan Gudang (Utara) - Stasiun Lempuyangan - Tarumartani (Utara) - Mako Lanal Yogyakarta - Timoho (Timur) - SMK N 5 (Utara) - SGM Kusumanegara (Selatan) - Timoho (Barat) - TPB TNI AL 1 - TPB Tarumartani - SMP Kanisius Gayam (Timur) - Jl. Mataram Hotel Akur - Portable Teras Malioboro 2 - Halte Malioboro 1 - Halte Malioboro 2 (Kepatihan) - Halte Malioboro 3 - KHA Dahlan (Selatan) - Halte Ngabean - Muallimin (Selatan) - SMA Muhammadiyah 3 - TPB Wirobrajan 1 - TPB Museum Bahari 1 - TPB Ruko Bayeman 1 - TPB Pelem Gurih - Pasar Gamping (Selatan) - BPD Gamping (Selatan) - Park and Ride Gamping
11,5,Terminal Giwangan - RS Panti Rapih,05.30 - 20.30,Terminal Giwangan - TPB UAD Ringroad Selatan 2 - Randubelang (Barat) - TPB Pasar Telo 1 - Jogokariyan - TPB Hotel Pramesthi - TPB Ruba Graha 1 - Suryodiningratan (Barat) - Halte MT Haryono 2 (SMAN 7) - Portabel Tejokusuman (Tamansari) - Halte Ngabean - TPB Pasar Serangan - Halte Cokroaminoto SMA 1 - Halte SMPN 11 - Eks Perpusda - Halte SMP N 14 - Halte Pasar Kranggan - Halte Sudirman (Santika) - Halte TJ Cik Di Tiro 2 - TPB SMPN 1 Yogyakarta - TPB Panti Rapih - Halte Cik Di Tiro 1 - Halte Bulog - Halte Kridosono - Halte TJ Kotabaru - Halte Sudirman Bumiputera - Halte TJ Diponegoro - Halte Samsat - Halte Saudagaran - Halte SMA 1 Yogyakarta - TPB RE Martadinata - Halte Ngabean - Portable Tamansari - TPB MT Haryono 1 (Jokteng Kulon) - Suryodiningratan (Timur) - TPB Ruba Graha 2 - Portabel Jogokaryan Kimia Farma 1 - TPB Pasar Telo 2 - Randubelang (Timur) - TPB UAD Ringroad Selatan 1 - Terminal Giwangan
12,7,Terminal Condong Catur - Terminal Pakem,05.30 - 20.30,Terminal Condong Catur - SPBU Condongcatur (Timur) - Prayan (Timur) - Susteran Novisiat - Halte Sanata Dharma - JL Colombo (Samirono) - JL Colombo (Panti Raph) - Vokasi UGM - FKG UGM (Selatan) - Halte RS Sardjito (Barat) - MM UGM - TPB Hotel Vidi Jakal - Hokben Jakal (Barat) - Superindo Kaliurang - Pasar Kolombo - Terminal Bangunan - Simpang Palem Raya (Timur) - Kantor Camat Ngaglik - Puskesmas Ngaglik I - SMP Negeri 2 Ngaglik - Warung Sego Penyetan Banyuwangi - Wedangan Kampoeng - Simpang Besi Jangkang - Pusat Rehabilitasi YAKKUM - Boulevard UII - UII (Barat Jalan) - Simpang Dogolan - Raminten Boutique & Cafe - Dusun Kledokan (Soto Brakot) - RS Panti Nugroho - Terminal Pakem - SMPN 4 Pakem - Dusun Kledokan (Soto Brakot) 2 - Raminten Boutique & Cafe (Halte 2) - Simpang Dogolan 2 - Boulevard UII - UII (Timur Jalan) - Pusat Rehabilitasi YAKKUM (Halte 2) - Simpang Besi Jangkang 2 - Wedangan Kampoeng (Timur) - SPBU Kaliurang - SMP Negeri 2 Ngaglik (Timur) - Puskesmas Ngaglik 1 (Halte 2) - TK Bias Kaliurang - Simpang Palem Raya (Timur) - PLN Gardu Induk Kentungan - Pasar Kolombo (Timur) - Superindo Kaliurang (Halte 2) - Hokben Jakal (Timur) - TPB McD Jakal - Biologi UGM - Halte RS Sardjito (Timur) - FKG UGM (Utara) - Halte GIK UGM - Halte TJ Colombo (Kosudgama) - TPB Jl. Colombo (UNY) - Plaza UNY - Santren - Prayan (Barat) - SPBU Condongcatur (Barat) - Terminal Condong Catur
13,5,Halte Ngabean - Pusat Kuliner Belut Godean,05.30 - 20.30,Halte Ngabean - TPB Pasar Serangan - Halte Cokroaminoto SMA 1 - Halte SMPN 11 - Portabel Soragan 2 - Portabel Dentes (Ruko Godean) - Pasar Tlogorejo 2 - SDN 1 Demak Ijo 2 - Kantor Pos Demak Ijo 2 - Halte Simpang Nogotirto - Kompi Senapan-C (Selatan) - Barat Jembatan Moyudan (Toko Saerah) 2 - Kantor Desa Sidoarum - Barat Simpang Bantulan 2 - Simpang Munggur Sidomoyo - Simpang Gesikan 2 - Indomaret Klajuran - Neutron Yogyakarta Godean - Simpang Polsek Godean 2 - Koramil Godean 2 - Simpang Mandungan (Iwak Kalen) 2 - Kantor Kecamatan Godean - Pusat Kuliner Belut Godean - Kantor Kecamatan Godean (Halte 2) - Simpang Mandungan (Iwak Kalen) - Koramil Godean - Simpang Polsek Godean - Neutron Yogyakarta Godean (Halte 2) - Indomaret Klajuran - Simpang Gesikan - Simpang Munggur - Timur Simpang Bantulan - Kantor Desa Sidoarum - Barat Jembatan Moyudan (Toko Saerah) - Simpang Godean Nogotirto - Kantor Pos Demak Ijo - SDN 1 Demak Ijo - Pasar Tlogorejo - Portabel McD Godean - Portabel Soragan 1 - Badan Kepegawaian DI Yogyakarta - Pasar Pingit (Utara) - Halte Pasar Kranggan - Halte Sudirman (Santika) - Halte Bulog - Halte Kridosono - Eks Menara Kopi Selatan - Halte Malioboro 1 - Halte Malioboro 2 (Kepatihan) - Halte Malioboro 3 - KHA Dahlan (Selatan) - Halte Ngabean
14,2,Halte Bandara Adisucipto - Terminal Pakem,05.30 - 20.30,Halte TJ Bandara Adisucipto - Kantor Kesehatan Pelabuhan Yogya - TJ RRU Disnaker - SMKN 1 Depok - SD N 1 Depok - Kantor Urusan Agama Depok - MAN 2 Sleman - Kampus Unriyo - SMA Budi Mulia Dua - Indomaret Pokoh Sambiroto - Kantor Desa Wedomartani - Simpang Babadan - Simpang Selomartani - Simpang Kabunan - Halte Raya Kabunan - RS Kemasan - Dusun Kenthi - Simpang Pasar Jangkang - Puskesmas Ngemplak 2 - Tugu Batas Desa Yapah - Timur Jembatan Yapah - SMA Negeri 2 Ngaglik - Simpang Losari (Cozy) - SPBU Mindi - Lapangan Klidon - SDN Selomulyo - RSU Gramedika - Simpang Besi Jangkang - Pusat Rehabilitasi YAKKUM - Boulevard UII - UII (Barat Jalan) - Simpang Dogolan - Raminten Boutique & Cafe - Dusun Kledokan (Soto Brakot) - RS Panti Nugroho - Terminal Pakem - SD N Percobaan 3 Pakem - SMPN 4 Pakem - Dusun Kledokan (Soto Brakot) 2 - Raminten Boutique & Cafe (Halte 2) - Simpang Dogolan 2 - Boulevard UII - UII (Timur Jalan) - Pusat Rehabilitasi YAKKUM (Halte 2) - Simpang Besi Jangkang 2 - RSU Gramedika 2 - SD Negeri Selomulyo (Halte 2) - Kantor Kal. Sukoharjo - Lapangan Klidon 2 - SPBU Mindi 2 - Simpang Losari (Cozy) - SMA Negeri 2 Ngaglik (Halte 2) - Timur Jembatan Yapah 2 - Tugu Batas Desa Yapah 2 - Puskesmas Ngemplak 2 (Halte 2) - Simpang Pasar Jangkang (Halte 2) - Dusun Kenthi 2 - RS Kemasan (Halte 2) - Halte Raya Kabunan - Simpang Kabunan (Halte 2) - Simpang Selomartani 2 - Simpang Babadan 2 - Kantor Desa Wedomartani (Halte 2) - Indomaret Pokoh Sambiroto 2 - SMA Budi Mulia Dua (Halte 2) - Kampus Unriyo 2 - MAN 2 Sleman (Halte 2) - Kantor Urusan Agama Depok (Halte 2) - Pasar Stan - SMKN 1 Depok (Halte 2) - Disnakertrans DI Yogyakarta - Selokan Mataram Maguwo - Halte TJ RRU (Binamarga) - Halte Jl. Solo Maguwo - Halte TJ Bandara Adisucipto
15,11,Halte Malioboro 3 - Terminal Palbapang (B),05.30 - 20.30,Halte Malioboro 3 - KHA Dahlan (Selatan) - Halte Ngabean - Portable Tamansari - Halte Gereja Pugeran - Dukuh (Timur) - Park and Ride Dongkelan (Pasty) - Simpang Dongkelan - Pasar Niten - Simpang Kasongan - Kantor Badan Kesatuan Bangsa & Politik - Kantor Kelurahan Pendowoharjo - Halte SMP N 2 Bantul - Kantor Kapanewon Bantul - Pasar Bantul - Eks. Stasiun KA Bantul - Tugu Adipura Bantul (Polres Bantul) - Simpang Gose (Halte 1) - SD Unggulan Aisyiyah 2 - SMA N 1 Bantul I - Terminal Palbapang (B) - Halte SMA N 1 Bantul 2 - SD Unggulan Aisyiyah 1 - Simpang Gose (Halte 2) - Halte Tugu Adipura Bantul (Halte 2) - Pasar Bantul (Halte 2) - Halte BRI Cabang Bantul - Halte Karanggede - Kantor Kelurahan Pendowoharjo - Kantor Badan Kesatuan Bangsa & Politik (Halte 2) - Simpang Kasongan (Halte 2) - Pasar Niten (Halte 2) - Simpang Dongkelan (Halte 2) - TPB Pasty - Dukuh (Barat) - FIP UNY - Portabel Tejokusuman (Tamansari) - Halte Ngabean - KHA Dahlan (Utara) - Taman Pintar - Suryotomo - Progo - Jl. Mataram Hotel Akur - Portable Teras Malioboro 2 - Halte Malioboro 1 - Halte Malioboro 2 (Kepatihan) - Halte Malioboro 3
EV 3,2,Halte Terminal Jombor - Halte Malioboro 3,05.30 - 20.30,Terminal Jombor - Indogrosir - Jogja City Mall (Timur) - Atakrib Jl. Magelang - TPB TVRI (Timur) - Karangwaru (Timur) - Hotel Utara (Timur) - Halte Pasar Kranggan - Halte Mangkubumi 1 - Halte Mangkubumi 2 - Halte Malioboro 1 - Halte Malioboro 2 (Kepatihan) - Halte Malioboro 3 - Portabel Bhayangkara - Portabel Pasar Pathuk Yogyakarta - Sosrowijayan - Stasiun Yogyakarta - Jlagran - Eks Perpusda - Halte SMP N 14 - Hotel Utara - Kricak - Karangwaru (Barat) - TVRI (Barat) - Daytrans Jl. Magelang - Jogja City Mall (Barat) - MMTC Yogya - Terminal Jombor