stop_name,candidate_activity_id,candidate_name,longitude,latitude,routes,score
Jogja City Mall (B),6a82762f38bb192425f47b1b,Aksesibilitas Halte TPB Trans Jogja - JCM A,110.36176508244739,-7.753358379938787,EV3,
MMTC Yogya,6a8276c070c999b67933d100,Aksesibilitas Halte Trans Jogja - MMTC Yogyakarta,110.36207457674249,-7.753191901082519,5B|9|EV3,0.613333
Karangwaru (B),6a8287f89870dcf66e45637e,Bus Stop Halte Trans Jogja - Karangwaru,110.36120706604345,-7.7718298755167226,5B|9|EV3,1.000000
Karangwaru (Timur),6a8287f89870dcf66e45637e,Bus Stop Halte Trans Jogja - Karangwaru,110.36120706604345,-7.7718298755167226,5A|9,1.000000
Halte Superindo Urip Sumoharjo,6a8d7398eca288692ef3da8b,HALTE TAKSI URIP SUMOHARJO,110.38428667127943,-7.783115407637396,1A|5B,0.663636
APMD (Timur),6a92d19952d86e03b51dd0d3,Halte APMD A,110.39334560001697,-7.791127300004874,4A,0.680000
APMD (Barat),6a92d19952d86e03b51dd0d3,Halte APMD A,110.39334560001697,-7.791127300004874,4B,0.680000
TPB GOR Among Rogo,6a93933052d86e03b51e3201,Halte Among Rogo A,110.38480921147521,-7.798480522216252,2A,0.661538
TPB Among Rogo Kota,6a93933052d86e03b51e3201,Halte Among Rogo A,110.38480921147521,-7.798480522216252,2B,0.733333
BKD,6a8822233be6880665734fc9,Halte BKD A,110.35596291688137,-7.782405022552254,13,0.650000
BKD (Selatan),6a8822233be6880665734fc9,Halte BKD A,110.35596291688137,-7.782405022552254,8,0.650000
BPD Gamping (Selatan),6a8aa8c20d6732db988c2ee6,Halte BPD Gamping,110.31877570245945,-7.801671229224345,10|6,1.000000
Halte BRI Cabang Bantul,6a82a5f44fd70be4125ce85c,Halte BRI Bantul,110.33223962062823,-7.882134560860607,15,0.711111
Biologi UGM (S),6a8cf35c52d86e03b51a595f,Halte Biologi UGM,110.3767941399006,-7.765264836068539,12,1.000000
Halte Cik Di Tiro 1,6a8d00b0eca288692ef3728a,Halte Cik Di Tiro,110.37512734006174,-7.782377312450095,11|2B|3A|5A,0.850000
Portabel Druwo,6a8d3c3052d86e03b51a9270,Halte Druwo A,110.36646357747759,-7.833864879801714,9,0.700000
Dukuh (Timur),6a8569d6bbd0aa678bab8408,Halte Dukuh A,110.35521879380076,-7.821689730573439,15,0.700000
Dukuh (Barat),6a8569d6bbd0aa678bab8408,Halte Dukuh A,110.35521879380076,-7.821689730573439,15,0.700000
TPB Edotel Kalasan 2,6a86de220235f477d35918c3,Halte Edotel Kalasan A,110.48271546730604,-7.75677283791336,1A,0.762500
TPB Edotel Kalasan 1,6a86de220235f477d35918c3,Halte Edotel Kalasan A,110.48271546730604,-7.75677283791336,1A,0.762500
Eks Menara Kopi (S),6a86be25460277aa8415118b,Halte Eks Menara Kopi A,110.37010514084454,-7.789256599640282,13|1A|2A|3A|8,0.862500
Eks Menara Kopi (Utara),6a86be25460277aa8415118b,Halte Eks Menara Kopi A,110.37010514084454,-7.789256599640282,10|1A|2A|8,0.862500
Eks Menara Kopi Selatan,6a86be25460277aa8415118b,Halte Eks Menara Kopi A,110.37010514084454,-7.789256599640282,13,0.750000
Eks. Stasiun KA Bantul,6a82a16138bb192425f4b26e,Halte Eks Stasiun Bantul,110.32934103284327,-7.887393105175448,15,0.853846
FKG UGM (S),6a8cf57152d86e03b51a5a67,Halte FKG UGM A,110.37520499526164,-7.771397214324622,12|3B|4A|5A,0.791667
FKG UGM (U),6a8cf57152d86e03b51a5a67,Halte FKG UGM A,110.37520499526164,-7.771397214324622,12|3A|4B|5B,0.791667
TPB Gambiran 1,6a93a40452d86e03b51e3e65,Halte Gambiran A,110.39098195776171,-7.8169272310724836,2B,0.673333
Gembira Loka,6a939db0dc237a3a8a7a12dd,Halte Gembira Loka A,110.40007064518875,-7.80223291459842,2A,0.820513
Halte Gereja Pugeran,6a85639f3dbe4dacc784adca,Halte Gereja Pugeran A,110.3559019322164,-7.816596831411331,15,0.826667
TPB Gudang SGM 2,6a89347152d86e03b51847e6,Halte Gudang SGM B,110.39002507001555,-7.827243619843017,3A|3B|4A|4B,0.750000
TPB Gudang SGM,6a89347152d86e03b51847e6,Halte Gudang SGM B,110.39002507001555,-7.827243619843017,3A|3B|4A|4B,0.812121
Hayam Wuruk (Barat),6a82b0c438bb192425f4c552,Halte Hayam Wuruk A,110.3726422000492,-7.795566199997523,4A,0.816667
Hayam Wuruk (Timur),6a82b0c438bb192425f4c552,Halte Hayam Wuruk A,110.3726422000492,-7.795566199997523,4B,0.816667
Hotel Utara (T),6a86caf989acf23707a36360,Halte Hotel Utara A,110.36100149127998,-7.7797239601825225,9|EV3,0.816667
Hotel Utara,6a86caf989acf23707a36360,Halte Hotel Utara A,110.36100149127998,-7.7797239601825225,2B|9|EV3,0.816667
Hotel Utara (B),6a88263dd57440d48a1f481b,Halte Hotel Utara B,110.36085277059749,-7.780389688727766,EV3,0.816667
Jl. Mataram Hotel Akur,6a86baac0235f477d358e46e,Halte Jalan Mataram,110.36803342412259,-7.794265961281729,10|15|1A|1B|6,0.621622
Jend. Sudirman (U),6a8ba24b52d86e03b519bec8,Halte Jend. Sudirman (Santika),110.36882439062049,-7.7827849512265175,13,0.725490
Halte Sudirman (Santika),6a8ba24b52d86e03b519bec8,Halte Jend. Sudirman (Santika),110.36882439062049,-7.7827849512265175,11|3B,0.785586
JL Colombo (Samirono),6a8d39db52d86e03b51a8ece,Halte Jl. Colombo UNY,110.38656902084153,-7.777819224696188,2B,0.661538
Jlagran,6a8d7e2452d86e03b51adbe2,Halte Jlagran stasiun Tugu,110.36186320559472,-7.789706112181804,EV3,
Jogokariyan,6a8d3e30eca288692ef3a8fc,Halte Jogokariyan A,110.36772397957435,-7.8238401652126015,11|9,0.750000
KHA Dahlan (S),6a855e58bbd0aa678bab72c7,Halte KHA Dahlan A,110.36014288772952,-7.801236698318434,10|13|15|2B|3A|6|8,0.812121
KHA Dahlan (Utara),6a855e58bbd0aa678bab72c7,Halte KHA Dahlan A,110.36014288772952,-7.801236698318434,10|15|1B|3B|6|8,0.812121
Kantor Kelurahan Pendowoharjo,6a82abfd38bb192425f4bef7,Halte Kantor Kal. Pendowoharjo A,110.33947652623834,-7.863394360607018,15,0.648889
Kantor Kapanewon Bantul,6a82a4ed4fd70be4125ce721,Halte Kantor Kap. Bantul,110.33170883084773,-7.883524911426363,15,0.710000
Kompi Senapan-C (Selatan),6a881c1fd57440d48a1f3af3,Halte Kompi Senapan-C,110.33256331627194,-7.777350027437976,8,1.000000
Kosudgama (U),6a8d081852d86e03b51a643e,Halte Kosudgama,110.37864509142526,-7.776162838724844,12,1.000000
Halte TJ Colombo (Kosudgama),6a8d081852d86e03b51a643e,Halte Kosudgama,110.37864509142526,-7.776162838724844,2A,0.615385
TPB Lowanu,6a89267052d86e03b5183591,Halte Lowanu A,110.37603009886237,-7.817054694483318,3A,0.714286
Portable Teras Malioboro 2,6a85506ebbd0aa678bab6390,Halte Malioboro 2,110.36559857460782,-7.795185718747462,10|15|1A|1B|6,0.738095
Halte Malioboro 2 (Kepatihan),6a85506ebbd0aa678bab6390,Halte Malioboro 2,110.36559857460782,-7.795185718747462,10|15|1A|2A|3A|6|8|EV3,0.679167
McD Jakal (T),6a89118b52d86e03b5181907,Halte McD Jakal,110.37992598967958,-7.762818007809386,12,1.000000
Mirota Godean (U),6a881ff9d57440d48a1f3e49,Halte Mirota Godean A,110.34974498502766,-7.781089730154192,13,0.823810
Mirota Godean (S),6a881ff9d57440d48a1f3e49,Halte Mirota Godean A,110.34974498502766,-7.781089730154192,13,0.823810
Pasar Bantul,6a82a2a04fd70be4125ce466,Halte Pasar Bantul - A,110.33099059332824,-7.885181333721874,15,0.820513
Pasar Bantul (Halte 2),6a82a2a04fd70be4125ce466,Halte Pasar Bantul - A,110.33099059332824,-7.885181333721874,15,0.654118
TPB Demangan,6a8e9c3b52d86e03b51b5e70,Halte Pasar Demangan,110.38846776345031,-7.779400709828366,1A|4A|5A,0.636364
TPB Pasar Giwangan 2,6a893609478dc3b356b73fd7,Halte Pasar Giwangan B,110.39020459947233,-7.8324834343696494,3A|3B|4A|4B,0.762500
TPB Pasar Giwangan 1,6a893609478dc3b356b73fd7,Halte Pasar Giwangan B,110.39020459947233,-7.8324834343696494,3A|3B|4A|4B,0.762500
Pasar Kranggan (Timur),6a882a323be6880665735cad,Halte Pasar Kranggan Selatan,110.36565971152436,-7.7829259605858025,2A,0.733333
Halte Pasar Kranggan,6a882a323be6880665735cad,Halte Pasar Kranggan Selatan,110.36565971152436,-7.7829259605858025,11|3B|EV3,0.733333
Pasar Legi Yogyakarta,6a8a96810d6732db988c0e35,Halte Pasar Legi A,110.35020939084734,-7.809236124165178,6,0.636364
TPB Pasar Legi,6a8a96810d6732db988c0e35,Halte Pasar Legi A,110.35020939084734,-7.809236124165178,6,0.812121
Pasar Niten,6a82b6aa38bb192425f4cb20,Halte Pasar Niten B,110.35116605596033,-7.838112114882222,15,0.816667
Pasar Niten (Halte 2),6a82b6aa38bb192425f4cb20,Halte Pasar Niten B,110.35116605596033,-7.838112114882222,15,0.610000
Pasar Pingit (U),6a8824323be68806657354c9,Halte Pasar Pingit A,110.35884881664526,-7.782752724266089,13|8,0.820513
Pasar Pingit (Selatan),6a8824323be68806657354c9,Halte Pasar Pingit A,110.35884881664526,-7.782752724266089,8,0.820513
Pasar Serangan (S),6a8d470c52d86e03b51aa113,Halte Pasar Serangan A,110.3542366775277,-7.801076533486338,13,0.826667
TPB Pasar Serangan,6a8d470c52d86e03b51aa113,Halte Pasar Serangan A,110.3542366775277,-7.801076533486338,11|2B|9,0.826667
TPB Pasty,6a856783bbd0aa678bab80f3,Halte Pasty A,110.35449860903964,-7.825713953198374,15,0.700000
Plaza UNY (B),6a8e9ac146690fc6c68da2e3,Halte Plaza UNY,110.38906775739389,-7.775019362075398,12,1.000000
RS Panti Rapih (S),6a8d0a83eca288692ef377ee,Halte RS Panti Rapih,110.37822992213239,-7.776234113554651,12,1.000000
TPB Panti Rapih,6a8d0a83eca288692ef377ee,Halte RS Panti Rapih,110.37822992213239,-7.776234113554651,11|2B|3A|5A,0.794667
RS Sardjito (B),6a8ceff1eca288692ef36913,Halte RS Sardjito Barat,110.37420361014381,-7.767887440982534,12|3B|4A|5A,0.738095
SD Unggulan Aisyiyah 2,6a829b479870dcf66e457d85,Halte SD Unggulan Aisyiyah A,110.3240343098866,-7.894986058741424,15,0.812727
SD Unggulan Aisyiyah 1,6a829b479870dcf66e457d85,Halte SD Unggulan Aisyiyah A,110.3240343098866,-7.894986058741424,15,0.812727
SMAN 1 (B),6a8d49f652d86e03b51aa44c,Halte SMAN 1 A,110.35215644875063,-7.799414141999378,13,0.780952
SMA N 1 Bantul I,6a8298ab9870dcf66e457a70,Halte SMAN 1 Bantul - A,110.3229557481767,-7.897399830417839,15,0.656221
Halte SMA N 1 Bantul 2,6a8298ab9870dcf66e457a70,Halte SMAN 1 Bantul - A,110.3229557481767,-7.897399830417839,15,0.656221
SMAN 1 Kasihan (Barat),6a8a9a2252d86e03b519321f,Halte SMAN 1 Kasihan A,110.34826419609499,-7.818373736802727,6,0.860000
SMAN 1 Kasihan (Timur),6a8a9a2252d86e03b519321f,Halte SMAN 1 Kasihan A,110.34826419609499,-7.818373736802727,6,0.860000
TPB SMK Seni 2,6a8a984752d86e03b5192fa5,Halte SMK Seni A,110.34906199212219,-7.8145398572160065,6,0.740000
TPB SMK Seni 1,6a8a984752d86e03b5192fa5,Halte SMK Seni A,110.34906199212219,-7.8145398572160065,6,0.740000
TPB SMP Kanisius Gayam (Timur),6a939468dc237a3a8a7a0bf6,Halte SMP Kanisius Gayam Timur,110.37780935550774,-7.7956066832174855,10|2B,0.814286
SMPN 14,6a8ba82fa4262ae1033d0be2,Halte SMP N 14,110.3598915994072,-7.786639735892905,EV3,0.660000
SMPN 11 (B),6a8d4cbc52d86e03b51aa790,Halte SMPN 11,110.35336727286722,-7.793053560897515,13,1.000000
Halte SMP N 2 Bantul,6a82a97038bb192425f4bbad,Halte SMPN 2 Bantul A,110.33576157585333,-7.8745041194765975,15,0.671264
Samirono (S),6a92d9d852d86e03b51ddbd2,Halte Samirono,110.38753936487592,-7.77771952559074,12,1.000000
Sanata Dharma (T),6a8e970046690fc6c68d9f71,Halte Sanata Dharma,110.38929278399246,-7.775092965334977,12,1.000000
Santren (B),6a8e78f452d86e03b51b44d5,Halte Santren B,110.39233672460091,-7.765872802964594,12,0.725000
Halte Santren,6a8e78f452d86e03b51b44d5,Halte Santren B,110.39233672460091,-7.765872802964594,2A|4B,0.725000
TPB Simpang Diklat DIY,6a8a9e6b0d6732db988c19cf,Halte Simpang Diklat DIY A,110.33250482677738,-7.828828712232749,6,0.868421
Simpang Gose (Halte 1),6a829d594fd70be4125cdec8,Halte Simpang Gose A,110.32542201135317,-7.8919660119321975,15,0.654118
Simpang Gose (Halte 2),6a829d594fd70be4125cdec8,Halte Simpang Gose A,110.32542201135317,-7.8919660119321975,15,0.654118
Simpang Kasongan,6a82b53038bb192425f4c960,Halte Simpang Kasongan A,110.3445162159357,-7.846381616403178,15,0.831373
Simpang Kasongan (Halte 2),6a82b53038bb192425f4c960,Halte Simpang Kasongan A,110.3445162159357,-7.846381616403178,15,0.674286
TPB Simpang Wojo 1,6a8d399552d86e03b51a8e6c,Halte Simpang Wojo,110.37376259705007,-7.8363931103692295,9,0.820513
Sosrowijayan,6a8a69c30d6732db988bded7,Halte Sosrowijayan di Jl. Gandekan,110.36151182576276,-7.792450662486047,EV3,
Lempuyangan Gudang (Utara),6a82aa139870dcf66e458f1f,Halte Stasiun Lempuyangan,110.37746284627354,-7.790234774910843,10|2B|4B,0.655172
Teknik UGM (Selatan),6a8d0e9c52d86e03b51a67b9,Halte TPB Teknik UGM 2 (Selatan),110.3745721416305,-7.764267293478937,5A,0.812121
Halte TJ YKPN,6a82bca038bb192425f4d1ce,Halte TPB Trans Jogja - AA YKPN,110.3835311019015,-7.786178490478329,1A|5A,0.636364
Dishub DIY,6a82d0a44fd70be4125d1b6f,Halte TPB Trans Jogja - Dishub DIY A,110.41509487682555,-7.778070566219171,5B,0.812121
Karangjati (Timur),6a8435e6bb859bd06d94f987,Halte TPB Trans Jogja - Karangjati A,110.36919915726202,-7.764116001012513,2A,0.745455
Karangjati (Barat),6a8435e6bb859bd06d94f987,Halte TPB Trans Jogja - Karangjati A,110.36919915726202,-7.764116001012513,2B,0.745455
STIE YKPN (Barat),6a82d7ea4fd70be4125d2241,Halte TPB Trans Jogja - STIE YKPN A,110.41036062602092,-7.767040656408739,5A,0.806667
STIE YKPN (Timur),6a82d7ea4fd70be4125d2241,Halte TPB Trans Jogja - STIE YKPN A,110.41036062602092,-7.767040656408739,5B,0.806667
TPB Tegal Turi 1,6a893073478dc3b356b7399a,Halte Tegal Turi A,110.3871334359431,-7.825409998099445,3A,0.750000
TPB Tegal Turi 2,6a893073478dc3b356b7399a,Halte Tegal Turi A,110.3871334359431,-7.825409998099445,3B,0.750000
Portabel Tejokusuman (Tamansari),6a856ccabbd0aa678bab85c4,Halte Tejokusuman,110.35606982877533,-7.807940761615626,10|11|15|3B|6|9,0.612500
Halte A.M. Sangaji (Timur),6a843c203dbe4dacc783ecde,Halte Trans Jogja - AM Sangaji A,110.3680010204705,-7.775783749473433,2A,0.721739
AM Sangaji (Barat),6a843c203dbe4dacc783ecde,Halte Trans Jogja - AM Sangaji A,110.3680010204705,-7.775783749473433,2B,0.812121
Halte Ambarukmo,6a82c8b59870dcf66e45b513,Halte Trans Jogja - Ambarukmo A,110.40175269005846,-7.783276422768978,1A|5B,0.740000
Bandara Adisutjipto,6a8961f652d86e03b5187355,Halte Trans Jogja - Bandara Adi Sucipto,110.43609695062298,-7.784580417870302,14,0.636842
Halte TJ Bandara Adisucipto,6a8961f652d86e03b5187355,Halte Trans Jogja - Bandara Adi Sucipto,110.43609695062298,-7.784580417870302,1A|1B|3A|3B|5B,0.683784
Eks Borobudur Plaza,6a828cb470c999b67933ee47,Halte Trans Jogja - Borobudhur Plaza,110.36205652519521,-7.778807194560243,2B|5A,0.614286
Halte Jl. Solo (Jayakarta),6a82e6214fd70be4125d2fb9,Halte Trans Jogja - Halte Jalan Solo KR.1,110.4505629589354,-7.781743084004972,1A|1B|3B|5B,0.605714
RS Bhayangkara,6a86d589460277aa84152f9e,Halte Trans Jogja - Halte RS Bhayangkara B,110.47171253495856,-7.766707608845564,1A,0.826667
Terminal Bangunan,6a8d6eb952d86e03b51ac23f,Halte Trans Jogja - Halte Terminal Giwangan,110.39183977163486,-7.834127418517099,12,0.627451
Transmart Maguwo,6a8da00952d86e03b51b032c,Halte Trans Jogja - Halte Transmart,110.42021687192937,-7.783282058129885,1B|3A|5B,0.632000
TPB Jl. Solo Kalasan,6a82dd1338bb192425f4f6cf,Halte Trans Jogja - Jl. Solo (Maguwo),110.43091366895266,-7.783398800192629,1A,0.611429
Karangwaru (T),6a8285bc70c999b67933e189,Halte Trans Jogja - Karang Waru A,110.36132785396217,-7.772231270094686,EV3,
Maguwo Sambilegi (U),6a89603752d86e03b5187006,Halte Trans Jogja - Maguwo Sambilegi,110.43107793646948,-7.783381604426211,14,1.000000
TPB RRU Manggung,6a82e20938bb192425f4fbc3,Halte Trans Jogja - Manggung,110.3863386914378,-7.758157195755828,2A|3A|4B|5A,0.680000
Monjali (Selatan),6a8432efbb859bd06d94f679,Halte Trans Jogja - Monjali A,110.36769187033116,-7.750480947112415,2A|2B|5A,0.725000
Monjali (Utara),6a8432efbb859bd06d94f679,Halte Trans Jogja - Monjali A,110.36769187033116,-7.750480947112415,2A|2B|5B,0.725000
PDAM Monjali,6a842c273dbe4dacc783d981,Halte Trans Jogja - PDAM Monjali A,110.36989656329786,-7.755990960135563,2A|5B,0.820513
PDAM Monjali (Barat),6a842c273dbe4dacc783d981,Halte Trans Jogja - PDAM Monjali A,110.36989656329786,-7.755990960135563,2B|5A,0.820513
Pakuwon Mall (Selatan),6a82df994fd70be4125d2a71,Halte Trans Jogja - Pakuwon Mall A,110.39951833893446,-7.758275267444745,3A|5A,0.820513
Pakuwon Mall (Utara),6a82df994fd70be4125d2a71,Halte Trans Jogja - Pakuwon Mall A,110.39951833893446,-7.758275267444745,3B|5B,0.820513
SMK N 3,6a828f544fd70be4125ccb42,Halte Trans Jogja - SMK N 3 Yogyakarta,110.3667686316013,-7.777989337320522,2B|5A,0.636000
SMP N 6,6a8293484fd70be4125cd110,Halte Trans Jogja - SMP N 6 Yogyakarta,110.36691755255441,-7.7780981116151,5B,0.636000
Halte Stikes Guna Bangsa,6a82da6f38bb192425f4f346,Halte Trans Jogja - Stiekes Guna Bangsa,110.4089714942125,-7.760718057518275,3B|5B,0.783784
TVRI (T),6a82820238bb192425f486c2,Halte Trans Jogja - TVRI A,110.3617426750921,-7.765335064352419,5A|9|EV3,0.680000
TVRI (Barat),6a82820238bb192425f486c2,Halte Trans Jogja - TVRI A,110.3617426750921,-7.765335064352419,5B|9,0.680000
TVRI (B),6a82835d70c999b67933de3c,Halte Trans Jogja - TVRI B,110.36154970733827,-7.765368671949033,EV3,0.680000
Halte UPN Veteran,6a82dc184fd70be4125d2627,Halte Trans Jogja - UPN Veteran Yogyakarta,110.40806741092467,-7.760728614312441,3A|5A,0.666667
Tugu Adipura Bantul (Polres Bantul),6a829fb54fd70be4125ce16f,Halte Tugu Adipura Bantul,110.32701870074868,-7.8891973101476935,15,0.738462
Halte Tugu Adipura Bantul (Halte 2),6a829fb54fd70be4125ce16f,Halte Tugu Adipura Bantul,110.32701870074868,-7.8891973101476935,15,0.735652
TPB UAD Ringroad Selatan 2,6a8d37e352d86e03b51a8a8b,Halte UAD Ring Road Selatan A,110.38305739882435,-7.835201499990965,11|9,0.674286
TPB UAD Ringroad Selatan 1,6a8d37e352d86e03b51a8a8b,Halte UAD Ring Road Selatan A,110.38305739882435,-7.835201499990965,11|9,0.674286
UIN Sunan Kalijaga (Barat),6a92d63852d86e03b51dd95f,Halte UIN Sunan Kalijaga A,110.39484944411095,-7.786173028766598,4A,0.868421
UIN Sunan Kalijaga (Timur),6a92d63852d86e03b51dd95f,Halte UIN Sunan Kalijaga A,110.39484944411095,-7.786173028766598,4B,0.868421
TPB UMY 2,6a8aa54452d86e03b5194550,Halte UMY A,110.32444409436187,-7.810657652078407,6,0.613333
TPB UMY 1,6a8aa54452d86e03b5194550,Halte UMY A,110.32444409436187,-7.810657652078407,6,0.613333
UNY Colombo (U),6a92db7152d86e03b51ddde5,Halte UNY Colombo,110.38656560827559,-7.777823342371818,12,1.000000
UTY Glagahsari (Timur),6a92ccbc52d86e03b51dc541,Halte UTY Glagahsari A,110.38845509999442,-7.8055499000184625,4A,0.826667
UTY Glagahsari (Barat),6a92ccbc52d86e03b51dc541,Halte UTY Glagahsari A,110.38845509999442,-7.8055499000184625,4B,0.826667
Portabel UTY Ringroad Utara 2,6a88121d3be6880665733ccf,Halte UTY Ring Road Utara A,110.35658642659928,-7.747408105067673,8,0.670383
Portabel UTY Ringroad Utara 1,6a88121d3be6880665733ccf,Halte UTY Ring Road Utara A,110.35658642659928,-7.747408105067673,8,0.670383
Vokasi UGM (B),6a8cfb1f52d86e03b51a5dd9,Halte Vokasi UGM,110.3749454685335,-7.774505145151281,12,1.000000
Vokasi UGM (T),6a8cfb1f52d86e03b51a5dd9,Halte Vokasi UGM,110.3749454685335,-7.774505145151281,12,1.000000
Portabel Westlake 2,6a88161e3be68806657340a3,Halte Westlake A,110.34117041124347,-7.749276526847169,8,0.673333
Portabel Westlake 1,6a88161e3be68806657340a3,Halte Westlake A,110.34117041124347,-7.749276526847169,8,0.673333
TPB Widya Wiwaha 1,6a892c78478dc3b356b73285,Halte Widya Wiwaha A,110.3776611400803,-7.82283338362798,3A,0.757143
TPB Widya Wiwaha 2,6a892c78478dc3b356b73285,Halte Widya Wiwaha A,110.3776611400803,-7.82283338362798,3B,0.757143
Portabel Pasar Pathuk Yogyakarta,6a8a8a110d6732db988bfe24,TPB Trans Jogja - Pasar Pathuk,110.36181950219066,-7.7960169118630205,EV3,0.678095
KKP Yogyakarta (B),6a8a8dda52d86e03b519227c,TPB Trans Jogja - Stasiun Yogyakarta,110.36179815416784,-7.789620476123076,14,0.700000
