source_id,name,canonical_name,direction_code,longitude,latitude,observed_at
6a816886a8ddd1ba182a0fc1,"Halte Simpang Besi Jangkang 2, Hanya Papan Penanda Tanpa Fasilitas",simpang besi jangkang 2 hanya papan penanda tanpa fasilitas,,110.4159463465869,-7.699309064864295,2026-08-16T07:36:38.651Z
6a81952370c999b67933637f,"Halte Kentungan: Bangunan Terawat, Ruang Tunggu Kosong",kentungan bangunan terawat ruang tunggu kosong,,110.38452648442455,-7.755946743830563,2026-08-16T10:46:59.818Z
6a82732138bb192425f47850,Aksesibilitas Halte Trans Jogja - Terminal Jombor,terminal jombor,,110.36128820793846,-7.747511361346895,2026-08-17T02:34:09.677Z
6a82733d38bb192425f478c3,Halte JIS Masih Aktif Meski Pintunya Pecah,jis masih aktif meski pintunya pecah,,110.40188790000002,-7.7609189,2026-08-17T02:34:37.439Z
6a82762f38bb192425f47b1b,Aksesibilitas Halte TPB Trans Jogja - JCM A,jcm a,,110.36176508244739,-7.753358379938787,2026-08-17T02:47:11.801Z
6a8276c070c999b67933d100,Aksesibilitas Halte Trans Jogja - MMTC Yogyakarta,mmtc yogyakarta,,110.36207457674249,-7.753191901082519,2026-08-17T02:49:36.022Z
6a8279ea70c999b67933d38e,Kondisi Bus Stop Trans Jogja - Atakrib Jl. Magelang,atakrib jalan magelang,,110.36207623374708,-7.7561639477196245,2026-08-17T03:03:06.596Z
6a827b319870dcf66e45516e,Bus Stop Trans Jogja - Daytrans Jl. Magelang,daytrans jalan magelang,,110.36206630764042,-7.756402966070512,2026-08-17T03:08:33.104Z
6a827cf09870dcf66e45536e,"Halte MAN 2 Sleman, Fasilitas Lengkap, tetapi Sepi Penumpang",man 2 sleman fasilitas lengkap tetapi sepi penumpang,,110.43449089403344,-7.750386926435056,2026-08-17T03:16:00.218Z
6a82820238bb192425f486c2,Halte Trans Jogja - TVRI A,tvri a,,110.3617426750921,-7.765335064352419,2026-08-17T03:37:38.828Z
6a82835d70c999b67933de3c,Halte Trans Jogja - TVRI B,tvri b,,110.36154970733827,-7.765368671949033,2026-08-17T03:43:25.340Z
6a8285bc70c999b67933e189,Halte Trans Jogja - Karang Waru A,karang waru a,,110.36132785396217,-7.772231270094686,2026-08-17T03:53:32.440Z
6a8287f89870dcf66e45637e,Bus Stop Halte Trans Jogja - Karangwaru,karangwaru,,110.36120706604345,-7.7718298755167226,2026-08-17T04:03:04.575Z
6a828a6a9870dcf66e4567b3,Halte Trans Jogja - Kricak,kricak,,110.36125270180361,-7.774394363918574,2026-08-17T04:13:30.754Z
6a828cb470c999b67933ee47,Halte Trans Jogja - Borobudhur Plaza,borobudhur plaza,,110.36205652519521,-7.778807194560243,2026-08-17T04:23:16.349Z
6a828f544fd70be4125ccb42,Halte Trans Jogja - SMK N 3 Yogyakarta,smk n 3 yogyakarta,,110.3667686316013,-7.777989337320522,2026-08-17T04:34:28.669Z
6a8293484fd70be4125cd110,Halte Trans Jogja - SMP N 6 Yogyakarta,smp n 6 yogyakarta,,110.36691755255441,-7.7780981116151,2026-08-17T04:51:20.327Z
6a8294c44fd70be4125cd48b,Halte TPB Trans Jogja - SMPN 1 Yogyakarta B,smpn 1 yogyakarta b,,110.37570315906709,-7.777900750484262,2026-08-17T04:57:40.954Z
6a8296039870dcf66e45770d,Halte TPB Trans Jogja - SMPN 1 Yogyakarta A,smpn 1 yogyakarta a,,110.3758011677686,-7.777510405191844,2026-08-17T05:02:59.415Z
6a8296d14fd70be4125cd6d2,Halte SMAN 1 Bantul - B,sman 1 bantul b,,110.32277375066349,-7.898144476346147,2026-08-17T05:06:25.868Z
6a82988d4fd70be4125cd8fc,Halte Trans Jogja - Dr. YAP,dr yap,,110.37504417468244,-7.781069457033166,2026-08-17T05:13:49.122Z
6a8298ab9870dcf66e457a70,Halte SMAN 1 Bantul - A,sman 1 bantul a,,110.3229557481767,-7.897399830417839,2026-08-17T05:14:19.282Z
6a829b479870dcf66e457d85,Halte SD Unggulan Aisyiyah A,sd unggulan aisyiyah a,,110.3240343098866,-7.894986058741424,2026-08-17T05:25:27.179Z
6a829cc038bb192425f4ad02,Halte Trans Jogja - Cik Di Tiro,cik di tiro,,110.37508715497444,-7.782407799286432,2026-08-17T05:31:44.329Z
6a829cec38bb192425f4ad35,Halte Simpang Gose B,simpang gose b,,110.32536435177519,-7.891917160336035,2026-08-17T05:32:28.566Z
6a829d594fd70be4125cdec8,Halte Simpang Gose A,simpang gose a,,110.32542201135317,-7.8919660119321975,2026-08-17T05:34:17.292Z
6a829fb54fd70be4125ce16f,Halte Tugu Adipura Bantul,tugu adipura bantul,,110.32701870074868,-7.8891973101476935,2026-08-17T05:44:21.130Z
6a82a16138bb192425f4b26e,Halte Eks Stasiun Bantul,eks stasiun bantul,,110.32934103284327,-7.887393105175448,2026-08-17T05:51:29.495Z
6a82a1cc38bb192425f4b2de,Halte Trans Jogja - Kridosono,kridosono,,110.37543882332261,-7.787348033143843,2026-08-17T05:53:16.651Z
6a82a2a04fd70be4125ce466,Halte Pasar Bantul - A,pasar bantul a,,110.33099059332824,-7.885181333721874,2026-08-17T05:56:48.622Z
6a82a2f238bb192425f4b43a,Halte Pasar Bantul - B,pasar bantul b,,110.33108350459383,-7.885143821873825,2026-08-17T05:58:10.431Z
6a82a3f49870dcf66e4587ac,Halte TPB Trans Jogja - UKDW,ukdw,,110.37880061400199,-7.785615943750678,2026-08-17T06:02:28.781Z
6a82a4ed4fd70be4125ce721,Halte Kantor Kap. Bantul,kantor kap bantul,,110.33170883084773,-7.883524911426363,2026-08-17T06:06:37.561Z
6a82a5f44fd70be4125ce85c,Halte BRI Bantul,bri bantul,,110.33223962062823,-7.882134560860607,2026-08-17T06:11:00.793Z
6a82a6e438bb192425f4b896,Halte RS Bethesda,rs bethesda,,110.37788045948008,-7.783092673752378,2026-08-17T06:15:00.246Z
6a82a86c38bb192425f4ba3b,Halte SMPN 2 Bantul B,smpn 2 bantul b,,110.33578293978212,-7.874954761818117,2026-08-17T06:21:32.877Z
6a82a97038bb192425f4bbad,Halte SMPN 2 Bantul A,smpn 2 bantul a,,110.33576157585333,-7.8745041194765975,2026-08-17T06:25:52.417Z
6a82aa139870dcf66e458f1f,Halte Stasiun Lempuyangan,lempuyangan,,110.37746284627354,-7.790234774910843,2026-08-17T06:28:35.004Z
6a82ab0d38bb192425f4bd80,Halte Kantor Kal. Pendowoharjo B,kantor kal pendowoharjo b,,110.33948455676943,-7.863724888175241,2026-08-17T06:32:45.133Z
6a82abfd38bb192425f4bef7,Halte Kantor Kal. Pendowoharjo A,kantor kal pendowoharjo a,,110.33947652623834,-7.863394360607018,2026-08-17T06:36:45.070Z
6a82ace038bb192425f4c051,Halte Pasar Lempuyangan,pasar lempuyangan,,110.37347150000141,-7.79239319998895,2026-08-17T06:40:32.816Z
6a82af1e4fd70be4125cf44e,Halte Hayam Wuruk B,hayam wuruk b,,110.37280618046145,-7.794565791929273,2026-08-17T06:50:06.727Z
6a82b0c438bb192425f4c552,Halte Hayam Wuruk A,hayam wuruk a,,110.3726422000492,-7.795566199997523,2026-08-17T06:57:08.363Z
6a82b1609870dcf66e459968,Halte Kantor Kesbangpol B,kantor kesbangpol b,,110.34136781478492,-7.85677568638242,2026-08-17T06:59:44.322Z
6a82b28438bb192425f4c71c,Halte Kantor Kesbangpol A,kantor kesbangpol a,,110.34136251171253,-7.8563818099374885,2026-08-17T07:04:36.376Z
6a82b40738bb192425f4c874,Halte Simpang Kasongan B,simpang kasongan b,,110.34358978283205,-7.848589662466566,2026-08-17T07:11:03.880Z
6a82b53038bb192425f4c960,Halte Simpang Kasongan A,simpang kasongan a,,110.3445162159357,-7.846381616403178,2026-08-17T07:16:00.191Z
6a82b6aa38bb192425f4cb20,Halte Pasar Niten B,pasar niten b,,110.35116605596033,-7.838112114882222,2026-08-17T07:22:18.396Z
6a82b8249870dcf66e45a034,Halte Dongkelan A,dongkelan a,,110.35377538548437,-7.8302193815059695,2026-08-17T07:28:36.483Z
6a82b89e9870dcf66e45a14c,Halte Dongkelan B,dongkelan b,,110.35399040348483,-7.829200917429532,2026-08-17T07:30:38.453Z
6a82bca038bb192425f4d1ce,Halte TPB Trans Jogja - AA YKPN,aa ykpn,,110.3835311019015,-7.786178490478329,2026-08-17T07:47:44.465Z
6a82c28a9870dcf66e45abdc,Halte Bus Trans Jogja - Jl. Solo,bus trans jogja jalan solo,,110.39275871461035,-7.783212280859928,2026-08-17T08:12:58.627Z
6a82c4c59870dcf66e45afe4,Halte Trans Jogja - Debrito,debrito,,110.39389313362983,-7.783095478413646,2026-08-17T08:22:29.570Z
6a82c70238bb192425f4df9b,Halte Trans Jogja - Ambarukmo B,ambarukmo b,,110.40249944504023,-7.7831123243409195,2026-08-17T08:32:02.320Z
6a82c8b59870dcf66e45b513,Halte Trans Jogja - Ambarukmo A,ambarukmo a,,110.40175269005846,-7.783276422768978,2026-08-17T08:39:17.218Z
6a82cb4138bb192425f4e370,Halte Trans Jogja - Janti Utara,janti utara,,110.41161075628742,-7.783226023666944,2026-08-17T08:50:09.468Z
6a82cdd738bb192425f4e63f,Halte Trans Jogja - Sahid Jwalk,sahid jwalk,,110.41467764321357,-7.779562163344735,2026-08-17T09:01:11.229Z
6a82d0a44fd70be4125d1b6f,Halte TPB Trans Jogja - Dishub DIY A,dishub diy a,,110.41509487682555,-7.778070566219171,2026-08-17T09:13:08.693Z
6a82d2004fd70be4125d1cc0,Halte depan Harper Hotel,depan harper hotel,,110.36686528113285,-7.7849197381084565,2026-08-17T09:18:56.252Z
6a82d30c38bb192425f4ed56,Halte TPB Trans Jogja - Babarsari A,babarsari a,,110.41221626719692,-7.774068764135408,2026-08-17T09:23:24.389Z
6a82d3fa38bb192425f4ee48,Halte TPB Trans Jogja - Babarsari B,babarsari b,,110.41213778221572,-7.773915601060992,2026-08-17T09:27:22.639Z
6a82d5b94fd70be4125d2080,Halte trans jogja malioboro 2,trans jogja malioboro 2,,110.36562749998262,-7.7952391999944695,2026-08-17T09:34:49.926Z
6a82d6629870dcf66e45c411,Halte TPB Trans Jogja - STIE YKPN B,stie ykpn b,,110.41016414433301,-7.768330179838671,2026-08-17T09:37:38.479Z
6a82d7ea4fd70be4125d2241,Halte TPB Trans Jogja - STIE YKPN A,stie ykpn a,,110.41036062602092,-7.767040656408739,2026-08-17T09:44:10.668Z
6a82da6f38bb192425f4f346,Halte Trans Jogja - Stiekes Guna Bangsa,stiekes guna bangsa,,110.4089714942125,-7.760718057518275,2026-08-17T09:54:55.151Z
6a82dc184fd70be4125d2627,Halte Trans Jogja - UPN Veteran Yogyakarta,upn veteran yogyakarta,,110.40806741092467,-7.760728614312441,2026-08-17T10:02:00.591Z
6a82dd1338bb192425f4f6cf,Halte Trans Jogja - Jl. Solo (Maguwo),jalan solo maguwo,,110.43091366895266,-7.783398800192629,2026-08-17T10:06:11.975Z
6a82de1b9870dcf66e45cbce,Halte Trans Jogja - Rumah Sakit JIH,rumah sakit jih,,110.40306825464654,-7.758864508605257,2026-08-17T10:10:35.756Z
6a82ded538bb192425f4f90b,Halte Trans Jogja - Rumah Sakit JIH,rumah sakit jih,,110.40306825464654,-7.758864508605257,2026-08-17T10:13:41.242Z
6a82df994fd70be4125d2a71,Halte Trans Jogja - Pakuwon Mall A,pakuwon mall a,,110.39951833893446,-7.758275267444745,2026-08-17T10:16:57.846Z
6a82e20938bb192425f4fbc3,Halte Trans Jogja - Manggung,manggung,,110.3863386914378,-7.758157195755828,2026-08-17T10:27:21.815Z
6a82e30a4fd70be4125d2d6a,Halte Trans Jogja Malioboro 1,trans jogja malioboro 1,,110.36611799999429,-7.790883300005817,2026-08-17T10:31:38.643Z
6a82e3344fd70be4125d2da1,Halte Trans Jogja - Halte Jalan Solo KR.2,jalan solo kr 2,,110.44874006597814,-7.782562289437621,2026-08-17T10:32:20.176Z
6a82e6214fd70be4125d2fb9,Halte Trans Jogja - Halte Jalan Solo KR.1,jalan solo kr 1,,110.4505629589354,-7.781743084004972,2026-08-17T10:44:49.057Z
6a82e6ab9870dcf66e45d329,Halte dekat Jl. Malioboro,dekat jalan malioboro,,110.36620319061996,-7.790006536903505,2026-08-17T10:47:07.462Z
6a82e8ed9870dcf66e45d4d9,Halte TransJogja Malioboro Ujung depan Tourism Police Pos Terpadu Gumaton Polresta Yogyakarta,transjogja malioboro ujung depan tourism police pos terpadu gumaton polresta yogyakarta,,110.36632910002066,-7.790092900017953,2026-08-17T10:56:45.699Z
6a83d6f83dbe4dacc7838031,Halte Transit Perumahan Nogotirto,transit perumahan nogotirto,,110.33623999999998,-7.7637633,2026-08-18T03:52:24.847Z
6a840c5a3dbe4dacc783b887,Halte Trans Jogja Malioboro 3,trans jogja malioboro 3,,110.36507829994969,-7.799986199978221,2026-08-18T07:40:10.874Z
6a842c273dbe4dacc783d981,Halte Trans Jogja - PDAM Monjali A,pdam monjali a,,110.36989656329786,-7.755990960135563,2026-08-18T09:55:51.119Z
6a8430a8bb859bd06d94f54c,Halte Trans Jogja - Monjali B,monjali b,,110.36873148163761,-7.750906622111017,2026-08-18T10:15:04.502Z
6a8432efbb859bd06d94f679,Halte Trans Jogja - Monjali A,monjali a,,110.36769187033116,-7.750480947112415,2026-08-18T10:24:47.169Z
6a8435e6bb859bd06d94f987,Halte TPB Trans Jogja - Karangjati A,karangjati a,,110.36919915726202,-7.764116001012513,2026-08-18T10:37:26.620Z
6a8436cabb859bd06d94fb41,Halte TPB Trans Jogja - Karangjati B,karangjati b,,110.36911458125758,-7.764429473272585,2026-08-18T10:41:14.953Z
6a843c203dbe4dacc783ecde,Halte Trans Jogja - AM Sangaji A,am sangaji a,,110.3680010204705,-7.775783749473433,2026-08-18T11:04:00.279Z
6a843def3dbe4dacc783f090,Halte Trans Jogja - AM Sangaji B,am sangaji b,,110.36768191565244,-7.777362702499275,2026-08-18T11:11:43.471Z
6a8440b23dbe4dacc783f743,Halte Trans Jogja - RS Sardjito B,rs sardjito b,,110.3741944114405,-7.767878687220801,2026-08-18T11:23:30.426Z
6a8441d73dbe4dacc783f9f2,Halte Trans Jogja - RS Sardjito A,rs sardjito a,,110.37416243966402,-7.767853558783255,2026-08-18T11:28:23.448Z
6a854da0bbd0aa678bab5d44,Halte Malioboro 1,malioboro 1,,110.36611832728073,-7.790937054153417,2026-08-19T06:30:56.531Z
6a85506ebbd0aa678bab6390,Halte Malioboro 2,malioboro 2,,110.36559857460782,-7.795185718747462,2026-08-19T06:42:54.514Z
6a8555e83dbe4dacc7849c7a,Halte Malioboro 3,malioboro 3,,110.36499709175035,-7.79990342392729,2026-08-19T07:06:16.811Z
6a855e58bbd0aa678bab72c7,Halte KHA Dahlan A,kha dahlan a,,110.36014288772952,-7.801236698318434,2026-08-19T07:42:16.614Z
6a8560833dbe4dacc784a905,Halte Tamansari,tamansari,,110.35602512687007,-7.809813718604147,2026-08-19T07:51:31.316Z
6a8563653dbe4dacc784ad68,Halte Gereja Pugeran B,gereja pugeran b,,110.35596342232463,-7.816807431463346,2026-08-19T08:03:49.694Z
6a85639f3dbe4dacc784adca,Halte Gereja Pugeran A,gereja pugeran a,,110.3559019322164,-7.816596831411331,2026-08-19T08:04:47.995Z
6a8564d8bbd0aa678bab7c92,Halte Dukuh B,dukuh b,,110.35541361670408,-7.820929333911266,2026-08-19T08:10:00.568Z
6a856733bbd0aa678bab8056,Halte Pasty B,pasty b,,110.35457867014571,-7.825684109222351,2026-08-19T08:20:03.822Z
6a856783bbd0aa678bab80f3,Halte Pasty A,pasty a,,110.35449860903964,-7.825713953198374,2026-08-19T08:21:23.165Z
6a8569d6bbd0aa678bab8408,Halte Dukuh A,dukuh a,,110.35521879380076,-7.821689730573439,2026-08-19T08:31:18.388Z
6a856ccabbd0aa678bab85c4,Halte Tejokusuman,tejokusuman,,110.35606982877533,-7.807940761615626,2026-08-19T08:43:54.490Z
6a856e91bbd0aa678bab879c,Halte Ngabean,ngabean,,110.35626401421268,-7.803758428469791,2026-08-19T08:51:29.784Z
6a856fcabbd0aa678bab8a39,Halte KHA Dahlan B,kha dahlan b,,110.36040363174106,-7.8011562542099,2026-08-19T08:56:42.414Z
6a86b6920235f477d358d80f,Halte Senopati,senopati,,110.36696624452418,-7.801559756808792,2026-08-20T08:10:58.582Z
6a86b6ff89acf23707a33178,Halte Taman Pintar,taman pintar,,110.36717622423924,-7.801414970393125,2026-08-20T08:12:47.612Z
6a86b9d289acf23707a33b42,Halte Suryotomo,suryotomo,,110.36930165994437,-7.799249914845774,2026-08-20T08:24:50.685Z
6a86baac0235f477d358e46e,Halte Jalan Mataram,jalan mataram,,110.36803342412259,-7.794265961281729,2026-08-20T08:28:28.770Z
6a86bc210235f477d358ebb5,Halte Teras 2,teras 2,,110.36761617298271,-7.791749881587728,2026-08-20T08:34:41.026Z
6a86be25460277aa8415118b,Halte Eks Menara Kopi A,eks menara kopi a,,110.37010514084454,-7.789256599640282,2026-08-20T08:43:17.989Z
6a86beab89acf23707a35190,Halte Eks Menara Kopi B,eks menara kopi b,,110.37007950053442,-7.7894575408621165,2026-08-20T08:45:31.514Z
6a86c045460277aa84151af0,Halte Kridosono,kridosono,,110.37537075941361,-7.787363850950726,2026-08-20T08:52:21.482Z
6a86caf989acf23707a36360,Halte Hotel Utara A,hotel utara a,,110.36100149127998,-7.7797239601825225,2026-08-20T09:38:01.026Z
6a86d589460277aa84152f9e,Halte Trans Jogja - Halte RS Bhayangkara B,rs bhayangkara b,,110.47171253495856,-7.766707608845564,2026-08-20T10:23:05.518Z
6a86db21460277aa84153298,Halte bis trans jogjaa bagian selatan barat stasiun lempuyangan,bis trans jogjaa bagian selatan barat stasiun lempuyangan,,110.37349718867335,-7.790450481172414,2026-08-20T10:46:57.121Z
6a86dbdf0235f477d35916e4,Halte bis transjogja bagian selatan timur stasiun lempuyangan,bis transjogja bagian selatan timur stasiun lempuyangan,,110.37344287643867,-7.790539156027535,2026-08-20T10:50:07.734Z
6a86dc1a0235f477d3591718,Halte Trans Jogja - Terminal Prambanan,terminal prambanan,,110.48986020764943,-7.755608814123619,2026-08-20T10:51:06.201Z
6a86de220235f477d35918c3,Halte Edotel Kalasan A,edotel kalasan a,,110.48271546730604,-7.75677283791336,2026-08-20T10:59:46.361Z
6a88121d3be6880665733ccf,Halte UTY Ring Road Utara A,uty ring road utara a,,110.35658642659928,-7.747408105067673,2026-08-21T08:53:49.519Z
6a881274d57440d48a1f2d75,Halte UTY Ring Road Utara B,uty ring road utara b,,110.35660505785461,-7.747125914016451,2026-08-21T08:55:16.143Z
6a881492d57440d48a1f2ec3,Halte Dusun Ngawen,dusun ngawen,,110.34386479306067,-7.744987662888826,2026-08-21T09:04:18.698Z
6a88161e3be68806657340a3,Halte Westlake A,westlake a,,110.34117041124347,-7.749276526847169,2026-08-21T09:10:54.186Z
6a8816c83be688066573417a,Halte Westlake B,westlake b,,110.34059008339136,-7.7498131160638195,2026-08-21T09:13:44.113Z
6a881881d57440d48a1f338f,Halte Universitas Aisyiyah,universitas aisyiyah,,110.33444891103596,-7.768264919779568,2026-08-21T09:21:05.531Z
6a881a76d57440d48a1f3799,Halte Demak Ijo B,demak ijo b,,110.33188445713478,-7.775856315140288,2026-08-21T09:29:26.557Z
6a881b093be68806657348fb,Halte Demak Ijo A,demak ijo a,,110.33200107973175,-7.776576573776808,2026-08-21T09:31:53.496Z
6a881c1fd57440d48a1f3af3,Halte Kompi Senapan-C,kompi senapan c,,110.33256331627194,-7.777350027437976,2026-08-21T09:36:31.574Z
6a881ded3be6880665734c85,Halte McD Godean,mcd godean,,110.34220829773773,-7.779408674911246,2026-08-21T09:44:13.873Z
6a881ff9d57440d48a1f3e49,Halte Mirota Godean A,mirota godean a,,110.34974498502766,-7.781089730154192,2026-08-21T09:52:57.550Z
6a882071d57440d48a1f3edc,Halte Mirota Godean B,mirota godean b,,110.35042226104406,-7.781236342222343,2026-08-21T09:54:57.732Z
6a8822233be6880665734fc9,Halte BKD A,bkd a,,110.35596291688137,-7.782405022552254,2026-08-21T10:02:11.327Z
6a8822953be68806657351aa,Halte BKD B,bkd b,,110.35588600445328,-7.782497551793682,2026-08-21T10:04:05.740Z
6a8824323be68806657354c9,Halte Pasar Pingit A,pasar pingit a,,110.35884881664526,-7.782752724266089,2026-08-21T10:10:58.020Z
6a8824ca3be6880665735575,Halte Pasar Pingit B,pasar pingit b,,110.3591794201891,-7.782911672285408,2026-08-21T10:13:30.205Z
6a88263dd57440d48a1f481b,Halte Hotel Utara B,hotel utara b,,110.36085277059749,-7.780389688727766,2026-08-21T10:19:41.663Z
6a8829163be6880665735b08,Halte Diponegoro,diponegoro,,110.36256915560529,-7.782884828522057,2026-08-21T10:31:50.850Z
6a882a323be6880665735cad,Halte Pasar Kranggan Selatan,pasar kranggan selatan,,110.36565971152436,-7.7829259605858025,2026-08-21T10:36:34.830Z
6a8865d852d86e03b517e405,Halte depan Optik Mataram,depan optik mataram,,110.36782097470956,-7.7939187123823075,2026-08-21T14:51:04.418Z
6a89118b52d86e03b5181907,Halte McD Jakal,mcd jakal,,110.37992598967958,-7.762818007809386,2026-08-22T03:03:39.098Z
6a89137759146ea8941f98ff,Halte Biologi UGM,biologi ugm,,110.37678317835054,-7.765277424843973,2026-08-22T03:11:51.653Z
6a89176859146ea8941f9da6,Halte RS Panti Rapih,rs panti rapih,,110.3782582597388,-7.77625354051726,2026-08-22T03:28:40.133Z
6a891d7b478dc3b356b721e3,Halte Jokteng Kulon,jokteng kulon,,110.35739729999779,-7.813215099970975,2026-08-22T03:54:35.902Z
6a891f8752d86e03b5182d78,Halte Plengkung Gading A,plengkung gading a,,110.36392040519263,-7.814168447544432,2026-08-22T04:03:19.276Z
6a8922aa52d86e03b51831b9,Halte Pujokusuman,pujokusuman,,110.37011617432825,-7.81486846816253,2026-08-22T04:16:42.662Z
6a89267052d86e03b5183591,Halte Lowanu A,lowanu a,,110.37603009886237,-7.817054694483318,2026-08-22T04:32:48.572Z
6a89274552d86e03b51835ec,Halte Lowanu B,lowanu b,,110.37598738283009,-7.8168996664160915,2026-08-22T04:36:21.599Z
6a8929d6478dc3b356b72ecf,Halte UNU Yogyakarta,unu yogyakarta,,110.37641803537275,-7.819695073497641,2026-08-22T04:47:18.055Z
6a892be252d86e03b5183957,Halte Widya Wiwaha B,widya wiwaha b,,110.37752046468955,-7.822636894332774,2026-08-22T04:56:02.444Z
6a892c78478dc3b356b73285,Halte Widya Wiwaha A,widya wiwaha a,,110.3776611400803,-7.82283338362798,2026-08-22T04:58:32.808Z
6a892e6b52d86e03b5183f3e,Halte Wirosaban,wirosaban,,110.37912839996574,-7.824796199990388,2026-08-22T05:06:51.201Z
6a893073478dc3b356b7399a,Halte Tegal Turi A,tegal turi a,,110.3871334359431,-7.825409998099445,2026-08-22T05:15:31.532Z
6a893130478dc3b356b73aca,Halte Tegal Turi B,tegal turi b,,110.38699300019641,-7.82548332991864,2026-08-22T05:18:40.060Z
6a893429478dc3b356b73ed7,Halte Trans BonBin di Jalan Kusumanegara,trans bonbin di jalan kusumanegara,,110.39886883284203,-7.8023110882107005,2026-08-22T05:31:21.595Z
6a89347152d86e03b51847e6,Halte Gudang SGM B,gudang sgm b,,110.39002507001555,-7.827243619843017,2026-08-22T05:32:33.073Z
6a893609478dc3b356b73fd7,Halte Pasar Giwangan B,pasar giwangan b,,110.39020459947233,-7.8324834343696494,2026-08-22T05:39:21.537Z
6a893743478dc3b356b740c6,Halte Kusumanegara 4 di Depan Kantor Kementrian Agraria dan Tata Ruang / Badan Pertahanan Nasional Jogja,kusumanegara 4 di depan kantor kementrian agraria dan tata ruang badan pertahanan nasional jogja,,110.39335463288893,-7.802256588233888,2026-08-22T05:44:35.378Z
6a89380b52d86e03b5184a2b,Halte Tegal Gendu A,tegal gendu a,,110.39177829996697,-7.826055099980323,2026-08-22T05:47:55.226Z
6a8938e2478dc3b356b74235,Halte Tegal Gendu B,tegal gendu b,,110.39144745940388,-7.825944737483326,2026-08-22T05:51:30.851Z
6a893a8c478dc3b356b74430,Halte Pakualaman di Jalan Sultan Agung Dekat Toko Jogja Kampus,pakualaman di jalan sultan agung dekat toko jogja kampus,,110.3757321328207,-7.8016872881999575,2026-08-22T05:58:36.915Z
6a893cf052d86e03b5184e39,Halte Museum Biologi di Jalan Sultan Agung Depan Soto Mie Pak Kadir,museum biologi di jalan sultan agung depan soto mie pak kadir,,110.37409833288012,-7.801711288240085,2026-08-22T06:08:48.556Z
6a8940bc478dc3b356b74823,Halte Kusumanegara 2 di Jalan Kusumanegara dekat Makam Pahlawan,kusumanegara 2 di jalan kusumanegara dekat makam pahlawan,,110.38215100000002,-7.801912,2026-08-22T06:25:00.180Z
6a8945e152d86e03b518571a,Halte Senopati 1 di Jalan Panembahan Senopati dekat Parkiran Bus,senopati 1 di jalan panembahan senopati dekat parkiran bus,,110.36709723285429,-7.8015661881862,2026-08-22T06:46:57.976Z
6a89478152d86e03b5185859,Halte Senopati 2 di Jalan Panembahan Senopati dekat Taman Pintar,senopati 2 di jalan panembahan senopati dekat taman pintar,,110.36712913289091,-7.801495688198699,2026-08-22T06:53:53.257Z
6a8958ca478dc3b356b75f17,Halte Trans Jogja - Disnaker Trans A,disnaker trans a,,110.43106020580313,-7.769383368543913,2026-08-22T08:07:38.928Z
6a895a3052d86e03b5186967,Halte Trans Jogja - Bina Marga,bina marga,,110.43083475722324,-7.7745915995619015,2026-08-22T08:13:36.083Z
6a895cbf478dc3b356b7613c,Halte Ngabean di Dalam Area Parkir Ngabean,ngabean di dalam area parkir ngabean,,110.35636103286953,-7.803703088213339,2026-08-22T08:24:31.565Z
6a895d7c478dc3b356b762d8,Halte Terminal Ngabean di Depan Area Parkir Ngabean,terminal ngabean di depan area parkir ngabean,,110.35635890000003,-7.8037059,2026-08-22T08:27:40.009Z
6a89603752d86e03b5187006,Halte Trans Jogja - Maguwo Sambilegi,maguwo sambilegi,,110.43107793646948,-7.783381604426211,2026-08-22T08:39:19.369Z
6a896185478dc3b356b76883,Halte Jokteng Kulon di Depan Medi Farma,jokteng kulon di depan medi farma,,110.35738613287197,-7.813175088223986,2026-08-22T08:44:53.036Z
6a8961f652d86e03b5187355,Halte Trans Jogja - Bandara Adi Sucipto,bandara adi sucipto,,110.43609695062298,-7.784580417870302,2026-08-22T08:46:46.573Z
6a89632b478dc3b356b76b29,Halte Jokten Kulon - SMAN 7 di depan ADHI SURYA MOTOR,jokten kulon sman 7 di depan adhi surya motor,,110.35816123284474,-7.813493488238947,2026-08-22T08:51:55.325Z
6a896334478dc3b356b76b35,Halte Jokten Kulon - SMAN 7 di depan ADHI SURYA MOTOR,jokten kulon sman 7 di depan adhi surya motor,,110.35816123284474,-7.813493488238947,2026-08-22T08:52:04.701Z
6a89670c52d86e03b5187893,Halte Purawisata / Katamso 1 di Jalan Brigjen Katamso di Depan Dapur Roa,purawisata katamso 1 di jalan brigjen katamso di depan dapur roa,,110.36914233284205,-7.808853288242901,2026-08-22T09:08:28.781Z
6a8969ed478dc3b356b7736b,Halte Ngabean (Dana Keistemewaan) di Jalan Kolonel Sugiyono di Samping Gang Kampung Pujokusuman,ngabean dana keistemewaan di jalan kolonel sugiyono di samping gang kampung pujokusuman,,110.37014513285715,-7.814858788261631,2026-08-22T09:20:45.601Z
6a896bc152d86e03b5188055,Halte Kolonel Sugiono atau Museum Perjuangan di Samping Masjid Baiturrahim,kolonel sugiono atau museum perjuangan di samping masjid baiturrahim,,110.37179794873919,-7.815159263363967,2026-08-22T09:28:33.059Z
6a896c4052d86e03b518815e,Halte Trans Jogja - Jayakarta,jayakarta,,110.41931512329052,-7.783460391715906,2026-08-22T09:30:40.308Z
6a89703452d86e03b51884b7,Halte Portable Wirogunan di Depan KANWIL DITJENPAS DIY,wirogunan di depan kanwil ditjenpas diy,,110.37819613284728,-7.8042105882448,2026-08-22T09:47:32.081Z
6a89728752d86e03b51886cf,Halte Portable UTY di Depan Kebab Nime didekat Pegadaian,uty di depan kebab nime didekat pegadaian,,110.38839053282925,-7.805580688202369,2026-08-22T09:57:27.065Z
6a897b8752d86e03b5188d81,Halte Gedong Kuning Banguntapan di Depan Kelurahan Banguntapan,gedong kuning banguntapan di depan kelurahan banguntapan,,110.40224632750494,-7.807300441435103,2026-08-22T10:35:51.414Z
6a897f8e478dc3b356b78a98,"Halte Gedong Kuning di Depan Kehutanan, Balai Daerah Aliran Sungai Serayu Opak Progo",gedong kuning di depan kehutanan balai daerah aliran sungai serayu opak progo,,110.40109093857126,-7.8196066507820206,2026-08-22T10:53:02.626Z
6a8a3ee252d86e03b518e62b,Halte Sugiono 2 di Depan Masjid Baiturohim,sugiono 2 di depan masjid baiturohim,,110.37180150688636,-7.8151483782583995,2026-08-23T00:29:22.116Z
6a8a40b652d86e03b518e6d5,Halte SMPN11 di samping SMP N 11 Yogyakarta,smpn11 di samping smp n 11 yogyakarta,,110.35337420876624,-7.793130551220983,2026-08-23T00:37:10.659Z
6a8a440052d86e03b518e7a6,Halte Cokroaminoto SMA 1 /RS AMC Muhammadiyah di Depan RS AMC Muhammadiyah dan di seberang SMA 1 Teladan Yogyakartw,cokroaminoto sma 1 rs amc muhammadiyah di depan rs amc muhammadiyah dan di seberang sma 1 teladan yogyakartw,,110.35214274909782,-7.799412498656963,2026-08-23T00:51:12.881Z
6a8a44a50d6732db988bca0a,Halte PA Muhammadiyah di Depan Panti Asuhan Yatim Putra,pa muhammadiyah di depan panti asuhan yatim putra,,110.37598444651229,-7.816851923930486,2026-08-23T00:53:57.733Z
6a8a48bd0d6732db988bcba4,Halte KHA Dahlan Selatan di Depan Balai Kota Lama dan Masjid Attahkim Kodya Jogjakarta,kha dahlan selatan di depan balai kota lama dan masjid attahkim kodya jogjakarta,,110.36017661869442,-7.801243559504002,2026-08-23T01:11:25.426Z
6a8a48c852d86e03b518e997,Halte Widya Wiwaha 2 di Depan STIE Widya Wiwaha,widya wiwaha 2 di depan stie widya wiwaha,,110.3775313827116,-7.822642587588206,2026-08-23T01:11:36.248Z
6a8a4a850d6732db988bcd57,Halte Widya Wiwaha 1 di Depan STIE Widya Wiwaha,widya wiwaha 1 di depan stie widya wiwaha,,110.37767625974362,-7.822836023204786,2026-08-23T01:19:01.011Z
6a8a4a8852d86e03b518eb2a,Halte KHA Dahlan Utara di sebrang Balai Kota Lama dan Masjid Attahkim Kodya Yogyakarta,kha dahlan utara di sebrang balai kota lama dan masjid attahkim kodya yogyakarta,,110.36040096762889,-7.801152961181444,2026-08-23T01:19:04.369Z
6a8a4cc452d86e03b518ebde,Halte Senopati 2 di Depan Taman Pintar Yogyakarta,senopati 2 di depan taman pintar yogyakarta,,110.36717014229976,-7.801403483589382,2026-08-23T01:28:36.924Z
6a8a4f770d6732db988bd00e,Halte Sorogenen (Nitikan) di Area Pertokoan,sorogenen nitikan di area pertokoan,,110.37989161897013,-7.8248658186249145,2026-08-23T01:40:07.255Z
6a8a50c652d86e03b518eea3,Halte SMKN 5 di Depan SMKN5 Yogyakarta,smkn 5 di depan smkn5 yogyakarta,,110.3950221699996,-7.800413079704626,2026-08-23T01:45:42.017Z
6a8a538e52d86e03b518f041,Halte APMD Timur di Depan STPMD APMD Yogyakarta,apmd timur di depan stpmd apmd yogyakarta,,110.39335082850641,-7.791168291573598,2026-08-23T01:57:34.792Z
6a8a55a40d6732db988bd319,Halte Tegal Gendu 1,tegal gendu 1,,110.39183869483821,-7.826017116757498,2026-08-23T02:06:28.000Z
6a8a56f60d6732db988bd3bb,Halte Kenari 1 di Depan Fakultas Psikologi UNY dan di Sebelah Selatan Stadiun Mandala Krida,kenari 1 di depan fakultas psikologi uny dan di sebelah selatan stadiun mandala krida,,110.38323059426864,-7.7975338130852805,2026-08-23T02:12:06.641Z
6a8a5eb90d6732db988bd7f1,"Halte Hayam Wuruk Barat di Depan Taman Kanak Kanak Negeri 5 dan Dinas Pendidikan Kota Yogyakarta, serta di Sebrang Indomaret Lempuyangan",hayam wuruk barat di depan taman kanak kanak negeri 5 dan dinas pendidikan kota yogyakarta serta di sebrang indomaret lempuyangan,,110.37264715713184,-7.795611352505858,2026-08-23T02:45:13.969Z
6a8a63ab52d86e03b518f9e8,Halte Malioboro 1 di Jalan Masuk Malioboro dan di Sebrang Jogja Library Center,malioboro 1 di jalan masuk malioboro dan di sebrang jogja library center,,110.36610569761893,-7.7909053564000175,2026-08-23T03:06:19.378Z
6a8a63d60d6732db988bdba4,Halte Tegal Gendu 2,tegal gendu 2,,110.39132452910576,-7.825830130625448,2026-08-23T03:07:02.443Z
6a8a661e0d6732db988bdce1,Halte Malioboro 2 di Depan BPD DIY dan Government Tourist Information Centre,malioboro 2 di depan bpd diy dan government tourist information centre,,110.36561345027224,-7.7951730892286974,2026-08-23T03:16:46.945Z
6a8a685a0d6732db988bddf0,Halte Ngeksigondo (Diklat PU) di Depan Kantor Balai Pengembangan Kompetensi,ngeksigondo diklat pu di depan kantor balai pengembangan kompetensi,,110.39499646317802,-7.818933410592663,2026-08-23T03:26:18.276Z
6a8a69c30d6732db988bded7,Halte Sosrowijayan di Jl. Gandekan,sosrowijayan di jalan gandekan,,110.36151182576276,-7.792450662486047,2026-08-23T03:32:19.915Z
6a8a6ac352d86e03b518fd7d,Halte Ngeksigondo (Basen) di Depan Kantor Balai Pengembangan Kompetensi dan Wisma,ngeksigondo basen di depan kantor balai pengembangan kompetensi dan wisma,,110.39495622717425,-7.81913404849054,2026-08-23T03:36:35.085Z
6a8a6fe352d86e03b5190111,Halte RSI Hidayatullah di Depan RSI Hidayatullah,rsi hidayatullah di depan rsi hidayatullah,,110.38748170684397,-7.8155725125259465,2026-08-23T03:58:27.624Z
6a8a7b7e0d6732db988beec6,Halte Bus Trans Jogja - SMPN 14,bus trans jogja smpn 14,,110.35988619809541,-7.786647641096835,2026-08-23T04:47:58.052Z
6a8a7c760d6732db988bef49,Halte Trans Jogja - Samsat,samsat,,110.3598252281177,-7.787233112145842,2026-08-23T04:52:06.633Z
6a8a7e5b52d86e03b5190e6e,TPB Trans Jogja - Badran,badran,,110.35791779774598,-7.788030277687739,2026-08-23T05:00:11.546Z
6a8a80d052d86e03b51910ff,TPB Trans Jogja - Badran,badran,,110.35791779774598,-7.788030277687739,2026-08-23T05:10:40.172Z
6a8a81e052d86e03b519123c,Halte Trans Jogja - Mangkubumi 1,mangkubumi 1,,110.36683851206442,-7.784739645834847,2026-08-23T05:15:12.034Z
6a8a838c52d86e03b519137a,Halte Trans Jogja - Mangkubumi 2,mangkubumi 2,,110.36653430378118,-7.787656657012832,2026-08-23T05:22:20.804Z
6a8a88b40d6732db988bfbb8,TPB Trans Jogja - Bhayangkara,bhayangkara,,110.36208001256682,-7.799398820735533,2026-08-23T05:44:20.681Z
6a8a8a0652d86e03b5191cab,TPB Trans Jogja - Pasar Pathuk,pasar pathuk,,110.36181950219066,-7.7960169118630205,2026-08-23T05:49:58.065Z
6a8a8a110d6732db988bfe24,TPB Trans Jogja - Pasar Pathuk,pasar pathuk,,110.36181950219066,-7.7960169118630205,2026-08-23T05:50:09.201Z
6a8a8dda52d86e03b519227c,TPB Trans Jogja - Stasiun Yogyakarta,yogyakarta,,110.36179815416784,-7.789620476123076,2026-08-23T06:06:18.544Z
6a8a943c52d86e03b51929f4,Halte Mualimin B,mualimin b,,110.35223085443522,-7.808196055710137,2026-08-23T06:33:32.279Z
6a8a95930d6732db988c0ca8,Halte Mualimin A,mualimin a,,110.35101853434531,-7.807885585274818,2026-08-23T06:39:15.424Z
6a8a96810d6732db988c0e35,Halte Pasar Legi A,pasar legi a,,110.35020939084734,-7.809236124165178,2026-08-23T06:43:13.986Z
6a8a984752d86e03b5192fa5,Halte SMK Seni A,smk seni a,,110.34906199212219,-7.8145398572160065,2026-08-23T06:50:47.732Z
6a8a98ca0d6732db988c1118,Halte SMK Seni B,smk seni b,,110.34876375893134,-7.815453281198529,2026-08-23T06:52:58.919Z
6a8a9a2252d86e03b519321f,Halte SMAN 1 Kasihan A,sman 1 kasihan a,,110.34826419609499,-7.818373736802727,2026-08-23T06:58:42.634Z
6a8a9a560d6732db988c1345,Halte SMAN 1 Kasihan B,sman 1 kasihan b,,110.34830701861085,-7.818361569579275,2026-08-23T06:59:34.524Z
6a8a9be30d6732db988c14e9,Halte Madukismo A,madukismo a,,110.34433683923811,-7.828836462463684,2026-08-23T07:06:11.161Z
6a8a9c300d6732db988c1637,Halte Madukismo B,madukismo b,,110.34431796919921,-7.82865653705754,2026-08-23T07:07:28.821Z
6a8a9e6b0d6732db988c19cf,Halte Simpang Diklat DIY A,simpang diklat diy a,,110.33250482677738,-7.828828712232749,2026-08-23T07:16:59.269Z
6a8a9f3052d86e03b51939af,Halte Simpang Diklat DIY B,simpang diklat diy b,,110.33161554283595,-7.828543723227213,2026-08-23T07:20:16.286Z
6a8aa00152d86e03b5193ab9,Halte Lapangan Kasihan B,lapangan kasihan b,,110.32900155608331,-7.826207698705673,2026-08-23T07:23:45.770Z
6a8aa0b252d86e03b5193b64,Halte Lapangan Kasihan A,lapangan kasihan a,,110.3281332194357,-7.825076875431506,2026-08-23T07:26:42.256Z
6a8aa2870d6732db988c21e1,Halte Universitas Alma Ata,universitas alma ata,,110.32421513238114,-7.817894228385825,2026-08-23T07:34:31.685Z
6a8aa31b0d6732db988c22e5,Halte Tamantirto B,tamantirto b,,110.32434806009513,-7.816077557091802,2026-08-23T07:36:59.894Z
6a8aa44052d86e03b519432d,Halte Tamantirto A,tamantirto a,,110.32423990788902,-7.814417774796313,2026-08-23T07:41:52.710Z
6a8aa54452d86e03b5194550,Halte UMY A,umy a,,110.32444409436187,-7.810657652078407,2026-08-23T07:46:12.979Z
6a8aa8c20d6732db988c2ee6,Halte BPD Gamping,bpd gamping,,110.31877570245945,-7.801671229224345,2026-08-23T08:01:06.844Z
6a8aa9d50d6732db988c3145,Halte PKU Gamping,pku gamping,,110.31675772304908,-7.8019053630189745,2026-08-23T08:05:41.379Z
6a8aaaab0d6732db988c32ce,Halte Park and Ride Gamping,park and ride gamping,,110.31510380107005,-7.802371471196194,2026-08-23T08:09:15.593Z
6a8abfd40d6732db988c587d,Bus Stop Trans Jogja - Indogrosir,indogrosir,,110.36238089063244,-7.750937298556053,2026-08-23T09:39:32.287Z
6a8b9c3f52d86e03b519ba50,Halte Susteran Jetis (A.M. Sangaji Timur),susteran jetis a m sangaji timur,,110.36800871983917,-7.775795579487905,2026-08-24T01:19:59.378Z
6a8ba06ba4262ae1033d0891,Halte Portabel Trans Jogja,trans jogja,,110.36649580646275,-7.777833012319633,2026-08-24T01:37:47.192Z
6a8ba24b52d86e03b519bec8,Halte Jend. Sudirman (Santika),jend sudirman santika,,110.36882439062049,-7.7827849512265175,2026-08-24T01:45:47.760Z
6a8ba3eca4262ae1033d0aed,Halte Sudirman Bumiputera,sudirman bumiputera,,110.36955864583643,-7.782965837983895,2026-08-24T01:52:44.082Z
6a8ba64f52d86e03b519bfcf,Halte TJ Diponegoro,diponegoro,,110.36255287491576,-7.782872521318353,2026-08-24T02:02:55.347Z
6a8ba82fa4262ae1033d0be2,Halte SMP N 14,smp n 14,,110.3598915994072,-7.786639735892905,2026-08-24T02:10:55.552Z
6a8bab13a4262ae1033d0c6b,Halte TJ Mangkubumi 1,mangkubumi 1,,110.36684580652371,-7.784746410935341,2026-08-24T02:23:15.229Z
6a8bac5fa4262ae1033d0d42,Halte TJ Mangkubumi 2,mangkubumi 2,,110.3665164836438,-7.787650230803976,2026-08-24T02:28:47.532Z
6a8c3bdb52d86e03b51a2c5e,Halte Taksi Jalan P.Mangkubumi,taksi jalan p mangkubumi,,110.36701426442198,-7.783548753631777,2026-08-24T12:40:59.942Z
6a8c457252d86e03b51a39d3,Halte TJ Mangkubumi 1,mangkubumi 1,,110.36683935985099,-7.784749271429504,2026-08-24T13:21:54.789Z
6a8ceff1eca288692ef36913,Halte RS Sardjito Barat,rs sardjito barat,,110.37420361014381,-7.767887440982534,2026-08-25T01:29:21.840Z
6a8cf0f7eca288692ef36a11,Halte RS Sardjito Timur,rs sardjito timur,,110.37421955581817,-7.767908992696846,2026-08-25T01:33:43.116Z
6a8cf2aceca288692ef36aa9,Halte MM UGM - Depan ATM BNI,mm ugm depan atm bni,,110.3770802220306,-7.76505529366294,2026-08-25T01:41:00.312Z
6a8cf35c52d86e03b51a595f,Halte Biologi UGM,biologi ugm,,110.3767941399006,-7.765264836068539,2026-08-25T01:43:56.563Z
6a8cf57152d86e03b51a5a67,Halte FKG UGM A,fkg ugm a,,110.37520499526164,-7.771397214324622,2026-08-25T01:52:49.314Z
6a8cf67ceca288692ef36cd9,Halte FKG UGM B,fkg ugm b,,110.37534514299637,-7.771510215591562,2026-08-25T01:57:16.428Z
6a8cf95352d86e03b51a5c10,Halte Kopma UGM,kopma ugm,,110.37513742326371,-7.774292469348211,2026-08-25T02:09:23.903Z
6a8cfb1f52d86e03b51a5dd9,Halte Vokasi UGM,vokasi ugm,,110.3749454685335,-7.774505145151281,2026-08-25T02:17:03.498Z
6a8d00b0eca288692ef3728a,Halte Cik Di Tiro,cik di tiro,,110.37512734006174,-7.782377312450095,2026-08-25T02:40:48.132Z
6a8d030852d86e03b51a6199,Halte DR. Yap,dr yap,,110.37518791008392,-7.781194844807317,2026-08-25T02:50:48.266Z
6a8d045352d86e03b51a6286,Halte SMPN 1,smpn 1,,110.37587764703159,-7.777893155394906,2026-08-25T02:56:19.376Z
6a8d05a3eca288692ef3754c,Halte RS Panti Rapih,rs panti rapih,,110.37576845816852,-7.77756971391652,2026-08-25T03:01:55.506Z
6a8d081852d86e03b51a643e,Halte Kosudgama,kosudgama,,110.37864509142526,-7.776162838724844,2026-08-25T03:12:24.423Z
6a8d0a83eca288692ef377ee,Halte RS Panti Rapih,rs panti rapih,,110.37822992213239,-7.776234113554651,2026-08-25T03:22:43.253Z
6a8d0e9c52d86e03b51a67b9,Halte TPB Teknik UGM 2 (Selatan),teknik ugm 2,S,110.3745721416305,-7.764267293478937,2026-08-25T03:40:12.101Z
6a8d0f6152d86e03b51a6841,HalteTPB Teknik UGM 1 (Utara),haltetpb teknik ugm 1,N,110.37472961354655,-7.7641003755050235,2026-08-25T03:43:29.685Z
6a8d2d6deca288692ef38ec7,Halte Perumahan Nogotirto,perumahan nogotirto,,110.33618856231715,-7.763668578125316,2026-08-25T05:51:41.604Z
6a8d308152d86e03b51a7f89,Halte UMY B,umy b,,110.32462846981775,-7.811840322546502,2026-08-25T06:04:49.765Z
6a8d35ac52d86e03b51a85d0,Halte UAD Ring Road Selatan B,uad ring road selatan b,,110.38316997516313,-7.834879472745257,2026-08-25T06:26:52.296Z
6a8d37e352d86e03b51a8a8b,Halte UAD Ring Road Selatan A,uad ring road selatan a,,110.38305739882435,-7.835201499990965,2026-08-25T06:36:19.651Z
6a8d38c9eca288692ef39f38,Halte Depan UNY,depan uny,,110.38747669999998,-7.77783,2026-08-25T06:40:09.422Z
6a8d399552d86e03b51a8e6c,Halte Simpang Wojo,simpang wojo,,110.37376259705007,-7.8363931103692295,2026-08-25T06:43:33.941Z
6a8d39db52d86e03b51a8ece,Halte Jl. Colombo UNY,jalan colombo uny,,110.38656902084153,-7.777819224696188,2026-08-25T06:44:43.633Z
6a8d3c3052d86e03b51a9270,Halte Druwo A,druwo a,,110.36646357747759,-7.833864879801714,2026-08-25T06:54:40.657Z
6a8d3c84eca288692ef3a5ff,Halte Druwo B,druwo b,,110.36666430409952,-7.833556389829525,2026-08-25T06:56:04.556Z
6a8d3e30eca288692ef3a8fc,Halte Jogokariyan A,jogokariyan a,,110.36772397957435,-7.8238401652126015,2026-08-25T07:03:12.109Z
6a8d3ec1eca288692ef3a988,Halte Jogokariyan B,jogokariyan b,,110.36784165747628,-7.823252720892327,2026-08-25T07:05:37.436Z
6a8d417b52d86e03b51a99d5,Halte Jokteng Wetan,jokteng wetan,,110.36709247629614,-7.814695699174138,2026-08-25T07:17:15.882Z
6a8d43e8eca288692ef3b00c,Halte SMAN 7,sman 7,,110.35824780362691,-7.813510559506541,2026-08-25T07:27:36.885Z
6a8d470c52d86e03b51aa113,Halte Pasar Serangan A,pasar serangan a,,110.3542366775277,-7.801076533486338,2026-08-25T07:41:00.993Z
6a8d487eeca288692ef3b4d2,Halte Pasar Serangan B,pasar serangan b,,110.35311920594921,-7.801045324399098,2026-08-25T07:47:10.285Z
6a8d49f652d86e03b51aa44c,Halte SMAN 1 A,sman 1 a,,110.35215644875063,-7.799414141999378,2026-08-25T07:53:26.421Z
6a8d4afa52d86e03b51aa51f,Halte SMAN 1 B,sman 1 b,,110.35227795601219,-7.799004716356819,2026-08-25T07:57:46.133Z
6a8d4cbc52d86e03b51aa790,Halte SMPN 11,smpn 11,,110.35336727286722,-7.793053560897515,2026-08-25T08:05:16.163Z
6a8d4dbb52d86e03b51aa8ae,Halte Saudagaran,saudagaran,,110.35353826170126,-7.792417567752096,2026-08-25T08:09:31.004Z
6a8d6eb952d86e03b51ac23f,Halte Trans Jogja - Halte Terminal Giwangan,terminal giwangan,,110.39183977163486,-7.834127418517099,2026-08-25T10:30:17.563Z
6a8d7398eca288692ef3da8b,HALTE TAKSI URIP SUMOHARJO,taksi urip sumoharjo,,110.38428667127943,-7.783115407637396,2026-08-25T10:51:04.586Z
6a8d73baeca288692ef3dad8,Halte Trans Jogja - Halte XT Square (Pusat Seni Kerajinan Yogyakarta) an,xt square pusat seni kerajinan yogyakarta an,,110.38593379147761,-7.816232933352296,2026-08-25T10:51:38.034Z
6a8d757252d86e03b51ac7f6,HALTE SUDIRMAN BETHESDA,sudirman bethesda,,110.37786262137291,-7.783064172792365,2026-08-25T10:58:58.622Z
6a8d77b552d86e03b51acbf3,HALTE TJ CIK DI TIRO 2,cik di tiro 2,,110.37518200888871,-7.78119792960976,2026-08-25T11:08:37.384Z
6a8d799852d86e03b51acfac,HALTE SMPN 1 YOGYAKARTA,smpn 1 yogyakarta,,110.37573404625363,-7.777552952341509,2026-08-25T11:16:40.317Z
6a8d7e2452d86e03b51adbe2,Halte Jlagran stasiun Tugu,jlagran stasiun tugu,,110.36186320559472,-7.789706112181804,2026-08-25T11:36:04.591Z
6a8d90f552d86e03b51af343,Halte Mangkubumi 2 deoan Grand Zuri,mangkubumi 2 deoan grand zuri,,110.36652305428845,-7.7876531972966205,2026-08-25T12:56:21.339Z
6a8da00952d86e03b51b032c,Halte Trans Jogja - Halte Transmart,transmart,,110.42021687192937,-7.783282058129885,2026-08-25T14:00:41.141Z
6a8e78f452d86e03b51b44d5,Halte Santren B,santren b,,110.39233672460091,-7.765872802964594,2026-08-26T05:26:12.004Z
6a8e970046690fc6c68d9f71,Halte Sanata Dharma,sanata dharma,,110.38929278399246,-7.775092965334977,2026-08-26T07:34:24.519Z
6a8e9ac146690fc6c68da2e3,Halte Plaza UNY,plaza uny,,110.38906775739389,-7.775019362075398,2026-08-26T07:50:25.686Z
6a8e9c3b52d86e03b51b5e70,Halte Pasar Demangan,pasar demangan,,110.38846776345031,-7.779400709828366,2026-08-26T07:56:43.934Z
6a8e9da652d86e03b51b5faa,Halte RRI Gejayan,rri gejayan,,110.38832712418196,-7.779318853852615,2026-08-26T08:02:46.495Z
6a8e9ebc52d86e03b51b605d,Halte Samirono,samirono,,110.38769878188862,-7.777673102611914,2026-08-26T08:07:24.417Z
6a8edc3b52d86e03b51b9e7e,Halte Trans Jogja - Halte RRU Kentungan,rru kentungan,,110.38472856675907,-7.756059639836536,2026-08-26T12:29:47.965Z
6a8ee08652d86e03b51ba5d2,Halte Trans Jogja - Halte Terminal Condongcatur,terminal condongcatur,,110.3958987657677,-7.756704954686867,2026-08-26T12:48:06.486Z
6a8fcdd05148674129bac313,HALTE TJ SMPN 5 YOGYAKARTA,smpn 5 yogyakarta,,110.37527069999999,-7.7871872,2026-08-27T05:40:32.699Z
6a902bfc52d86e03b51c3e10,Halte Pakem di Malam Hari,pakem di malam hari,,110.4202695737306,-7.66674722554005,2026-08-27T12:22:20.098Z
6a90f1c652d86e03b51c7896,Halte Katamso 2,katamso 2,,110.36915890069764,-7.802704031328503,2026-08-28T02:26:14.006Z
6a91863952d86e03b51d0b68,Halte TransJogja Kosudgama,transjogja kosudgama,,110.37864632376045,-7.776138860234752,2026-08-28T12:59:37.950Z
6a92c82652d86e03b51dbb4a,Halte Wonocatur,wonocatur,,110.40645039690395,-7.798686441635368,2026-08-29T11:53:10.481Z
6a92ccbc52d86e03b51dc541,Halte UTY Glagahsari A,uty glagahsari a,,110.38845509999442,-7.8055499000184625,2026-08-29T12:12:44.718Z
6a92ce6f52d86e03b51dc8b3,Halte UTY Glagahsari B,uty glagahsari b,,110.38831021032229,-7.805633045569223,2026-08-29T12:19:59.344Z
6a92d19952d86e03b51dd0d3,Halte APMD A,apmd a,,110.39334560001697,-7.791127300004874,2026-08-29T12:33:29.848Z
6a92d25052d86e03b51dd248,Halte APMD B,apmd b,,110.39322270000002,-7.7916055,2026-08-29T12:36:32.216Z
6a92d56952d86e03b51dd824,Halte UIN Sunan Kalijaga B,uin sunan kalijaga b,,110.39475350037242,-7.785849771517988,2026-08-29T12:49:45.573Z
6a92d63852d86e03b51dd95f,Halte UIN Sunan Kalijaga A,uin sunan kalijaga a,,110.39484944411095,-7.786173028766598,2026-08-29T12:53:12.861Z
6a92d9d852d86e03b51ddbd2,Halte Samirono,samirono,,110.38753936487592,-7.77771952559074,2026-08-29T13:08:40.940Z
6a92db7152d86e03b51ddde5,Halte UNY Colombo,uny colombo,,110.38656560827559,-7.777823342371818,2026-08-29T13:15:29.237Z
6a93860152d86e03b51e2b1d,"Halte Park And Ride Trans Jogja Ambarketawang, Gamping",park and ride trans jogja ambarketawang gamping,,110.31473867782381,-7.802368070171852,2026-08-30T01:23:13.248Z
6a9392d352d86e03b51e30da,Halte Among Rogo B,among rogo b,,110.38488776011417,-7.798469504272177,2026-08-30T02:17:55.669Z
6a93933052d86e03b51e3201,Halte Among Rogo A,among rogo a,,110.38480921147521,-7.798480522216252,2026-08-30T02:19:28.305Z
6a93942452d86e03b51e3379,Halte Dr. Sutopo Kota Barat,dr sutopo kota barat,,110.37774892838047,-7.79567313411313,2026-08-30T02:23:32.817Z
6a939468dc237a3a8a7a0bf6,Halte SMP Kanisius Gayam Timur,smp kanisius gayam timur,,110.37780935550774,-7.7956066832174855,2026-08-30T02:24:40.008Z
6a939556dc237a3a8a7a0c23,Halte Mandala Krida A,mandala krida a,,110.38302820038325,-7.797559578633297,2026-08-30T02:28:38.200Z
6a9395eedc237a3a8a7a0c75,Halte Mandala Krida B,mandala krida b,,110.38315090002288,-7.797483000027199,2026-08-30T02:31:10.972Z
6a93990852d86e03b51e35da,Halte SMKN 5 Yogyakarta A,smkn 5 yogyakarta a,,110.39492900001528,-7.800390400018401,2026-08-30T02:44:24.149Z
6a939a08dc237a3a8a7a0f12,Halte SMKN 5 Yogyakarta B,smkn 5 yogyakarta b,,110.39511847740226,-7.8004449870092145,2026-08-30T02:48:40.489Z
6a939c2052d86e03b51e3909,Halte Gembira Loka B,gembira loka b,,110.39890006084181,-7.8021697986454654,2026-08-30T02:57:36.272Z
6a939db0dc237a3a8a7a12dd,Halte Gembira Loka A,gembira loka a,,110.40007064518875,-7.80223291459842,2026-08-30T03:04:16.970Z
6a939f8952d86e03b51e3c50,Halte Banguntapan B,banguntapan b,,110.40221110000465,-7.807193699990009,2026-08-30T03:12:09.766Z
6a93a0cf52d86e03b51e3cc6,Halte Banguntapan A,banguntapan a,,110.40213096663405,-7.807751920699857,2026-08-30T03:17:35.706Z
6a93a3aadc237a3a8a7a1649,Halte Gambiran B,gambiran b,,110.39090624605723,-7.817090693396565,2026-08-30T03:29:46.813Z
6a93a40452d86e03b51e3e65,Halte Gambiran A,gambiran a,,110.39098195776171,-7.8169272310724836,2026-08-30T03:31:16.771Z
6a93d62f52d86e03b51e6191,Halte Jurug 2 (Dekat Solo Safari),jurug 2 dekat solo safari,,110.37796639999999,-7.7667227,2026-08-30T07:05:19.102Z
