route_id,from_stop_sequence,to_stop_sequence,from_stop_id,to_stop_id,travel_time_s,observation_count,statistic,is_estimated,source_file,source_page,effective_from,effective_until,source_last_updated,freshness_as_of,freshness_status
12,1,2,bus-terminal-condongcatur-fcb890e4,bus-spbu-concat-e-e9b46f87,60,42,median,true,Peta Integrasi Angkutan Umum.pdf,4,2025-12-01,,,2026-09-12,unverified
12,2,3,bus-spbu-concat-e-e9b46f87,bus-prayan-e-d22ce9c8,60,42,median,true,Peta Integrasi Angkutan Umum.pdf,4,2025-12-01,,,2026-09-12,unverified
12,3,4,bus-prayan-e-d22ce9c8,bus-susteran-novisiat-e-5af4d58e,60,42,median,true,Peta Integrasi Angkutan Umum.pdf,4,2025-12-01,,,2026-09-12,unverified
12,4,5,bus-susteran-novisiat-e-5af4d58e,bus-sanata-dharma-e-fb763e5c,180,42,median,true,Peta Integrasi Angkutan Umum.pdf,4,2025-12-01,,,2026-09-12,unverified
12,5,6,bus-sanata-dharma-e-fb763e5c,bus-samirono-s-21198e04,60,42,median,true,Peta Integrasi Angkutan Umum.pdf,4,2025-12-01,,,2026-09-12,unverified
12,6,7,bus-samirono-s-21198e04,bus-rs-panti-rapih-s-d7666844,180,42,median,true,Peta Integrasi Angkutan Umum.pdf,4,2025-12-01,,,2026-09-12,unverified
12,7,8,bus-rs-panti-rapih-s-d7666844,bus-vokasi-ugm-w-08874eb4,120,42,median,true,Peta Integrasi Angkutan Umum.pdf,4,2025-12-01,,,2026-09-12,unverified
12,8,9,bus-vokasi-ugm-w-08874eb4,bus-fkg-ugm-s-1cd7bfe3,60,42,median,true,Peta Integrasi Angkutan Umum.pdf,4,2025-12-01,,,2026-09-12,unverified
12,9,10,bus-fkg-ugm-s-1cd7bfe3,bus-rs-sardjito-w-0ad8bcca,120,42,median,true,Peta Integrasi Angkutan Umum.pdf,4,2025-12-01,,,2026-09-12,unverified
12,10,11,bus-rs-sardjito-w-0ad8bcca,bus-mm-ugm-n-b464f66e,180,42,median,true,Peta Integrasi Angkutan Umum.pdf,4,2025-12-01,,,2026-09-12,unverified
12,11,12,bus-mm-ugm-n-b464f66e,bus-hotel-vidi-w-54b7fd5e,120,42,median,true,Peta Integrasi Angkutan Umum.pdf,4,2025-12-01,,,2026-09-12,unverified
12,12,13,bus-hotel-vidi-w-54b7fd5e,bus-hokben-jakal-w-08061330,60,42,median,true,Peta Integrasi Angkutan Umum.pdf,4,2025-12-01,,,2026-09-12,unverified
12,13,14,bus-hokben-jakal-w-08061330,bus-superindo-jakal-w-7c86126c,120,42,median,true,Peta Integrasi Angkutan Umum.pdf,4,2025-12-01,,,2026-09-12,unverified
12,14,15,bus-superindo-jakal-w-7c86126c,bus-pasar-kolombo-w-8477d636,120,42,median,true,Peta Integrasi Angkutan Umum.pdf,4,2025-12-01,,,2026-09-12,unverified
12,15,16,bus-pasar-kolombo-w-8477d636,bus-gardu-pln-w-546add69,120,42,median,true,Peta Integrasi Angkutan Umum.pdf,4,2025-12-01,,,2026-09-12,unverified
12,16,17,bus-gardu-pln-w-546add69,bus-simpang-palem-raya-w-c647ecce,240,42,median,true,Peta Integrasi Angkutan Umum.pdf,4,2025-12-01,,,2026-09-12,unverified
12,17,18,bus-simpang-palem-raya-w-c647ecce,bus-kantor-kap-ngaglik-w-0025595c,120,42,median,true,Peta Integrasi Angkutan Umum.pdf,4,2025-12-01,,,2026-09-12,unverified
12,18,19,bus-kantor-kap-ngaglik-w-0025595c,bus-puskesmas-ngaglik-w-6d1129d1,60,42,median,true,Peta Integrasi Angkutan Umum.pdf,4,2025-12-01,,,2026-09-12,unverified
12,19,20,bus-puskesmas-ngaglik-w-6d1129d1,bus-smpn-2-ngaglik-w-aa32d431,120,42,median,true,Peta Integrasi Angkutan Umum.pdf,4,2025-12-01,,,2026-09-12,unverified
12,20,21,bus-smpn-2-ngaglik-w-aa32d431,bus-spbu-jakal-w-5de81e09,120,42,median,true,Peta Integrasi Angkutan Umum.pdf,4,2025-12-01,,,2026-09-12,unverified
12,21,22,bus-spbu-jakal-w-5de81e09,bus-wedangan-kampoeng-w-12246027,180,42,median,true,Peta Integrasi Angkutan Umum.pdf,4,2025-12-01,,,2026-09-12,unverified
12,22,23,bus-wedangan-kampoeng-w-12246027,bus-simpang-besi-jakal-w-586c481c,60,42,median,true,Peta Integrasi Angkutan Umum.pdf,4,2025-12-01,,,2026-09-12,unverified
12,23,24,bus-simpang-besi-jakal-w-586c481c,bus-yakkum-w-f4278b8b,60,42,median,true,Peta Integrasi Angkutan Umum.pdf,4,2025-12-01,,,2026-09-12,unverified
12,24,25,bus-yakkum-w-f4278b8b,bus-boulevard-uii-1c76a601,300,42,median,true,Peta Integrasi Angkutan Umum.pdf,4,2025-12-01,,,2026-09-12,unverified
12,25,26,bus-boulevard-uii-1c76a601,bus-uii-w-d1ee7fb5,60,42,median,true,Peta Integrasi Angkutan Umum.pdf,4,2025-12-01,,,2026-09-12,unverified
12,26,27,bus-uii-w-d1ee7fb5,bus-simpang-degolan-w-7a0abd76,60,42,median,true,Peta Integrasi Angkutan Umum.pdf,4,2025-12-01,,,2026-09-12,unverified
12,27,28,bus-simpang-degolan-w-7a0abd76,bus-raminten-w-04c634dd,180,42,median,true,Peta Integrasi Angkutan Umum.pdf,4,2025-12-01,,,2026-09-12,unverified
12,28,29,bus-raminten-w-04c634dd,bus-dusun-kledokan-w-a0cbb57b,60,42,median,true,Peta Integrasi Angkutan Umum.pdf,4,2025-12-01,,,2026-09-12,unverified
12,29,30,bus-dusun-kledokan-w-a0cbb57b,bus-rs-panti-nugroho-w-d4c819de,60,42,median,true,Peta Integrasi Angkutan Umum.pdf,4,2025-12-01,,,2026-09-12,unverified
12,30,31,bus-rs-panti-nugroho-w-d4c819de,bus-terminal-pakem-ee26af28,120,42,median,true,Peta Integrasi Angkutan Umum.pdf,4,2025-12-01,,,2026-09-12,unverified
12,31,32,bus-terminal-pakem-ee26af28,bus-sdn-percobaan-3-pakem-cdf97104,120,42,median,true,Peta Integrasi Angkutan Umum.pdf,4,2025-12-01,,,2026-09-12,unverified
12,32,33,bus-sdn-percobaan-3-pakem-cdf97104,bus-smpn-4-pakem-e-ca3b6e77,60,42,median,true,Peta Integrasi Angkutan Umum.pdf,4,2025-12-01,,,2026-09-12,unverified
12,33,34,bus-smpn-4-pakem-e-ca3b6e77,bus-dusun-kledokan-e-4b0dcd88,120,42,median,true,Peta Integrasi Angkutan Umum.pdf,4,2025-12-01,,,2026-09-12,unverified
12,34,35,bus-dusun-kledokan-e-4b0dcd88,bus-raminten-e-eb1b3bbb,60,42,median,true,Peta Integrasi Angkutan Umum.pdf,4,2025-12-01,,,2026-09-12,unverified
12,35,36,bus-raminten-e-eb1b3bbb,bus-simpang-degolan-e-2f99e19e,180,42,median,true,Peta Integrasi Angkutan Umum.pdf,4,2025-12-01,,,2026-09-12,unverified
12,36,37,bus-simpang-degolan-e-2f99e19e,bus-boulevard-uii-1c76a601,60,42,median,true,Peta Integrasi Angkutan Umum.pdf,4,2025-12-01,,,2026-09-12,unverified
12,37,38,bus-boulevard-uii-1c76a601,bus-uii-e-1d36c15a,60,42,median,true,Peta Integrasi Angkutan Umum.pdf,4,2025-12-01,,,2026-09-12,unverified
12,38,39,bus-uii-e-1d36c15a,bus-yakkum-e-64febcd3,60,42,median,true,Peta Integrasi Angkutan Umum.pdf,4,2025-12-01,,,2026-09-12,unverified
12,39,40,bus-yakkum-e-64febcd3,bus-simpang-besi-jakal-e-f8dc4eec,60,42,median,true,Peta Integrasi Angkutan Umum.pdf,4,2025-12-01,,,2026-09-12,unverified
12,40,41,bus-simpang-besi-jakal-e-f8dc4eec,bus-wedangan-kampoeng-e-ceacc5d5,60,42,median,true,Peta Integrasi Angkutan Umum.pdf,4,2025-12-01,,,2026-09-12,unverified
12,41,42,bus-wedangan-kampoeng-e-ceacc5d5,bus-spbu-jakal-e-21fa9d89,120,42,median,true,Peta Integrasi Angkutan Umum.pdf,4,2025-12-01,,,2026-09-12,unverified
12,42,43,bus-spbu-jakal-e-21fa9d89,bus-smpn-2-ngaglik-e-896a85b0,60,42,median,true,Peta Integrasi Angkutan Umum.pdf,4,2025-12-01,,,2026-09-12,unverified
12,43,44,bus-smpn-2-ngaglik-e-896a85b0,bus-puskesmas-ngaglik-e-30242ad9,60,42,median,true,Peta Integrasi Angkutan Umum.pdf,4,2025-12-01,,,2026-09-12,unverified
12,44,45,bus-puskesmas-ngaglik-e-30242ad9,bus-tk-bias-e-49f1378f,60,42,median,true,Peta Integrasi Angkutan Umum.pdf,4,2025-12-01,,,2026-09-12,unverified
12,45,46,bus-tk-bias-e-49f1378f,bus-simpang-palem-raya-e-c72c93bc,120,42,median,true,Peta Integrasi Angkutan Umum.pdf,4,2025-12-01,,,2026-09-12,unverified
12,46,47,bus-simpang-palem-raya-e-c72c93bc,bus-gardu-pln-e-2cf004b2,240,42,median,true,Peta Integrasi Angkutan Umum.pdf,4,2025-12-01,,,2026-09-12,unverified
12,47,48,bus-gardu-pln-e-2cf004b2,bus-pasar-kolombo-e-853be528,120,42,median,true,Peta Integrasi Angkutan Umum.pdf,4,2025-12-01,,,2026-09-12,unverified
12,48,49,bus-pasar-kolombo-e-853be528,bus-superindo-jakal-e-c89a3713,180,42,median,true,Peta Integrasi Angkutan Umum.pdf,4,2025-12-01,,,2026-09-12,unverified
12,49,50,bus-superindo-jakal-e-c89a3713,bus-hokben-jakal-e-d425d6fc,120,42,median,true,Peta Integrasi Angkutan Umum.pdf,4,2025-12-01,,,2026-09-12,unverified
12,50,51,bus-hokben-jakal-e-d425d6fc,bus-mcd-jakal-e-a028dcde,240,42,median,true,Peta Integrasi Angkutan Umum.pdf,4,2025-12-01,,,2026-09-12,unverified
12,51,52,bus-mcd-jakal-e-a028dcde,bus-biologi-ugm-s-9cd9d036,120,42,median,true,Peta Integrasi Angkutan Umum.pdf,4,2025-12-01,,,2026-09-12,unverified
12,52,53,bus-biologi-ugm-s-9cd9d036,bus-rs-sardjito-e-a2691dbb,120,42,median,true,Peta Integrasi Angkutan Umum.pdf,4,2025-12-01,,,2026-09-12,unverified
12,53,54,bus-rs-sardjito-e-a2691dbb,bus-fkg-ugm-n-14f6b4a2,120,42,median,true,Peta Integrasi Angkutan Umum.pdf,4,2025-12-01,,,2026-09-12,unverified
12,54,55,bus-fkg-ugm-n-14f6b4a2,bus-vokasi-ugm-e-2e702393,60,42,median,true,Peta Integrasi Angkutan Umum.pdf,4,2025-12-01,,,2026-09-12,unverified
12,55,56,bus-vokasi-ugm-e-2e702393,bus-kosudgama-n-88e06d80,120,42,median,true,Peta Integrasi Angkutan Umum.pdf,4,2025-12-01,,,2026-09-12,unverified
12,56,57,bus-kosudgama-n-88e06d80,bus-uny-colombo-n-97a5170f,180,42,median,true,Peta Integrasi Angkutan Umum.pdf,4,2025-12-01,,,2026-09-12,unverified
12,57,58,bus-uny-colombo-n-97a5170f,bus-plaza-uny-w-812d2136,120,42,median,true,Peta Integrasi Angkutan Umum.pdf,4,2025-12-01,,,2026-09-12,unverified
12,58,59,bus-plaza-uny-w-812d2136,bus-santren-w-d0361cb1,180,42,median,true,Peta Integrasi Angkutan Umum.pdf,4,2025-12-01,,,2026-09-12,unverified
12,59,60,bus-santren-w-d0361cb1,bus-prayan-w-756ecdc4,120,42,median,true,Peta Integrasi Angkutan Umum.pdf,4,2025-12-01,,,2026-09-12,unverified
12,60,61,bus-prayan-w-756ecdc4,bus-spbu-concat-w-5ef7d708,60,42,median,true,Peta Integrasi Angkutan Umum.pdf,4,2025-12-01,,,2026-09-12,unverified
12,61,62,bus-spbu-concat-w-5ef7d708,bus-terminal-condongcatur-fcb890e4,120,42,median,true,Peta Integrasi Angkutan Umum.pdf,4,2025-12-01,,,2026-09-12,unverified
13,1,2,bus-pusat-kuliner-belut-godean-7bc5eef1,bus-kantor-kap-godean-n-0acc0655,120,26,median,true,Peta Integrasi Angkutan Umum.pdf,5,2025-12-01,,,2026-09-12,unverified
13,2,3,bus-kantor-kap-godean-n-0acc0655,bus-simpang-mandungan-n-8202f0dc,60,26,median,true,Peta Integrasi Angkutan Umum.pdf,5,2025-12-01,,,2026-09-12,unverified
13,3,4,bus-simpang-mandungan-n-8202f0dc,bus-koramil-godean-n-20a03d03,60,26,median,true,Peta Integrasi Angkutan Umum.pdf,5,2025-12-01,,,2026-09-12,unverified
13,4,5,bus-koramil-godean-n-20a03d03,bus-polsek-godean-n-3c7bcc85,60,26,median,true,Peta Integrasi Angkutan Umum.pdf,5,2025-12-01,,,2026-09-12,unverified
13,5,6,bus-polsek-godean-n-3c7bcc85,bus-neutron-godean-n-9dbb4be6,60,26,median,true,Peta Integrasi Angkutan Umum.pdf,5,2025-12-01,,,2026-09-12,unverified
13,6,7,bus-neutron-godean-n-9dbb4be6,bus-indomaret-klajuran-n-05d831ba,60,26,median,true,Peta Integrasi Angkutan Umum.pdf,5,2025-12-01,,,2026-09-12,unverified
13,7,8,bus-indomaret-klajuran-n-05d831ba,bus-simpang-gesikan-n-5f50bca2,120,26,median,true,Peta Integrasi Angkutan Umum.pdf,5,2025-12-01,,,2026-09-12,unverified
13,8,9,bus-simpang-gesikan-n-5f50bca2,bus-simpang-munggur-n-d001f974,60,26,median,true,Peta Integrasi Angkutan Umum.pdf,5,2025-12-01,,,2026-09-12,unverified
13,9,10,bus-simpang-munggur-n-d001f974,bus-simpang-bantulan-n-a468e92b,120,26,median,true,Peta Integrasi Angkutan Umum.pdf,5,2025-12-01,,,2026-09-12,unverified
13,10,11,bus-simpang-bantulan-n-a468e92b,bus-kantor-kal-sidoarum-n-075c84d5,120,26,median,true,Peta Integrasi Angkutan Umum.pdf,5,2025-12-01,,,2026-09-12,unverified
13,11,12,bus-kantor-kal-sidoarum-n-075c84d5,bus-toko-saerah-n-27c4075a,60,26,median,true,Peta Integrasi Angkutan Umum.pdf,5,2025-12-01,,,2026-09-12,unverified
13,12,13,bus-toko-saerah-n-27c4075a,bus-nogotirto-metro-n-4198d454,180,26,median,true,Peta Integrasi Angkutan Umum.pdf,5,2025-12-01,,,2026-09-12,unverified
13,13,14,bus-nogotirto-metro-n-4198d454,bus-kantor-pos-demak-ijo-n-94aec63b,60,26,median,true,Peta Integrasi Angkutan Umum.pdf,5,2025-12-01,,,2026-09-12,unverified
13,14,15,bus-kantor-pos-demak-ijo-n-94aec63b,bus-sdn-1-demak-ijo-n-6c5c9e34,60,26,median,true,Peta Integrasi Angkutan Umum.pdf,5,2025-12-01,,,2026-09-12,unverified
13,15,16,bus-sdn-1-demak-ijo-n-6c5c9e34,bus-pasar-tlogorejo-n-f99b5a4c,60,26,median,true,Peta Integrasi Angkutan Umum.pdf,5,2025-12-01,,,2026-09-12,unverified
13,16,17,bus-pasar-tlogorejo-n-f99b5a4c,bus-mcd-godean-f30996f8,60,26,median,true,Peta Integrasi Angkutan Umum.pdf,5,2025-12-01,,,2026-09-12,unverified
13,17,18,bus-mcd-godean-f30996f8,bus-mirota-godean-n-b3b375ef,210,26,median,true,Peta Integrasi Angkutan Umum.pdf,5,2025-12-01,,,2026-09-12,unverified
13,18,19,bus-mirota-godean-n-b3b375ef,bus-bkd-c482af74,180,26,median,true,Peta Integrasi Angkutan Umum.pdf,5,2025-12-01,,,2026-09-12,unverified
13,19,20,bus-bkd-c482af74,bus-pasar-pingit-n-b419e949,60,26,median,true,Peta Integrasi Angkutan Umum.pdf,5,2025-12-01,,,2026-09-12,unverified
13,20,21,bus-pasar-pingit-n-b419e949,bus-pasar-kranggan-selatan-bb2be0b9,240,26,median,true,Peta Integrasi Angkutan Umum.pdf,5,2025-12-01,,,2026-09-12,unverified
13,21,22,bus-pasar-kranggan-selatan-bb2be0b9,bus-jend-sudirman-n-31ca1789,60,26,median,true,Peta Integrasi Angkutan Umum.pdf,5,2025-12-01,,,2026-09-12,unverified
13,22,23,bus-jend-sudirman-n-31ca1789,bus-bulog-970050c0,240,26,median,true,Peta Integrasi Angkutan Umum.pdf,5,2025-12-01,,,2026-09-12,unverified
13,23,24,bus-bulog-970050c0,bus-kridosono-2bc75039,0,26,median,true,Peta Integrasi Angkutan Umum.pdf,5,2025-12-01,,,2026-09-12,unverified
13,24,25,bus-kridosono-2bc75039,bus-eks-menara-kopi-s-dd0efb75,120,27,median,true,Peta Integrasi Angkutan Umum.pdf,5,2025-12-01,,,2026-09-12,unverified
13,25,26,bus-eks-menara-kopi-s-dd0efb75,bus-malioboro-1-b886c248,180,27,median,true,Peta Integrasi Angkutan Umum.pdf,5,2025-12-01,,,2026-09-12,unverified
13,26,27,bus-malioboro-1-b886c248,bus-malioboro-2-d94095d5,120,27,median,true,Peta Integrasi Angkutan Umum.pdf,5,2025-12-01,,,2026-09-12,unverified
13,27,28,bus-malioboro-2-d94095d5,bus-malioboro-3-d1dc4d12,120,27,median,true,Peta Integrasi Angkutan Umum.pdf,5,2025-12-01,,,2026-09-12,unverified
13,28,29,bus-malioboro-3-d1dc4d12,bus-kha-dahlan-s-065936ef,180,25,median,true,Peta Integrasi Angkutan Umum.pdf,5,2025-12-01,,,2026-09-12,unverified
13,29,30,bus-kha-dahlan-s-065936ef,bus-ngabean-4b97c318,180,25,median,true,Peta Integrasi Angkutan Umum.pdf,5,2025-12-01,,,2026-09-12,unverified
13,30,31,bus-ngabean-4b97c318,bus-pasar-serangan-s-be7dc238,180,25,median,true,Peta Integrasi Angkutan Umum.pdf,5,2025-12-01,,,2026-09-12,unverified
13,31,32,bus-pasar-serangan-s-be7dc238,bus-sman-1-w-f37b3466,120,25,median,true,Peta Integrasi Angkutan Umum.pdf,5,2025-12-01,,,2026-09-12,unverified
13,32,33,bus-sman-1-w-f37b3466,bus-smpn-11-w-39ca43b3,240,25,median,true,Peta Integrasi Angkutan Umum.pdf,5,2025-12-01,,,2026-09-12,unverified
13,33,34,bus-smpn-11-w-39ca43b3,bus-mirota-godean-s-d95775a6,300,25,median,true,Peta Integrasi Angkutan Umum.pdf,5,2025-12-01,,,2026-09-12,unverified
13,34,35,bus-mirota-godean-s-d95775a6,bus-dentes-godean-s-a68a5086,120,25,median,true,Peta Integrasi Angkutan Umum.pdf,5,2025-12-01,,,2026-09-12,unverified
13,35,36,bus-dentes-godean-s-a68a5086,bus-pasar-tlogorejo-s-60c6acc1,120,25,median,true,Peta Integrasi Angkutan Umum.pdf,5,2025-12-01,,,2026-09-12,unverified
13,36,37,bus-pasar-tlogorejo-s-60c6acc1,bus-sdn-1-demak-ijo-s-62cb8e60,120,25,median,true,Peta Integrasi Angkutan Umum.pdf,5,2025-12-01,,,2026-09-12,unverified
13,37,38,bus-sdn-1-demak-ijo-s-62cb8e60,bus-kantor-pos-demak-ijo-s-7564089a,60,25,median,true,Peta Integrasi Angkutan Umum.pdf,5,2025-12-01,,,2026-09-12,unverified
13,38,39,bus-kantor-pos-demak-ijo-s-7564089a,bus-nogotirto-metro-s-e4ea92a9,60,25,median,true,Peta Integrasi Angkutan Umum.pdf,5,2025-12-01,,,2026-09-12,unverified
13,39,40,bus-nogotirto-metro-s-e4ea92a9,bus-toko-saerah-s-526320bd,180,25,median,true,Peta Integrasi Angkutan Umum.pdf,5,2025-12-01,,,2026-09-12,unverified
13,40,41,bus-toko-saerah-s-526320bd,bus-kantor-kal-sidoarum-s-5d651e88,60,25,median,true,Peta Integrasi Angkutan Umum.pdf,5,2025-12-01,,,2026-09-12,unverified
13,41,42,bus-kantor-kal-sidoarum-s-5d651e88,bus-simpang-bantulan-s-6078c446,120,25,median,true,Peta Integrasi Angkutan Umum.pdf,5,2025-12-01,,,2026-09-12,unverified
13,42,43,bus-simpang-bantulan-s-6078c446,bus-simpang-munggur-s-cd527d2a,120,25,median,true,Peta Integrasi Angkutan Umum.pdf,5,2025-12-01,,,2026-09-12,unverified
13,43,44,bus-simpang-munggur-s-cd527d2a,bus-simpang-gesikan-s-97fee7b8,120,25,median,true,Peta Integrasi Angkutan Umum.pdf,5,2025-12-01,,,2026-09-12,unverified
13,44,45,bus-simpang-gesikan-s-97fee7b8,bus-indomaret-klajuran-s-7a9d6d5c,180,25,median,true,Peta Integrasi Angkutan Umum.pdf,5,2025-12-01,,,2026-09-12,unverified
13,45,46,bus-indomaret-klajuran-s-7a9d6d5c,bus-neutron-godean-s-9bdb8999,60,25,median,true,Peta Integrasi Angkutan Umum.pdf,5,2025-12-01,,,2026-09-12,unverified
13,46,47,bus-neutron-godean-s-9bdb8999,bus-polsek-godean-s-0104f8d4,60,25,median,true,Peta Integrasi Angkutan Umum.pdf,5,2025-12-01,,,2026-09-12,unverified
13,47,48,bus-polsek-godean-s-0104f8d4,bus-koramil-godean-s-aac3dfdd,60,25,median,true,Peta Integrasi Angkutan Umum.pdf,5,2025-12-01,,,2026-09-12,unverified
13,48,49,bus-koramil-godean-s-aac3dfdd,bus-simpang-mandungan-s-47f3abcf,120,25,median,true,Peta Integrasi Angkutan Umum.pdf,5,2025-12-01,,,2026-09-12,unverified
13,49,50,bus-simpang-mandungan-s-47f3abcf,bus-kantor-kap-godean-s-c356edd6,60,25,median,true,Peta Integrasi Angkutan Umum.pdf,5,2025-12-01,,,2026-09-12,unverified
13,50,51,bus-kantor-kap-godean-s-c356edd6,bus-pusat-kuliner-belut-godean-7bc5eef1,180,25,median,true,Peta Integrasi Angkutan Umum.pdf,5,2025-12-01,,,2026-09-12,unverified
14,1,2,bus-bandara-adisutjipto-236fa189,bus-kkp-yogyakarta-w-5da3477b,180,30,median,true,Peta Integrasi Angkutan Umum.pdf,6,2025-12-01,,,2026-09-12,unverified
14,2,3,bus-kkp-yogyakarta-w-5da3477b,bus-disnakertrans-w-93db3168,120,30,median,true,Peta Integrasi Angkutan Umum.pdf,6,2025-12-01,,,2026-09-12,unverified
14,3,4,bus-disnakertrans-w-93db3168,bus-smkn-1-depok-w-346d033d,180,30,median,true,Peta Integrasi Angkutan Umum.pdf,6,2025-12-01,,,2026-09-12,unverified
14,4,5,bus-smkn-1-depok-w-346d033d,bus-sdn-1-depok-w-0e6bec37,60,30,median,true,Peta Integrasi Angkutan Umum.pdf,6,2025-12-01,,,2026-09-12,unverified
14,5,6,bus-sdn-1-depok-w-0e6bec37,bus-kua-depok-w-f1a5344e,60,30,median,true,Peta Integrasi Angkutan Umum.pdf,6,2025-12-01,,,2026-09-12,unverified
14,6,7,bus-kua-depok-w-f1a5344e,bus-man-2-sleman-w-1f50db53,60,30,median,true,Peta Integrasi Angkutan Umum.pdf,6,2025-12-01,,,2026-09-12,unverified
14,7,8,bus-man-2-sleman-w-1f50db53,bus-unriyo-w-b750694f,60,30,median,true,Peta Integrasi Angkutan Umum.pdf,6,2025-12-01,,,2026-09-12,unverified
14,8,9,bus-unriyo-w-b750694f,bus-budi-mulia-dua-w-ab139615,60,30,median,true,Peta Integrasi Angkutan Umum.pdf,6,2025-12-01,,,2026-09-12,unverified
14,9,10,bus-budi-mulia-dua-w-ab139615,bus-indomaret-pokoh-w-2b09e1e7,60,30,median,true,Peta Integrasi Angkutan Umum.pdf,6,2025-12-01,,,2026-09-12,unverified
14,10,11,bus-indomaret-pokoh-w-2b09e1e7,bus-kantor-kal-wedomartani-w-b2444079,60,30,median,true,Peta Integrasi Angkutan Umum.pdf,6,2025-12-01,,,2026-09-12,unverified
14,11,12,bus-kantor-kal-wedomartani-w-b2444079,bus-simpang-babadan-w-27e9420a,60,30,median,true,Peta Integrasi Angkutan Umum.pdf,6,2025-12-01,,,2026-09-12,unverified
14,12,13,bus-simpang-babadan-w-27e9420a,bus-simpang-selomartani-n-8a80108b,60,30,median,true,Peta Integrasi Angkutan Umum.pdf,6,2025-12-01,,,2026-09-12,unverified
14,13,14,bus-simpang-selomartani-n-8a80108b,bus-simpang-kabunan-n-7a88e0fe,60,30,median,true,Peta Integrasi Angkutan Umum.pdf,6,2025-12-01,,,2026-09-12,unverified
14,14,15,bus-simpang-kabunan-n-7a88e0fe,bus-jalan-raya-kabunan-n-69a2aa61,60,30,median,true,Peta Integrasi Angkutan Umum.pdf,6,2025-12-01,,,2026-09-12,unverified
14,15,16,bus-jalan-raya-kabunan-n-69a2aa61,bus-rs-kemasan-w-62b71712,60,30,median,true,Peta Integrasi Angkutan Umum.pdf,6,2025-12-01,,,2026-09-12,unverified
14,16,17,bus-rs-kemasan-w-62b71712,bus-simpang-kenti-w-9f31bb58,60,30,median,true,Peta Integrasi Angkutan Umum.pdf,6,2025-12-01,,,2026-09-12,unverified
14,17,18,bus-simpang-kenti-w-9f31bb58,bus-pasar-jangkang-s-1332b898,60,30,median,true,Peta Integrasi Angkutan Umum.pdf,6,2025-12-01,,,2026-09-12,unverified
14,18,19,bus-pasar-jangkang-s-1332b898,bus-puskesmas-ngemplak-s-a008b614,60,30,median,true,Peta Integrasi Angkutan Umum.pdf,6,2025-12-01,,,2026-09-12,unverified
14,19,20,bus-puskesmas-ngemplak-s-a008b614,bus-tugu-batas-desa-yapah-s-833f3792,60,30,median,true,Peta Integrasi Angkutan Umum.pdf,6,2025-12-01,,,2026-09-12,unverified
14,20,21,bus-tugu-batas-desa-yapah-s-833f3792,bus-timur-jembatan-yapah-s-bc77fe61,60,30,median,true,Peta Integrasi Angkutan Umum.pdf,6,2025-12-01,,,2026-09-12,unverified
14,21,22,bus-timur-jembatan-yapah-s-bc77fe61,bus-sman-2-ngaglik-s-a47bf6f9,60,30,median,true,Peta Integrasi Angkutan Umum.pdf,6,2025-12-01,,,2026-09-12,unverified
14,22,23,bus-sman-2-ngaglik-s-a47bf6f9,bus-simpang-losari-s-6d79dc16,60,30,median,true,Peta Integrasi Angkutan Umum.pdf,6,2025-12-01,,,2026-09-12,unverified
14,23,24,bus-simpang-losari-s-6d79dc16,bus-spbu-mindi-s-47802fe3,60,30,median,true,Peta Integrasi Angkutan Umum.pdf,6,2025-12-01,,,2026-09-12,unverified
14,24,25,bus-spbu-mindi-s-47802fe3,bus-lap-klidon-s-f6751617,60,30,median,true,Peta Integrasi Angkutan Umum.pdf,6,2025-12-01,,,2026-09-12,unverified
14,25,26,bus-lap-klidon-s-f6751617,bus-kantor-kal-sukoharjo-s-ae499464,60,30,median,true,Peta Integrasi Angkutan Umum.pdf,6,2025-12-01,,,2026-09-12,unverified
14,26,27,bus-kantor-kal-sukoharjo-s-ae499464,bus-sdn-selomulyo-s-70488509,60,30,median,true,Peta Integrasi Angkutan Umum.pdf,6,2025-12-01,,,2026-09-12,unverified
14,27,28,bus-sdn-selomulyo-s-70488509,bus-rsu-gramedika-s-d662374f,60,30,median,true,Peta Integrasi Angkutan Umum.pdf,6,2025-12-01,,,2026-09-12,unverified
14,28,29,bus-rsu-gramedika-s-d662374f,bus-simpang-besi-jakal-w-586c481c,60,30,median,true,Peta Integrasi Angkutan Umum.pdf,6,2025-12-01,,,2026-09-12,unverified
14,29,30,bus-simpang-besi-jakal-w-586c481c,bus-yakkum-w-f4278b8b,60,30,median,true,Peta Integrasi Angkutan Umum.pdf,6,2025-12-01,,,2026-09-12,unverified
14,30,31,bus-yakkum-w-f4278b8b,bus-boulevard-uii-1c76a601,180,30,median,true,Peta Integrasi Angkutan Umum.pdf,6,2025-12-01,,,2026-09-12,unverified
14,31,32,bus-boulevard-uii-1c76a601,bus-uii-e-1d36c15a,60,30,median,true,Peta Integrasi Angkutan Umum.pdf,6,2025-12-01,,,2026-09-12,unverified
14,32,33,bus-uii-e-1d36c15a,bus-simpang-degolan-w-7a0abd76,60,30,median,true,Peta Integrasi Angkutan Umum.pdf,6,2025-12-01,,,2026-09-12,unverified
14,33,34,bus-simpang-degolan-w-7a0abd76,bus-raminten-w-04c634dd,60,30,median,true,Peta Integrasi Angkutan Umum.pdf,6,2025-12-01,,,2026-09-12,unverified
14,34,35,bus-raminten-w-04c634dd,bus-dusun-kledokan-w-a0cbb57b,60,30,median,true,Peta Integrasi Angkutan Umum.pdf,6,2025-12-01,,,2026-09-12,unverified
14,35,36,bus-dusun-kledokan-w-a0cbb57b,bus-rs-panti-nugroho-w-d4c819de,60,30,median,true,Peta Integrasi Angkutan Umum.pdf,6,2025-12-01,,,2026-09-12,unverified
14,36,37,bus-rs-panti-nugroho-w-d4c819de,bus-terminal-pakem-ee26af28,120,30,median,true,Peta Integrasi Angkutan Umum.pdf,6,2025-12-01,,,2026-09-12,unverified
14,37,38,bus-terminal-pakem-ee26af28,bus-sdn-percobaan-3-pakem-e-591b75a7,120,30,median,true,Peta Integrasi Angkutan Umum.pdf,6,2025-12-01,,,2026-09-12,unverified
14,38,39,bus-sdn-percobaan-3-pakem-e-591b75a7,bus-smpn-4-pakem-e-ca3b6e77,60,30,median,true,Peta Integrasi Angkutan Umum.pdf,6,2025-12-01,,,2026-09-12,unverified
14,39,40,bus-smpn-4-pakem-e-ca3b6e77,bus-dusun-kledokan-e-4b0dcd88,120,30,median,true,Peta Integrasi Angkutan Umum.pdf,6,2025-12-01,,,2026-09-12,unverified
14,40,41,bus-dusun-kledokan-e-4b0dcd88,bus-raminten-e-eb1b3bbb,60,30,median,true,Peta Integrasi Angkutan Umum.pdf,6,2025-12-01,,,2026-09-12,unverified
14,41,42,bus-raminten-e-eb1b3bbb,bus-simpang-degolan-e-2f99e19e,180,30,median,true,Peta Integrasi Angkutan Umum.pdf,6,2025-12-01,,,2026-09-12,unverified
14,42,43,bus-simpang-degolan-e-2f99e19e,bus-boulevard-uii-1c76a601,60,30,median,true,Peta Integrasi Angkutan Umum.pdf,6,2025-12-01,,,2026-09-12,unverified
14,43,44,bus-boulevard-uii-1c76a601,bus-uii-e-1d36c15a,60,30,median,true,Peta Integrasi Angkutan Umum.pdf,6,2025-12-01,,,2026-09-12,unverified
14,44,45,bus-uii-e-1d36c15a,bus-yakkum-e-64febcd3,120,30,median,true,Peta Integrasi Angkutan Umum.pdf,6,2025-12-01,,,2026-09-12,unverified
14,45,46,bus-yakkum-e-64febcd3,bus-simpang-besi-jakal-e-f8dc4eec,60,30,median,true,Peta Integrasi Angkutan Umum.pdf,6,2025-12-01,,,2026-09-12,unverified
14,46,47,bus-simpang-besi-jakal-e-f8dc4eec,bus-rsu-gramedika-n-bf416e83,60,30,median,true,Peta Integrasi Angkutan Umum.pdf,6,2025-12-01,,,2026-09-12,unverified
14,47,48,bus-rsu-gramedika-n-bf416e83,bus-sdn-selomulyo-n-4159e337,60,30,median,true,Peta Integrasi Angkutan Umum.pdf,6,2025-12-01,,,2026-09-12,unverified
14,48,49,bus-sdn-selomulyo-n-4159e337,bus-kantor-kal-sukoharjo-n-6df8a6f4,120,30,median,true,Peta Integrasi Angkutan Umum.pdf,6,2025-12-01,,,2026-09-12,unverified
14,49,50,bus-kantor-kal-sukoharjo-n-6df8a6f4,bus-lap-klidon-n-1a4bde03,60,30,median,true,Peta Integrasi Angkutan Umum.pdf,6,2025-12-01,,,2026-09-12,unverified
14,50,51,bus-lap-klidon-n-1a4bde03,bus-spbu-mindi-n-d1ad7bf8,120,30,median,true,Peta Integrasi Angkutan Umum.pdf,6,2025-12-01,,,2026-09-12,unverified
14,51,52,bus-spbu-mindi-n-d1ad7bf8,bus-simpang-losari-n-66931fad,60,30,median,true,Peta Integrasi Angkutan Umum.pdf,6,2025-12-01,,,2026-09-12,unverified
14,52,53,bus-simpang-losari-n-66931fad,bus-sman-2-ngaglik-n-2e4cef65,60,30,median,true,Peta Integrasi Angkutan Umum.pdf,6,2025-12-01,,,2026-09-12,unverified
14,53,54,bus-sman-2-ngaglik-n-2e4cef65,bus-timur-jembatan-yapah-n-99a51436,120,30,median,true,Peta Integrasi Angkutan Umum.pdf,6,2025-12-01,,,2026-09-12,unverified
14,54,55,bus-timur-jembatan-yapah-n-99a51436,bus-tugu-batas-desa-yapah-n-c5ad09e1,60,30,median,true,Peta Integrasi Angkutan Umum.pdf,6,2025-12-01,,,2026-09-12,unverified
14,55,56,bus-tugu-batas-desa-yapah-n-c5ad09e1,bus-puskesmas-ngemplak-n-e2f0f0c6,60,30,median,true,Peta Integrasi Angkutan Umum.pdf,6,2025-12-01,,,2026-09-12,unverified
14,56,57,bus-puskesmas-ngemplak-n-e2f0f0c6,bus-pasar-jangkang-n-01dfbd0c,60,30,median,true,Peta Integrasi Angkutan Umum.pdf,6,2025-12-01,,,2026-09-12,unverified
14,57,58,bus-pasar-jangkang-n-01dfbd0c,bus-simpang-kenti-e-7adc0592,120,30,median,true,Peta Integrasi Angkutan Umum.pdf,6,2025-12-01,,,2026-09-12,unverified
14,58,59,bus-simpang-kenti-e-7adc0592,bus-rs-kemasan-e-e928a0fb,60,30,median,true,Peta Integrasi Angkutan Umum.pdf,6,2025-12-01,,,2026-09-12,unverified
14,59,60,bus-rs-kemasan-e-e928a0fb,bus-jalan-raya-kabunan-n-69a2aa61,120,30,median,true,Peta Integrasi Angkutan Umum.pdf,6,2025-12-01,,,2026-09-12,unverified
14,60,61,bus-jalan-raya-kabunan-n-69a2aa61,bus-simpang-kabunan-n-7a88e0fe,120,30,median,true,Peta Integrasi Angkutan Umum.pdf,6,2025-12-01,,,2026-09-12,unverified
14,61,62,bus-simpang-kabunan-n-7a88e0fe,bus-simpang-selomartani-n-8a80108b,60,30,median,true,Peta Integrasi Angkutan Umum.pdf,6,2025-12-01,,,2026-09-12,unverified
14,62,63,bus-simpang-selomartani-n-8a80108b,bus-simpang-babadan-e-3395a15a,60,30,median,true,Peta Integrasi Angkutan Umum.pdf,6,2025-12-01,,,2026-09-12,unverified
14,63,64,bus-simpang-babadan-e-3395a15a,bus-kantor-kal-wedomartani-e-69397429,120,30,median,true,Peta Integrasi Angkutan Umum.pdf,6,2025-12-01,,,2026-09-12,unverified
14,64,65,bus-kantor-kal-wedomartani-e-69397429,bus-alfamart-pokoh-e-c8fc8eb4,120,30,median,true,Peta Integrasi Angkutan Umum.pdf,6,2025-12-01,,,2026-09-12,unverified
14,65,66,bus-alfamart-pokoh-e-c8fc8eb4,bus-budi-mulia-dua-e-a55ed31d,120,30,median,true,Peta Integrasi Angkutan Umum.pdf,6,2025-12-01,,,2026-09-12,unverified
14,66,67,bus-budi-mulia-dua-e-a55ed31d,bus-unriyo-e-2a33f7d2,60,30,median,true,Peta Integrasi Angkutan Umum.pdf,6,2025-12-01,,,2026-09-12,unverified
14,67,68,bus-unriyo-e-2a33f7d2,bus-man-2-sleman-e-5a810501,60,30,median,true,Peta Integrasi Angkutan Umum.pdf,6,2025-12-01,,,2026-09-12,unverified
14,68,69,bus-man-2-sleman-e-5a810501,bus-kua-depok-e-f2c00954,60,30,median,true,Peta Integrasi Angkutan Umum.pdf,6,2025-12-01,,,2026-09-12,unverified
14,69,70,bus-kua-depok-e-f2c00954,bus-sdn-1-depok-e-a96ed8de,60,30,median,true,Peta Integrasi Angkutan Umum.pdf,6,2025-12-01,,,2026-09-12,unverified
14,70,71,bus-sdn-1-depok-e-a96ed8de,bus-smkn-1-depok-e-34fb5c69,120,30,median,true,Peta Integrasi Angkutan Umum.pdf,6,2025-12-01,,,2026-09-12,unverified
14,71,72,bus-smkn-1-depok-e-34fb5c69,bus-disnakertrans-e-6b55bbd8,60,30,median,true,Peta Integrasi Angkutan Umum.pdf,6,2025-12-01,,,2026-09-12,unverified
14,72,73,bus-disnakertrans-e-6b55bbd8,bus-selokan-mataram-maguwo-6164f755,60,30,median,true,Peta Integrasi Angkutan Umum.pdf,6,2025-12-01,,,2026-09-12,unverified
14,73,74,bus-selokan-mataram-maguwo-6164f755,bus-binamarga-e-ab7d8067,60,30,median,true,Peta Integrasi Angkutan Umum.pdf,6,2025-12-01,,,2026-09-12,unverified
14,74,75,bus-binamarga-e-ab7d8067,bus-maguwo-sambilegi-n-96f67e3b,120,30,median,true,Peta Integrasi Angkutan Umum.pdf,6,2025-12-01,,,2026-09-12,unverified
14,75,76,bus-maguwo-sambilegi-n-96f67e3b,bus-bandara-adisutjipto-236fa189,120,30,median,true,Peta Integrasi Angkutan Umum.pdf,6,2025-12-01,,,2026-09-12,unverified
EV3,1,2,bus-terminal-jombor-536d39cc,bus-indogrosir-a30b9f32,180,22,median,true,Peta Integrasi Angkutan Umum.pdf,7,2025-12-01,,,2026-09-12,unverified
EV3,2,3,bus-indogrosir-a30b9f32,bus-jogja-city-mall-e-58185771,60,22,median,true,Peta Integrasi Angkutan Umum.pdf,7,2025-12-01,,,2026-09-12,unverified
EV3,3,4,bus-jogja-city-mall-e-58185771,bus-atakrib-jalan-magelang-830dd5b2,60,22,median,true,Peta Integrasi Angkutan Umum.pdf,7,2025-12-01,,,2026-09-12,unverified
EV3,4,5,bus-atakrib-jalan-magelang-830dd5b2,bus-tvri-e-436715b2,180,22,median,true,Peta Integrasi Angkutan Umum.pdf,7,2025-12-01,,,2026-09-12,unverified
EV3,5,6,bus-tvri-e-436715b2,bus-karangwaru-e-d57a2b75,60,22,median,true,Peta Integrasi Angkutan Umum.pdf,7,2025-12-01,,,2026-09-12,unverified
EV3,6,7,bus-karangwaru-e-d57a2b75,bus-hotel-utara-e-a8afeab1,300,22,median,true,Peta Integrasi Angkutan Umum.pdf,7,2025-12-01,,,2026-09-12,unverified
EV3,7,8,bus-hotel-utara-e-a8afeab1,bus-pasar-kranggan-selatan-bb2be0b9,300,22,median,true,Peta Integrasi Angkutan Umum.pdf,7,2025-12-01,,,2026-09-12,unverified
EV3,8,9,bus-pasar-kranggan-selatan-bb2be0b9,bus-mangkubumi-1-c45ff36a,120,22,median,true,Peta Integrasi Angkutan Umum.pdf,7,2025-12-01,,,2026-09-12,unverified
EV3,9,10,bus-mangkubumi-1-c45ff36a,bus-mangkubumi-2-f24a8c2b,60,22,median,true,Peta Integrasi Angkutan Umum.pdf,7,2025-12-01,,,2026-09-12,unverified
EV3,10,11,bus-mangkubumi-2-f24a8c2b,bus-malioboro-1-b886c248,180,22,median,true,Peta Integrasi Angkutan Umum.pdf,7,2025-12-01,,,2026-09-12,unverified
EV3,11,12,bus-malioboro-1-b886c248,bus-malioboro-2-d94095d5,120,22,median,true,Peta Integrasi Angkutan Umum.pdf,7,2025-12-01,,,2026-09-12,unverified
EV3,12,13,bus-malioboro-2-d94095d5,bus-malioboro-3-d1dc4d12,120,22,median,true,Peta Integrasi Angkutan Umum.pdf,7,2025-12-01,,,2026-09-12,unverified
EV3,13,14,bus-malioboro-3-d1dc4d12,bus-bhayangkara-3972633d,180,22,median,true,Peta Integrasi Angkutan Umum.pdf,7,2025-12-01,,,2026-09-12,unverified
EV3,14,15,bus-bhayangkara-3972633d,bus-pasar-pathuk-2eb8737e,60,22,median,true,Peta Integrasi Angkutan Umum.pdf,7,2025-12-01,,,2026-09-12,unverified
EV3,15,16,bus-pasar-pathuk-2eb8737e,bus-sosrowijayan-dcdae1fc,60,22,median,true,Peta Integrasi Angkutan Umum.pdf,7,2025-12-01,,,2026-09-12,unverified
EV3,16,17,bus-sosrowijayan-dcdae1fc,bus-yogyakarta-0b7ac635,60,22,median,true,Peta Integrasi Angkutan Umum.pdf,7,2025-12-01,,,2026-09-12,unverified
EV3,17,18,bus-yogyakarta-0b7ac635,bus-jlagran-402c26ac,60,22,median,true,Peta Integrasi Angkutan Umum.pdf,7,2025-12-01,,,2026-09-12,unverified
EV3,18,19,bus-jlagran-402c26ac,bus-badran-5dad26c1,120,22,median,true,Peta Integrasi Angkutan Umum.pdf,7,2025-12-01,,,2026-09-12,unverified
EV3,19,20,bus-badran-5dad26c1,bus-smpn-14-c41a3ead,60,22,median,true,Peta Integrasi Angkutan Umum.pdf,7,2025-12-01,,,2026-09-12,unverified
EV3,20,21,bus-smpn-14-c41a3ead,bus-hotel-utara-w-13ce416a,240,22,median,true,Peta Integrasi Angkutan Umum.pdf,7,2025-12-01,,,2026-09-12,unverified
EV3,21,22,bus-hotel-utara-w-13ce416a,bus-kricak-7a2314de,120,22,median,true,Peta Integrasi Angkutan Umum.pdf,7,2025-12-01,,,2026-09-12,unverified
EV3,22,23,bus-kricak-7a2314de,bus-karangwaru-w-2eff8d12,60,22,median,true,Peta Integrasi Angkutan Umum.pdf,7,2025-12-01,,,2026-09-12,unverified
EV3,23,24,bus-karangwaru-w-2eff8d12,bus-tvri-w-05cc82e3,120,22,median,true,Peta Integrasi Angkutan Umum.pdf,7,2025-12-01,,,2026-09-12,unverified
EV3,24,25,bus-tvri-w-05cc82e3,bus-daytrans-jalan-magelang-d2cbfb7a,240,22,median,true,Peta Integrasi Angkutan Umum.pdf,7,2025-12-01,,,2026-09-12,unverified
EV3,25,26,bus-daytrans-jalan-magelang-d2cbfb7a,bus-jogja-city-mall-w-5608534c,60,22,median,true,Peta Integrasi Angkutan Umum.pdf,7,2025-12-01,,,2026-09-12,unverified
EV3,26,27,bus-jogja-city-mall-w-5608534c,bus-mmtc-yogyakarta-c259b05f,60,22,median,true,Peta Integrasi Angkutan Umum.pdf,7,2025-12-01,,,2026-09-12,unverified
EV3,27,28,bus-mmtc-yogyakarta-c259b05f,bus-terminal-jombor-536d39cc,120,22,median,true,Peta Integrasi Angkutan Umum.pdf,7,2025-12-01,,,2026-09-12,unverified
