trip_id,service_id,train_number,stop_sequence,stop_id,station_name_raw,scheduled_time_raw,scheduled_time_local,day_offset,source_file,source_page,effective_from,effective_until,source_last_updated,freshness_as_of,freshness_status
rail-krl_yogyakarta_palur-720,krl_yogyakarta_palur,720,1,rail-yogyakarta-ee79e4bf,Yogyakarta,05:05,05:05,0,Peta Integrasi Angkutan Umum.pdf,8,,,2025-02-01,2026-09-12,unverified
rail-krl_yogyakarta_palur-720,krl_yogyakarta_palur,720,2,rail-lempuyangan-165ee6f0,Lempuyangan,05:10,05:10,0,Peta Integrasi Angkutan Umum.pdf,8,,,2025-02-01,2026-09-12,unverified
rail-krl_yogyakarta_palur-720,krl_yogyakarta_palur,720,3,rail-maguwo-489e95b8,Maguwo,05:17,05:17,0,Peta Integrasi Angkutan Umum.pdf,8,,,2025-02-01,2026-09-12,unverified
rail-krl_yogyakarta_palur-720,krl_yogyakarta_palur,720,4,rail-brambanan-00e94f37,Brambanan,05:26,05:26,0,Peta Integrasi Angkutan Umum.pdf,8,,,2025-02-01,2026-09-12,unverified
rail-krl_yogyakarta_palur-720,krl_yogyakarta_palur,720,5,rail-srowot-56a56498,Srowot,05:33,05:33,0,Peta Integrasi Angkutan Umum.pdf,8,,,2025-02-01,2026-09-12,unverified
rail-krl_yogyakarta_palur-720,krl_yogyakarta_palur,720,6,rail-klaten-e7b4990a,Klaten,05:40,05:40,0,Peta Integrasi Angkutan Umum.pdf,8,,,2025-02-01,2026-09-12,unverified
rail-krl_yogyakarta_palur-720,krl_yogyakarta_palur,720,7,rail-ceper-ad02f5e6,Ceper,05:49,05:49,0,Peta Integrasi Angkutan Umum.pdf,8,,,2025-02-01,2026-09-12,unverified
rail-krl_yogyakarta_palur-720,krl_yogyakarta_palur,720,8,rail-delanggu-cb9b7971,Delanggu,05:56,05:56,0,Peta Integrasi Angkutan Umum.pdf,8,,,2025-02-01,2026-09-12,unverified
rail-krl_yogyakarta_palur-720,krl_yogyakarta_palur,720,9,rail-gawok-67f76c7a,Gawok,06:03,06:03,0,Peta Integrasi Angkutan Umum.pdf,8,,,2025-02-01,2026-09-12,unverified
rail-krl_yogyakarta_palur-720,krl_yogyakarta_palur,720,10,rail-purwosari-e43dd915,Purwosari,06:11,06:11,0,Peta Integrasi Angkutan Umum.pdf,8,,,2025-02-01,2026-09-12,unverified
rail-krl_yogyakarta_palur-720,krl_yogyakarta_palur,720,11,rail-solobalapan-924cecca,Solobalapan,06:16,06:16,0,Peta Integrasi Angkutan Umum.pdf,8,,,2025-02-01,2026-09-12,unverified
rail-krl_yogyakarta_palur-720,krl_yogyakarta_palur,720,12,rail-solojebres-abe3e7be,Solojebres,06:21,06:21,0,Peta Integrasi Angkutan Umum.pdf,8,,,2025-02-01,2026-09-12,unverified
rail-krl_yogyakarta_palur-720,krl_yogyakarta_palur,720,13,rail-palur-afe08766,Palur,06:26,06:26,0,Peta Integrasi Angkutan Umum.pdf,8,,,2025-02-01,2026-09-12,unverified
rail-krl_yogyakarta_palur-730f,krl_yogyakarta_palur,730F,1,rail-yogyakarta-ee79e4bf,Yogyakarta,06:00,06:00,0,Peta Integrasi Angkutan Umum.pdf,8,,,2025-02-01,2026-09-12,unverified
rail-krl_yogyakarta_palur-730f,krl_yogyakarta_palur,730F,2,rail-lempuyangan-165ee6f0,Lempuyangan,06:06,06:06,0,Peta Integrasi Angkutan Umum.pdf,8,,,2025-02-01,2026-09-12,unverified
rail-krl_yogyakarta_palur-730f,krl_yogyakarta_palur,730F,3,rail-maguwo-489e95b8,Maguwo,06:13,06:13,0,Peta Integrasi Angkutan Umum.pdf,8,,,2025-02-01,2026-09-12,unverified
rail-krl_yogyakarta_palur-730f,krl_yogyakarta_palur,730F,4,rail-brambanan-00e94f37,Brambanan,06:21,06:21,0,Peta Integrasi Angkutan Umum.pdf,8,,,2025-02-01,2026-09-12,unverified
rail-krl_yogyakarta_palur-730f,krl_yogyakarta_palur,730F,5,rail-srowot-56a56498,Srowot,06:28,06:28,0,Peta Integrasi Angkutan Umum.pdf,8,,,2025-02-01,2026-09-12,unverified
rail-krl_yogyakarta_palur-730f,krl_yogyakarta_palur,730F,6,rail-klaten-e7b4990a,Klaten,06:35,06:35,0,Peta Integrasi Angkutan Umum.pdf,8,,,2025-02-01,2026-09-12,unverified
rail-krl_yogyakarta_palur-730f,krl_yogyakarta_palur,730F,7,rail-ceper-ad02f5e6,Ceper,06:44,06:44,0,Peta Integrasi Angkutan Umum.pdf,8,,,2025-02-01,2026-09-12,unverified
rail-krl_yogyakarta_palur-730f,krl_yogyakarta_palur,730F,8,rail-delanggu-cb9b7971,Delanggu,06:51,06:51,0,Peta Integrasi Angkutan Umum.pdf,8,,,2025-02-01,2026-09-12,unverified
rail-krl_yogyakarta_palur-730f,krl_yogyakarta_palur,730F,9,rail-gawok-67f76c7a,Gawok,06:57,06:57,0,Peta Integrasi Angkutan Umum.pdf,8,,,2025-02-01,2026-09-12,unverified
rail-krl_yogyakarta_palur-730f,krl_yogyakarta_palur,730F,10,rail-purwosari-e43dd915,Purwosari,07:04,07:04,0,Peta Integrasi Angkutan Umum.pdf,8,,,2025-02-01,2026-09-12,unverified
rail-krl_yogyakarta_palur-730f,krl_yogyakarta_palur,730F,11,rail-solobalapan-924cecca,Solobalapan,07:10,07:10,0,Peta Integrasi Angkutan Umum.pdf,8,,,2025-02-01,2026-09-12,unverified
rail-krl_yogyakarta_palur-730f,krl_yogyakarta_palur,730F,12,rail-solojebres-abe3e7be,Solojebres,07:15,07:15,0,Peta Integrasi Angkutan Umum.pdf,8,,,2025-02-01,2026-09-12,unverified
rail-krl_yogyakarta_palur-730f,krl_yogyakarta_palur,730F,13,rail-palur-afe08766,Palur,07:20,07:20,0,Peta Integrasi Angkutan Umum.pdf,8,,,2025-02-01,2026-09-12,unverified
rail-krl_yogyakarta_palur-702,krl_yogyakarta_palur,702,1,rail-yogyakarta-ee79e4bf,Yogyakarta,07:05,07:05,0,Peta Integrasi Angkutan Umum.pdf,8,,,2025-02-01,2026-09-12,unverified
rail-krl_yogyakarta_palur-702,krl_yogyakarta_palur,702,2,rail-lempuyangan-165ee6f0,Lempuyangan,07:10,07:10,0,Peta Integrasi Angkutan Umum.pdf,8,,,2025-02-01,2026-09-12,unverified
rail-krl_yogyakarta_palur-702,krl_yogyakarta_palur,702,3,rail-maguwo-489e95b8,Maguwo,07:17,07:17,0,Peta Integrasi Angkutan Umum.pdf,8,,,2025-02-01,2026-09-12,unverified
rail-krl_yogyakarta_palur-702,krl_yogyakarta_palur,702,4,rail-brambanan-00e94f37,Brambanan,07:25,07:25,0,Peta Integrasi Angkutan Umum.pdf,8,,,2025-02-01,2026-09-12,unverified
rail-krl_yogyakarta_palur-702,krl_yogyakarta_palur,702,5,rail-srowot-56a56498,Srowot,07:32,07:32,0,Peta Integrasi Angkutan Umum.pdf,8,,,2025-02-01,2026-09-12,unverified
rail-krl_yogyakarta_palur-702,krl_yogyakarta_palur,702,6,rail-klaten-e7b4990a,Klaten,07:39,07:39,0,Peta Integrasi Angkutan Umum.pdf,8,,,2025-02-01,2026-09-12,unverified
rail-krl_yogyakarta_palur-702,krl_yogyakarta_palur,702,7,rail-ceper-ad02f5e6,Ceper,07:48,07:48,0,Peta Integrasi Angkutan Umum.pdf,8,,,2025-02-01,2026-09-12,unverified
rail-krl_yogyakarta_palur-702,krl_yogyakarta_palur,702,8,rail-delanggu-cb9b7971,Delanggu,07:55,07:55,0,Peta Integrasi Angkutan Umum.pdf,8,,,2025-02-01,2026-09-12,unverified
rail-krl_yogyakarta_palur-702,krl_yogyakarta_palur,702,9,rail-gawok-67f76c7a,Gawok,08:01,08:01,0,Peta Integrasi Angkutan Umum.pdf,8,,,2025-02-01,2026-09-12,unverified
rail-krl_yogyakarta_palur-702,krl_yogyakarta_palur,702,10,rail-purwosari-e43dd915,Purwosari,08:09,08:09,0,Peta Integrasi Angkutan Umum.pdf,8,,,2025-02-01,2026-09-12,unverified
rail-krl_yogyakarta_palur-702,krl_yogyakarta_palur,702,11,rail-solobalapan-924cecca,Solobalapan,08:16,08:16,0,Peta Integrasi Angkutan Umum.pdf,8,,,2025-02-01,2026-09-12,unverified
rail-krl_yogyakarta_palur-702,krl_yogyakarta_palur,702,12,rail-solojebres-abe3e7be,Solojebres,08:23,08:23,0,Peta Integrasi Angkutan Umum.pdf,8,,,2025-02-01,2026-09-12,unverified
rail-krl_yogyakarta_palur-702,krl_yogyakarta_palur,702,13,rail-palur-afe08766,Palur,08:29,08:29,0,Peta Integrasi Angkutan Umum.pdf,8,,,2025-02-01,2026-09-12,unverified
rail-krl_yogyakarta_palur-712,krl_yogyakarta_palur,712,1,rail-yogyakarta-ee79e4bf,Yogyakarta,07:54,07:54,0,Peta Integrasi Angkutan Umum.pdf,8,,,2025-02-01,2026-09-12,unverified
rail-krl_yogyakarta_palur-712,krl_yogyakarta_palur,712,2,rail-lempuyangan-165ee6f0,Lempuyangan,07:59,07:59,0,Peta Integrasi Angkutan Umum.pdf,8,,,2025-02-01,2026-09-12,unverified
rail-krl_yogyakarta_palur-712,krl_yogyakarta_palur,712,3,rail-maguwo-489e95b8,Maguwo,08:06,08:06,0,Peta Integrasi Angkutan Umum.pdf,8,,,2025-02-01,2026-09-12,unverified
rail-krl_yogyakarta_palur-712,krl_yogyakarta_palur,712,4,rail-brambanan-00e94f37,Brambanan,08:14,08:14,0,Peta Integrasi Angkutan Umum.pdf,8,,,2025-02-01,2026-09-12,unverified
rail-krl_yogyakarta_palur-712,krl_yogyakarta_palur,712,5,rail-srowot-56a56498,Srowot,08:21,08:21,0,Peta Integrasi Angkutan Umum.pdf,8,,,2025-02-01,2026-09-12,unverified
rail-krl_yogyakarta_palur-712,krl_yogyakarta_palur,712,6,rail-klaten-e7b4990a,Klaten,08:28,08:28,0,Peta Integrasi Angkutan Umum.pdf,8,,,2025-02-01,2026-09-12,unverified
rail-krl_yogyakarta_palur-712,krl_yogyakarta_palur,712,7,rail-ceper-ad02f5e6,Ceper,08:37,08:37,0,Peta Integrasi Angkutan Umum.pdf,8,,,2025-02-01,2026-09-12,unverified
rail-krl_yogyakarta_palur-712,krl_yogyakarta_palur,712,8,rail-delanggu-cb9b7971,Delanggu,08:44,08:44,0,Peta Integrasi Angkutan Umum.pdf,8,,,2025-02-01,2026-09-12,unverified
rail-krl_yogyakarta_palur-712,krl_yogyakarta_palur,712,9,rail-gawok-67f76c7a,Gawok,08:51,08:51,0,Peta Integrasi Angkutan Umum.pdf,8,,,2025-02-01,2026-09-12,unverified
rail-krl_yogyakarta_palur-712,krl_yogyakarta_palur,712,10,rail-purwosari-e43dd915,Purwosari,08:59,08:59,0,Peta Integrasi Angkutan Umum.pdf,8,,,2025-02-01,2026-09-12,unverified
rail-krl_yogyakarta_palur-712,krl_yogyakarta_palur,712,11,rail-solobalapan-924cecca,Solobalapan,09:06,09:06,0,Peta Integrasi Angkutan Umum.pdf,8,,,2025-02-01,2026-09-12,unverified
rail-krl_yogyakarta_palur-712,krl_yogyakarta_palur,712,12,rail-solojebres-abe3e7be,Solojebres,09:12,09:12,0,Peta Integrasi Angkutan Umum.pdf,8,,,2025-02-01,2026-09-12,unverified
rail-krl_yogyakarta_palur-712,krl_yogyakarta_palur,712,13,rail-palur-afe08766,Palur,09:18,09:18,0,Peta Integrasi Angkutan Umum.pdf,8,,,2025-02-01,2026-09-12,unverified
rail-krl_yogyakarta_palur-722,krl_yogyakarta_palur,722,1,rail-yogyakarta-ee79e4bf,Yogyakarta,08:49,08:49,0,Peta Integrasi Angkutan Umum.pdf,8,,,2025-02-01,2026-09-12,unverified
rail-krl_yogyakarta_palur-722,krl_yogyakarta_palur,722,2,rail-lempuyangan-165ee6f0,Lempuyangan,08:54,08:54,0,Peta Integrasi Angkutan Umum.pdf,8,,,2025-02-01,2026-09-12,unverified
rail-krl_yogyakarta_palur-722,krl_yogyakarta_palur,722,3,rail-maguwo-489e95b8,Maguwo,09:01,09:01,0,Peta Integrasi Angkutan Umum.pdf,8,,,2025-02-01,2026-09-12,unverified
rail-krl_yogyakarta_palur-722,krl_yogyakarta_palur,722,4,rail-brambanan-00e94f37,Brambanan,09:09,09:09,0,Peta Integrasi Angkutan Umum.pdf,8,,,2025-02-01,2026-09-12,unverified
rail-krl_yogyakarta_palur-722,krl_yogyakarta_palur,722,5,rail-srowot-56a56498,Srowot,09:16,09:16,0,Peta Integrasi Angkutan Umum.pdf,8,,,2025-02-01,2026-09-12,unverified
rail-krl_yogyakarta_palur-722,krl_yogyakarta_palur,722,6,rail-klaten-e7b4990a,Klaten,09:23,09:23,0,Peta Integrasi Angkutan Umum.pdf,8,,,2025-02-01,2026-09-12,unverified
rail-krl_yogyakarta_palur-722,krl_yogyakarta_palur,722,7,rail-ceper-ad02f5e6,Ceper,09:32,09:32,0,Peta Integrasi Angkutan Umum.pdf,8,,,2025-02-01,2026-09-12,unverified
rail-krl_yogyakarta_palur-722,krl_yogyakarta_palur,722,8,rail-delanggu-cb9b7971,Delanggu,09:39,09:39,0,Peta Integrasi Angkutan Umum.pdf,8,,,2025-02-01,2026-09-12,unverified
rail-krl_yogyakarta_palur-722,krl_yogyakarta_palur,722,9,rail-gawok-67f76c7a,Gawok,09:45,09:45,0,Peta Integrasi Angkutan Umum.pdf,8,,,2025-02-01,2026-09-12,unverified
rail-krl_yogyakarta_palur-722,krl_yogyakarta_palur,722,10,rail-purwosari-e43dd915,Purwosari,09:51,09:51,0,Peta Integrasi Angkutan Umum.pdf,8,,,2025-02-01,2026-09-12,unverified
rail-krl_yogyakarta_palur-722,krl_yogyakarta_palur,722,11,rail-solobalapan-924cecca,Solobalapan,10:00,10:00,0,Peta Integrasi Angkutan Umum.pdf,8,,,2025-02-01,2026-09-12,unverified
rail-krl_yogyakarta_palur-722,krl_yogyakarta_palur,722,12,rail-solojebres-abe3e7be,Solojebres,10:06,10:06,0,Peta Integrasi Angkutan Umum.pdf,8,,,2025-02-01,2026-09-12,unverified
rail-krl_yogyakarta_palur-722,krl_yogyakarta_palur,722,13,rail-palur-afe08766,Palur,10:12,10:12,0,Peta Integrasi Angkutan Umum.pdf,8,,,2025-02-01,2026-09-12,unverified
rail-krl_yogyakarta_palur-704,krl_yogyakarta_palur,704,1,rail-yogyakarta-ee79e4bf,Yogyakarta,10:56,10:56,0,Peta Integrasi Angkutan Umum.pdf,8,,,2025-02-01,2026-09-12,unverified
rail-krl_yogyakarta_palur-704,krl_yogyakarta_palur,704,2,rail-lempuyangan-165ee6f0,Lempuyangan,11:01,11:01,0,Peta Integrasi Angkutan Umum.pdf,8,,,2025-02-01,2026-09-12,unverified
rail-krl_yogyakarta_palur-704,krl_yogyakarta_palur,704,3,rail-maguwo-489e95b8,Maguwo,11:08,11:08,0,Peta Integrasi Angkutan Umum.pdf,8,,,2025-02-01,2026-09-12,unverified
rail-krl_yogyakarta_palur-704,krl_yogyakarta_palur,704,4,rail-brambanan-00e94f37,Brambanan,11:16,11:16,0,Peta Integrasi Angkutan Umum.pdf,8,,,2025-02-01,2026-09-12,unverified
rail-krl_yogyakarta_palur-704,krl_yogyakarta_palur,704,5,rail-srowot-56a56498,Srowot,11:23,11:23,0,Peta Integrasi Angkutan Umum.pdf,8,,,2025-02-01,2026-09-12,unverified
rail-krl_yogyakarta_palur-704,krl_yogyakarta_palur,704,6,rail-klaten-e7b4990a,Klaten,11:30,11:30,0,Peta Integrasi Angkutan Umum.pdf,8,,,2025-02-01,2026-09-12,unverified
rail-krl_yogyakarta_palur-704,krl_yogyakarta_palur,704,7,rail-ceper-ad02f5e6,Ceper,11:39,11:39,0,Peta Integrasi Angkutan Umum.pdf,8,,,2025-02-01,2026-09-12,unverified
rail-krl_yogyakarta_palur-704,krl_yogyakarta_palur,704,8,rail-delanggu-cb9b7971,Delanggu,11:47,11:47,0,Peta Integrasi Angkutan Umum.pdf,8,,,2025-02-01,2026-09-12,unverified
rail-krl_yogyakarta_palur-704,krl_yogyakarta_palur,704,9,rail-gawok-67f76c7a,Gawok,11:52,11:52,0,Peta Integrasi Angkutan Umum.pdf,8,,,2025-02-01,2026-09-12,unverified
rail-krl_yogyakarta_palur-704,krl_yogyakarta_palur,704,10,rail-purwosari-e43dd915,Purwosari,12:00,12:00,0,Peta Integrasi Angkutan Umum.pdf,8,,,2025-02-01,2026-09-12,unverified
rail-krl_yogyakarta_palur-704,krl_yogyakarta_palur,704,11,rail-solobalapan-924cecca,Solobalapan,12:06,12:06,0,Peta Integrasi Angkutan Umum.pdf,8,,,2025-02-01,2026-09-12,unverified
rail-krl_yogyakarta_palur-704,krl_yogyakarta_palur,704,12,rail-solojebres-abe3e7be,Solojebres,12:12,12:12,0,Peta Integrasi Angkutan Umum.pdf,8,,,2025-02-01,2026-09-12,unverified
rail-krl_yogyakarta_palur-704,krl_yogyakarta_palur,704,13,rail-palur-afe08766,Palur,12:18,12:18,0,Peta Integrasi Angkutan Umum.pdf,8,,,2025-02-01,2026-09-12,unverified
rail-krl_yogyakarta_palur-724,krl_yogyakarta_palur,724,1,rail-yogyakarta-ee79e4bf,Yogyakarta,12:07,12:07,0,Peta Integrasi Angkutan Umum.pdf,8,,,2025-02-01,2026-09-12,unverified
rail-krl_yogyakarta_palur-724,krl_yogyakarta_palur,724,2,rail-lempuyangan-165ee6f0,Lempuyangan,12:12,12:12,0,Peta Integrasi Angkutan Umum.pdf,8,,,2025-02-01,2026-09-12,unverified
rail-krl_yogyakarta_palur-724,krl_yogyakarta_palur,724,3,rail-maguwo-489e95b8,Maguwo,12:19,12:19,0,Peta Integrasi Angkutan Umum.pdf,8,,,2025-02-01,2026-09-12,unverified
rail-krl_yogyakarta_palur-724,krl_yogyakarta_palur,724,4,rail-brambanan-00e94f37,Brambanan,12:27,12:27,0,Peta Integrasi Angkutan Umum.pdf,8,,,2025-02-01,2026-09-12,unverified
rail-krl_yogyakarta_palur-724,krl_yogyakarta_palur,724,5,rail-srowot-56a56498,Srowot,12:34,12:34,0,Peta Integrasi Angkutan Umum.pdf,8,,,2025-02-01,2026-09-12,unverified
rail-krl_yogyakarta_palur-724,krl_yogyakarta_palur,724,6,rail-klaten-e7b4990a,Klaten,12:41,12:41,0,Peta Integrasi Angkutan Umum.pdf,8,,,2025-02-01,2026-09-12,unverified
rail-krl_yogyakarta_palur-724,krl_yogyakarta_palur,724,7,rail-ceper-ad02f5e6,Ceper,12:50,12:50,0,Peta Integrasi Angkutan Umum.pdf,8,,,2025-02-01,2026-09-12,unverified
rail-krl_yogyakarta_palur-724,krl_yogyakarta_palur,724,8,rail-delanggu-cb9b7971,Delanggu,12:57,12:57,0,Peta Integrasi Angkutan Umum.pdf,8,,,2025-02-01,2026-09-12,unverified
rail-krl_yogyakarta_palur-724,krl_yogyakarta_palur,724,9,rail-gawok-67f76c7a,Gawok,13:03,13:03,0,Peta Integrasi Angkutan Umum.pdf,8,,,2025-02-01,2026-09-12,unverified
rail-krl_yogyakarta_palur-724,krl_yogyakarta_palur,724,10,rail-purwosari-e43dd915,Purwosari,13:10,13:10,0,Peta Integrasi Angkutan Umum.pdf,8,,,2025-02-01,2026-09-12,unverified
rail-krl_yogyakarta_palur-724,krl_yogyakarta_palur,724,11,rail-solobalapan-924cecca,Solobalapan,13:17,13:17,0,Peta Integrasi Angkutan Umum.pdf,8,,,2025-02-01,2026-09-12,unverified
rail-krl_yogyakarta_palur-724,krl_yogyakarta_palur,724,12,rail-solojebres-abe3e7be,Solojebres,13:24,13:24,0,Peta Integrasi Angkutan Umum.pdf,8,,,2025-02-01,2026-09-12,unverified
rail-krl_yogyakarta_palur-724,krl_yogyakarta_palur,724,13,rail-palur-afe08766,Palur,13:30,13:30,0,Peta Integrasi Angkutan Umum.pdf,8,,,2025-02-01,2026-09-12,unverified
rail-krl_yogyakarta_palur-714,krl_yogyakarta_palur,714,1,rail-yogyakarta-ee79e4bf,Yogyakarta,13:57,13:57,0,Peta Integrasi Angkutan Umum.pdf,8,,,2025-02-01,2026-09-12,unverified
rail-krl_yogyakarta_palur-714,krl_yogyakarta_palur,714,2,rail-lempuyangan-165ee6f0,Lempuyangan,14:02,14:02,0,Peta Integrasi Angkutan Umum.pdf,8,,,2025-02-01,2026-09-12,unverified
rail-krl_yogyakarta_palur-714,krl_yogyakarta_palur,714,3,rail-maguwo-489e95b8,Maguwo,14:10,14:10,0,Peta Integrasi Angkutan Umum.pdf,8,,,2025-02-01,2026-09-12,unverified
rail-krl_yogyakarta_palur-714,krl_yogyakarta_palur,714,4,rail-brambanan-00e94f37,Brambanan,14:19,14:19,0,Peta Integrasi Angkutan Umum.pdf,8,,,2025-02-01,2026-09-12,unverified
rail-krl_yogyakarta_palur-714,krl_yogyakarta_palur,714,5,rail-srowot-56a56498,Srowot,14:26,14:26,0,Peta Integrasi Angkutan Umum.pdf,8,,,2025-02-01,2026-09-12,unverified
rail-krl_yogyakarta_palur-714,krl_yogyakarta_palur,714,6,rail-klaten-e7b4990a,Klaten,14:33,14:33,0,Peta Integrasi Angkutan Umum.pdf,8,,,2025-02-01,2026-09-12,unverified
rail-krl_yogyakarta_palur-714,krl_yogyakarta_palur,714,7,rail-ceper-ad02f5e6,Ceper,14:42,14:42,0,Peta Integrasi Angkutan Umum.pdf,8,,,2025-02-01,2026-09-12,unverified
rail-krl_yogyakarta_palur-714,krl_yogyakarta_palur,714,8,rail-delanggu-cb9b7971,Delanggu,14:49,14:49,0,Peta Integrasi Angkutan Umum.pdf,8,,,2025-02-01,2026-09-12,unverified
rail-krl_yogyakarta_palur-714,krl_yogyakarta_palur,714,9,rail-gawok-67f76c7a,Gawok,14:56,14:56,0,Peta Integrasi Angkutan Umum.pdf,8,,,2025-02-01,2026-09-12,unverified
rail-krl_yogyakarta_palur-714,krl_yogyakarta_palur,714,10,rail-purwosari-e43dd915,Purwosari,15:03,15:03,0,Peta Integrasi Angkutan Umum.pdf,8,,,2025-02-01,2026-09-12,unverified
rail-krl_yogyakarta_palur-714,krl_yogyakarta_palur,714,11,rail-solobalapan-924cecca,Solobalapan,15:09,15:09,0,Peta Integrasi Angkutan Umum.pdf,8,,,2025-02-01,2026-09-12,unverified
rail-krl_yogyakarta_palur-714,krl_yogyakarta_palur,714,12,rail-solojebres-abe3e7be,Solojebres,15:15,15:15,0,Peta Integrasi Angkutan Umum.pdf,8,,,2025-02-01,2026-09-12,unverified
rail-krl_yogyakarta_palur-714,krl_yogyakarta_palur,714,13,rail-palur-afe08766,Palur,15:21,15:21,0,Peta Integrasi Angkutan Umum.pdf,8,,,2025-02-01,2026-09-12,unverified
rail-krl_yogyakarta_palur-706,krl_yogyakarta_palur,706,1,rail-yogyakarta-ee79e4bf,Yogyakarta,15:01,15:01,0,Peta Integrasi Angkutan Umum.pdf,8,,,2025-02-01,2026-09-12,unverified
rail-krl_yogyakarta_palur-706,krl_yogyakarta_palur,706,2,rail-lempuyangan-165ee6f0,Lempuyangan,15:06,15:06,0,Peta Integrasi Angkutan Umum.pdf,8,,,2025-02-01,2026-09-12,unverified
rail-krl_yogyakarta_palur-706,krl_yogyakarta_palur,706,3,rail-maguwo-489e95b8,Maguwo,15:13,15:13,0,Peta Integrasi Angkutan Umum.pdf,8,,,2025-02-01,2026-09-12,unverified
rail-krl_yogyakarta_palur-706,krl_yogyakarta_palur,706,4,rail-brambanan-00e94f37,Brambanan,15:22,15:22,0,Peta Integrasi Angkutan Umum.pdf,8,,,2025-02-01,2026-09-12,unverified
rail-krl_yogyakarta_palur-706,krl_yogyakarta_palur,706,5,rail-srowot-56a56498,Srowot,15:29,15:29,0,Peta Integrasi Angkutan Umum.pdf,8,,,2025-02-01,2026-09-12,unverified
rail-krl_yogyakarta_palur-706,krl_yogyakarta_palur,706,6,rail-klaten-e7b4990a,Klaten,15:36,15:36,0,Peta Integrasi Angkutan Umum.pdf,8,,,2025-02-01,2026-09-12,unverified
rail-krl_yogyakarta_palur-706,krl_yogyakarta_palur,706,7,rail-ceper-ad02f5e6,Ceper,15:45,15:45,0,Peta Integrasi Angkutan Umum.pdf,8,,,2025-02-01,2026-09-12,unverified
rail-krl_yogyakarta_palur-706,krl_yogyakarta_palur,706,8,rail-delanggu-cb9b7971,Delanggu,15:52,15:52,0,Peta Integrasi Angkutan Umum.pdf,8,,,2025-02-01,2026-09-12,unverified
rail-krl_yogyakarta_palur-706,krl_yogyakarta_palur,706,9,rail-gawok-67f76c7a,Gawok,15:58,15:58,0,Peta Integrasi Angkutan Umum.pdf,8,,,2025-02-01,2026-09-12,unverified
rail-krl_yogyakarta_palur-706,krl_yogyakarta_palur,706,10,rail-purwosari-e43dd915,Purwosari,16:06,16:06,0,Peta Integrasi Angkutan Umum.pdf,8,,,2025-02-01,2026-09-12,unverified
rail-krl_yogyakarta_palur-706,krl_yogyakarta_palur,706,11,rail-solobalapan-924cecca,Solobalapan,16:13,16:13,0,Peta Integrasi Angkutan Umum.pdf,8,,,2025-02-01,2026-09-12,unverified
rail-krl_yogyakarta_palur-706,krl_yogyakarta_palur,706,12,rail-solojebres-abe3e7be,Solojebres,16:19,16:19,0,Peta Integrasi Angkutan Umum.pdf,8,,,2025-02-01,2026-09-12,unverified
rail-krl_yogyakarta_palur-706,krl_yogyakarta_palur,706,13,rail-palur-afe08766,Palur,16:25,16:25,0,Peta Integrasi Angkutan Umum.pdf,8,,,2025-02-01,2026-09-12,unverified
rail-krl_yogyakarta_palur-726,krl_yogyakarta_palur,726,1,rail-yogyakarta-ee79e4bf,Yogyakarta,16:10,16:10,0,Peta Integrasi Angkutan Umum.pdf,8,,,2025-02-01,2026-09-12,unverified
rail-krl_yogyakarta_palur-726,krl_yogyakarta_palur,726,2,rail-lempuyangan-165ee6f0,Lempuyangan,16:15,16:15,0,Peta Integrasi Angkutan Umum.pdf,8,,,2025-02-01,2026-09-12,unverified
rail-krl_yogyakarta_palur-726,krl_yogyakarta_palur,726,3,rail-maguwo-489e95b8,Maguwo,16:22,16:22,0,Peta Integrasi Angkutan Umum.pdf,8,,,2025-02-01,2026-09-12,unverified
rail-krl_yogyakarta_palur-726,krl_yogyakarta_palur,726,4,rail-brambanan-00e94f37,Brambanan,16:30,16:30,0,Peta Integrasi Angkutan Umum.pdf,8,,,2025-02-01,2026-09-12,unverified
rail-krl_yogyakarta_palur-726,krl_yogyakarta_palur,726,5,rail-srowot-56a56498,Srowot,16:37,16:37,0,Peta Integrasi Angkutan Umum.pdf,8,,,2025-02-01,2026-09-12,unverified
rail-krl_yogyakarta_palur-726,krl_yogyakarta_palur,726,6,rail-klaten-e7b4990a,Klaten,16:44,16:44,0,Peta Integrasi Angkutan Umum.pdf,8,,,2025-02-01,2026-09-12,unverified
rail-krl_yogyakarta_palur-726,krl_yogyakarta_palur,726,7,rail-ceper-ad02f5e6,Ceper,16:53,16:53,0,Peta Integrasi Angkutan Umum.pdf,8,,,2025-02-01,2026-09-12,unverified
rail-krl_yogyakarta_palur-726,krl_yogyakarta_palur,726,8,rail-delanggu-cb9b7971,Delanggu,17:12,17:12,0,Peta Integrasi Angkutan Umum.pdf,8,,,2025-02-01,2026-09-12,unverified
rail-krl_yogyakarta_palur-726,krl_yogyakarta_palur,726,9,rail-gawok-67f76c7a,Gawok,17:18,17:18,0,Peta Integrasi Angkutan Umum.pdf,8,,,2025-02-01,2026-09-12,unverified
rail-krl_yogyakarta_palur-726,krl_yogyakarta_palur,726,10,rail-purwosari-e43dd915,Purwosari,17:26,17:26,0,Peta Integrasi Angkutan Umum.pdf,8,,,2025-02-01,2026-09-12,unverified
rail-krl_yogyakarta_palur-726,krl_yogyakarta_palur,726,11,rail-solobalapan-924cecca,Solobalapan,17:35,17:35,0,Peta Integrasi Angkutan Umum.pdf,8,,,2025-02-01,2026-09-12,unverified
rail-krl_yogyakarta_palur-726,krl_yogyakarta_palur,726,12,rail-solojebres-abe3e7be,Solojebres,17:40,17:40,0,Peta Integrasi Angkutan Umum.pdf,8,,,2025-02-01,2026-09-12,unverified
rail-krl_yogyakarta_palur-726,krl_yogyakarta_palur,726,13,rail-palur-afe08766,Palur,17:45,17:45,0,Peta Integrasi Angkutan Umum.pdf,8,,,2025-02-01,2026-09-12,unverified
rail-krl_yogyakarta_palur-716,krl_yogyakarta_palur,716,1,rail-yogyakarta-ee79e4bf,Yogyakarta,17:35,17:35,0,Peta Integrasi Angkutan Umum.pdf,8,,,2025-02-01,2026-09-12,unverified
rail-krl_yogyakarta_palur-716,krl_yogyakarta_palur,716,2,rail-lempuyangan-165ee6f0,Lempuyangan,17:40,17:40,0,Peta Integrasi Angkutan Umum.pdf,8,,,2025-02-01,2026-09-12,unverified
rail-krl_yogyakarta_palur-716,krl_yogyakarta_palur,716,3,rail-maguwo-489e95b8,Maguwo,17:47,17:47,0,Peta Integrasi Angkutan Umum.pdf,8,,,2025-02-01,2026-09-12,unverified
rail-krl_yogyakarta_palur-716,krl_yogyakarta_palur,716,4,rail-brambanan-00e94f37,Brambanan,17:55,17:55,0,Peta Integrasi Angkutan Umum.pdf,8,,,2025-02-01,2026-09-12,unverified
rail-krl_yogyakarta_palur-716,krl_yogyakarta_palur,716,5,rail-srowot-56a56498,Srowot,18:01,18:01,0,Peta Integrasi Angkutan Umum.pdf,8,,,2025-02-01,2026-09-12,unverified
rail-krl_yogyakarta_palur-716,krl_yogyakarta_palur,716,6,rail-klaten-e7b4990a,Klaten,18:08,18:08,0,Peta Integrasi Angkutan Umum.pdf,8,,,2025-02-01,2026-09-12,unverified
rail-krl_yogyakarta_palur-716,krl_yogyakarta_palur,716,7,rail-ceper-ad02f5e6,Ceper,18:17,18:17,0,Peta Integrasi Angkutan Umum.pdf,8,,,2025-02-01,2026-09-12,unverified
rail-krl_yogyakarta_palur-716,krl_yogyakarta_palur,716,8,rail-delanggu-cb9b7971,Delanggu,18:24,18:24,0,Peta Integrasi Angkutan Umum.pdf,8,,,2025-02-01,2026-09-12,unverified
rail-krl_yogyakarta_palur-716,krl_yogyakarta_palur,716,9,rail-gawok-67f76c7a,Gawok,18:30,18:30,0,Peta Integrasi Angkutan Umum.pdf,8,,,2025-02-01,2026-09-12,unverified
rail-krl_yogyakarta_palur-716,krl_yogyakarta_palur,716,10,rail-purwosari-e43dd915,Purwosari,18:38,18:38,0,Peta Integrasi Angkutan Umum.pdf,8,,,2025-02-01,2026-09-12,unverified
rail-krl_yogyakarta_palur-716,krl_yogyakarta_palur,716,11,rail-solobalapan-924cecca,Solobalapan,18:45,18:45,0,Peta Integrasi Angkutan Umum.pdf,8,,,2025-02-01,2026-09-12,unverified
rail-krl_yogyakarta_palur-716,krl_yogyakarta_palur,716,12,rail-solojebres-abe3e7be,Solojebres,18:51,18:51,0,Peta Integrasi Angkutan Umum.pdf,8,,,2025-02-01,2026-09-12,unverified
rail-krl_yogyakarta_palur-716,krl_yogyakarta_palur,716,13,rail-palur-afe08766,Palur,18:57,18:57,0,Peta Integrasi Angkutan Umum.pdf,8,,,2025-02-01,2026-09-12,unverified
rail-krl_yogyakarta_palur-708,krl_yogyakarta_palur,708,1,rail-yogyakarta-ee79e4bf,Yogyakarta,18:08,18:08,0,Peta Integrasi Angkutan Umum.pdf,8,,,2025-02-01,2026-09-12,unverified
rail-krl_yogyakarta_palur-708,krl_yogyakarta_palur,708,2,rail-lempuyangan-165ee6f0,Lempuyangan,18:31,18:31,0,Peta Integrasi Angkutan Umum.pdf,8,,,2025-02-01,2026-09-12,unverified
rail-krl_yogyakarta_palur-708,krl_yogyakarta_palur,708,3,rail-maguwo-489e95b8,Maguwo,18:20,18:20,0,Peta Integrasi Angkutan Umum.pdf,8,,,2025-02-01,2026-09-12,unverified
rail-krl_yogyakarta_palur-708,krl_yogyakarta_palur,708,4,rail-brambanan-00e94f37,Brambanan,18:28,18:28,0,Peta Integrasi Angkutan Umum.pdf,8,,,2025-02-01,2026-09-12,unverified
rail-krl_yogyakarta_palur-708,krl_yogyakarta_palur,708,5,rail-srowot-56a56498,Srowot,18:35,18:35,0,Peta Integrasi Angkutan Umum.pdf,8,,,2025-02-01,2026-09-12,unverified
rail-krl_yogyakarta_palur-708,krl_yogyakarta_palur,708,6,rail-klaten-e7b4990a,Klaten,18:42,18:42,0,Peta Integrasi Angkutan Umum.pdf,8,,,2025-02-01,2026-09-12,unverified
rail-krl_yogyakarta_palur-708,krl_yogyakarta_palur,708,7,rail-ceper-ad02f5e6,Ceper,18:51,18:51,0,Peta Integrasi Angkutan Umum.pdf,8,,,2025-02-01,2026-09-12,unverified
rail-krl_yogyakarta_palur-708,krl_yogyakarta_palur,708,8,rail-delanggu-cb9b7971,Delanggu,18:58,18:58,0,Peta Integrasi Angkutan Umum.pdf,8,,,2025-02-01,2026-09-12,unverified
rail-krl_yogyakarta_palur-708,krl_yogyakarta_palur,708,9,rail-gawok-67f76c7a,Gawok,19:04,19:04,0,Peta Integrasi Angkutan Umum.pdf,8,,,2025-02-01,2026-09-12,unverified
rail-krl_yogyakarta_palur-708,krl_yogyakarta_palur,708,10,rail-purwosari-e43dd915,Purwosari,19:11,19:11,0,Peta Integrasi Angkutan Umum.pdf,8,,,2025-02-01,2026-09-12,unverified
rail-krl_yogyakarta_palur-708,krl_yogyakarta_palur,708,11,rail-solobalapan-924cecca,Solobalapan,19:17,19:17,0,Peta Integrasi Angkutan Umum.pdf,8,,,2025-02-01,2026-09-12,unverified
rail-krl_yogyakarta_palur-708,krl_yogyakarta_palur,708,12,rail-solojebres-abe3e7be,Solojebres,19:23,19:23,0,Peta Integrasi Angkutan Umum.pdf,8,,,2025-02-01,2026-09-12,unverified
rail-krl_yogyakarta_palur-708,krl_yogyakarta_palur,708,13,rail-palur-afe08766,Palur,19:28,19:28,0,Peta Integrasi Angkutan Umum.pdf,8,,,2025-02-01,2026-09-12,unverified
rail-krl_yogyakarta_palur-728,krl_yogyakarta_palur,728,1,rail-yogyakarta-ee79e4bf,Yogyakarta,20:15,20:15,0,Peta Integrasi Angkutan Umum.pdf,8,,,2025-02-01,2026-09-12,unverified
rail-krl_yogyakarta_palur-728,krl_yogyakarta_palur,728,2,rail-lempuyangan-165ee6f0,Lempuyangan,20:20,20:20,0,Peta Integrasi Angkutan Umum.pdf,8,,,2025-02-01,2026-09-12,unverified
rail-krl_yogyakarta_palur-728,krl_yogyakarta_palur,728,3,rail-maguwo-489e95b8,Maguwo,20:27,20:27,0,Peta Integrasi Angkutan Umum.pdf,8,,,2025-02-01,2026-09-12,unverified
rail-krl_yogyakarta_palur-728,krl_yogyakarta_palur,728,4,rail-brambanan-00e94f37,Brambanan,20:36,20:36,0,Peta Integrasi Angkutan Umum.pdf,8,,,2025-02-01,2026-09-12,unverified
rail-krl_yogyakarta_palur-728,krl_yogyakarta_palur,728,5,rail-srowot-56a56498,Srowot,20:43,20:43,0,Peta Integrasi Angkutan Umum.pdf,8,,,2025-02-01,2026-09-12,unverified
rail-krl_yogyakarta_palur-728,krl_yogyakarta_palur,728,6,rail-klaten-e7b4990a,Klaten,20:50,20:50,0,Peta Integrasi Angkutan Umum.pdf,8,,,2025-02-01,2026-09-12,unverified
rail-krl_yogyakarta_palur-728,krl_yogyakarta_palur,728,7,rail-ceper-ad02f5e6,Ceper,20:59,20:59,0,Peta Integrasi Angkutan Umum.pdf,8,,,2025-02-01,2026-09-12,unverified
rail-krl_yogyakarta_palur-728,krl_yogyakarta_palur,728,8,rail-delanggu-cb9b7971,Delanggu,21:06,21:06,0,Peta Integrasi Angkutan Umum.pdf,8,,,2025-02-01,2026-09-12,unverified
rail-krl_yogyakarta_palur-728,krl_yogyakarta_palur,728,9,rail-gawok-67f76c7a,Gawok,21:12,21:12,0,Peta Integrasi Angkutan Umum.pdf,8,,,2025-02-01,2026-09-12,unverified
rail-krl_yogyakarta_palur-728,krl_yogyakarta_palur,728,10,rail-purwosari-e43dd915,Purwosari,21:19,21:19,0,Peta Integrasi Angkutan Umum.pdf,8,,,2025-02-01,2026-09-12,unverified
rail-krl_yogyakarta_palur-728,krl_yogyakarta_palur,728,11,rail-solobalapan-924cecca,Solobalapan,21:28,21:28,0,Peta Integrasi Angkutan Umum.pdf,8,,,2025-02-01,2026-09-12,unverified
rail-krl_yogyakarta_palur-728,krl_yogyakarta_palur,728,12,rail-solojebres-abe3e7be,Solojebres,21:34,21:34,0,Peta Integrasi Angkutan Umum.pdf,8,,,2025-02-01,2026-09-12,unverified
rail-krl_yogyakarta_palur-728,krl_yogyakarta_palur,728,13,rail-palur-afe08766,Palur,21:40,21:40,0,Peta Integrasi Angkutan Umum.pdf,8,,,2025-02-01,2026-09-12,unverified
rail-krl_yogyakarta_palur-718,krl_yogyakarta_palur,718,1,rail-yogyakarta-ee79e4bf,Yogyakarta,21:20,21:20,0,Peta Integrasi Angkutan Umum.pdf,8,,,2025-02-01,2026-09-12,unverified
rail-krl_yogyakarta_palur-718,krl_yogyakarta_palur,718,2,rail-lempuyangan-165ee6f0,Lempuyangan,21:25,21:25,0,Peta Integrasi Angkutan Umum.pdf,8,,,2025-02-01,2026-09-12,unverified
rail-krl_yogyakarta_palur-718,krl_yogyakarta_palur,718,3,rail-maguwo-489e95b8,Maguwo,21:32,21:32,0,Peta Integrasi Angkutan Umum.pdf,8,,,2025-02-01,2026-09-12,unverified
rail-krl_yogyakarta_palur-718,krl_yogyakarta_palur,718,4,rail-brambanan-00e94f37,Brambanan,21:40,21:40,0,Peta Integrasi Angkutan Umum.pdf,8,,,2025-02-01,2026-09-12,unverified
rail-krl_yogyakarta_palur-718,krl_yogyakarta_palur,718,5,rail-srowot-56a56498,Srowot,21:47,21:47,0,Peta Integrasi Angkutan Umum.pdf,8,,,2025-02-01,2026-09-12,unverified
rail-krl_yogyakarta_palur-718,krl_yogyakarta_palur,718,6,rail-klaten-e7b4990a,Klaten,21:54,21:54,0,Peta Integrasi Angkutan Umum.pdf,8,,,2025-02-01,2026-09-12,unverified
rail-krl_yogyakarta_palur-718,krl_yogyakarta_palur,718,7,rail-ceper-ad02f5e6,Ceper,22:03,22:03,0,Peta Integrasi Angkutan Umum.pdf,8,,,2025-02-01,2026-09-12,unverified
rail-krl_yogyakarta_palur-718,krl_yogyakarta_palur,718,8,rail-delanggu-cb9b7971,Delanggu,22:10,22:10,0,Peta Integrasi Angkutan Umum.pdf,8,,,2025-02-01,2026-09-12,unverified
rail-krl_yogyakarta_palur-718,krl_yogyakarta_palur,718,9,rail-gawok-67f76c7a,Gawok,22:17,22:17,0,Peta Integrasi Angkutan Umum.pdf,8,,,2025-02-01,2026-09-12,unverified
rail-krl_yogyakarta_palur-718,krl_yogyakarta_palur,718,10,rail-purwosari-e43dd915,Purwosari,22:26,22:26,0,Peta Integrasi Angkutan Umum.pdf,8,,,2025-02-01,2026-09-12,unverified
rail-krl_yogyakarta_palur-718,krl_yogyakarta_palur,718,11,rail-solobalapan-924cecca,Solobalapan,22:32,22:32,0,Peta Integrasi Angkutan Umum.pdf,8,,,2025-02-01,2026-09-12,unverified
rail-krl_yogyakarta_palur-718,krl_yogyakarta_palur,718,12,rail-solojebres-abe3e7be,Solojebres,22:37,22:37,0,Peta Integrasi Angkutan Umum.pdf,8,,,2025-02-01,2026-09-12,unverified
rail-krl_yogyakarta_palur-718,krl_yogyakarta_palur,718,13,rail-palur-afe08766,Palur,22:43,22:43,0,Peta Integrasi Angkutan Umum.pdf,8,,,2025-02-01,2026-09-12,unverified
rail-krl_yogyakarta_palur-710,krl_yogyakarta_palur,710,1,rail-yogyakarta-ee79e4bf,Yogyakarta,22:35,22:35,0,Peta Integrasi Angkutan Umum.pdf,8,,,2025-02-01,2026-09-12,unverified
rail-krl_yogyakarta_palur-710,krl_yogyakarta_palur,710,2,rail-lempuyangan-165ee6f0,Lempuyangan,22:40,22:40,0,Peta Integrasi Angkutan Umum.pdf,8,,,2025-02-01,2026-09-12,unverified
rail-krl_yogyakarta_palur-710,krl_yogyakarta_palur,710,3,rail-maguwo-489e95b8,Maguwo,22:47,22:47,0,Peta Integrasi Angkutan Umum.pdf,8,,,2025-02-01,2026-09-12,unverified
rail-krl_yogyakarta_palur-710,krl_yogyakarta_palur,710,4,rail-brambanan-00e94f37,Brambanan,22:56,22:56,0,Peta Integrasi Angkutan Umum.pdf,8,,,2025-02-01,2026-09-12,unverified
rail-krl_yogyakarta_palur-710,krl_yogyakarta_palur,710,5,rail-srowot-56a56498,Srowot,23:03,23:03,0,Peta Integrasi Angkutan Umum.pdf,8,,,2025-02-01,2026-09-12,unverified
rail-krl_yogyakarta_palur-710,krl_yogyakarta_palur,710,6,rail-klaten-e7b4990a,Klaten,23:10,23:10,0,Peta Integrasi Angkutan Umum.pdf,8,,,2025-02-01,2026-09-12,unverified
rail-krl_yogyakarta_palur-710,krl_yogyakarta_palur,710,7,rail-ceper-ad02f5e6,Ceper,23:19,23:19,0,Peta Integrasi Angkutan Umum.pdf,8,,,2025-02-01,2026-09-12,unverified
rail-krl_yogyakarta_palur-710,krl_yogyakarta_palur,710,8,rail-delanggu-cb9b7971,Delanggu,23:26,23:26,0,Peta Integrasi Angkutan Umum.pdf,8,,,2025-02-01,2026-09-12,unverified
rail-krl_yogyakarta_palur-710,krl_yogyakarta_palur,710,9,rail-gawok-67f76c7a,Gawok,23:33,23:33,0,Peta Integrasi Angkutan Umum.pdf,8,,,2025-02-01,2026-09-12,unverified
rail-krl_yogyakarta_palur-710,krl_yogyakarta_palur,710,10,rail-purwosari-e43dd915,Purwosari,23:41,23:41,0,Peta Integrasi Angkutan Umum.pdf,8,,,2025-02-01,2026-09-12,unverified
rail-krl_yogyakarta_palur-710,krl_yogyakarta_palur,710,11,rail-solobalapan-924cecca,Solobalapan,23:47,23:47,0,Peta Integrasi Angkutan Umum.pdf,8,,,2025-02-01,2026-09-12,unverified
rail-krl_yogyakarta_palur-710,krl_yogyakarta_palur,710,12,rail-solojebres-abe3e7be,Solojebres,23:54,23:54,0,Peta Integrasi Angkutan Umum.pdf,8,,,2025-02-01,2026-09-12,unverified
rail-krl_yogyakarta_palur-710,krl_yogyakarta_palur,710,13,rail-palur-afe08766,Palur,00:00,00:00,1,Peta Integrasi Angkutan Umum.pdf,8,,,2025-02-01,2026-09-12,unverified
rail-krl_palur_yogyakarta-701,krl_palur_yogyakarta,701,1,rail-palur-afe08766,Palur,05:00,05:00,0,Peta Integrasi Angkutan Umum.pdf,8,,,2025-02-01,2026-09-12,unverified
rail-krl_palur_yogyakarta-701,krl_palur_yogyakarta,701,2,rail-solojebres-abe3e7be,Solojebres,05:06,05:06,0,Peta Integrasi Angkutan Umum.pdf,8,,,2025-02-01,2026-09-12,unverified
rail-krl_palur_yogyakarta-701,krl_palur_yogyakarta,701,3,rail-solobalapan-924cecca,Solobalapan,05:13,05:13,0,Peta Integrasi Angkutan Umum.pdf,8,,,2025-02-01,2026-09-12,unverified
rail-krl_palur_yogyakarta-701,krl_palur_yogyakarta,701,4,rail-purwosari-e43dd915,Purwosari,05:18,05:18,0,Peta Integrasi Angkutan Umum.pdf,8,,,2025-02-01,2026-09-12,unverified
rail-krl_palur_yogyakarta-701,krl_palur_yogyakarta,701,5,rail-gawok-67f76c7a,Gawok,05:26,05:26,0,Peta Integrasi Angkutan Umum.pdf,8,,,2025-02-01,2026-09-12,unverified
rail-krl_palur_yogyakarta-701,krl_palur_yogyakarta,701,6,rail-delanggu-cb9b7971,Delanggu,05:32,05:32,0,Peta Integrasi Angkutan Umum.pdf,8,,,2025-02-01,2026-09-12,unverified
rail-krl_palur_yogyakarta-701,krl_palur_yogyakarta,701,7,rail-ceper-ad02f5e6,Ceper,05:39,05:39,0,Peta Integrasi Angkutan Umum.pdf,8,,,2025-02-01,2026-09-12,unverified
rail-krl_palur_yogyakarta-701,krl_palur_yogyakarta,701,8,rail-klaten-e7b4990a,Klaten,05:48,05:48,0,Peta Integrasi Angkutan Umum.pdf,8,,,2025-02-01,2026-09-12,unverified
rail-krl_palur_yogyakarta-701,krl_palur_yogyakarta,701,9,rail-srowot-56a56498,Srowot,05:55,05:55,0,Peta Integrasi Angkutan Umum.pdf,8,,,2025-02-01,2026-09-12,unverified
rail-krl_palur_yogyakarta-701,krl_palur_yogyakarta,701,10,rail-brambanan-00e94f37,Brambanan,06:01,06:01,0,Peta Integrasi Angkutan Umum.pdf,8,,,2025-02-01,2026-09-12,unverified
rail-krl_palur_yogyakarta-701,krl_palur_yogyakarta,701,11,rail-maguwo-489e95b8,Maguwo,06:10,06:10,0,Peta Integrasi Angkutan Umum.pdf,8,,,2025-02-01,2026-09-12,unverified
rail-krl_palur_yogyakarta-701,krl_palur_yogyakarta,701,12,rail-lempuyangan-165ee6f0,Lempuyangan,06:19,06:19,0,Peta Integrasi Angkutan Umum.pdf,8,,,2025-02-01,2026-09-12,unverified
rail-krl_palur_yogyakarta-701,krl_palur_yogyakarta,701,13,rail-yogyakarta-ee79e4bf,Yogyakarta,06:23,06:23,0,Peta Integrasi Angkutan Umum.pdf,8,,,2025-02-01,2026-09-12,unverified
rail-krl_palur_yogyakarta-711,krl_palur_yogyakarta,711,1,rail-palur-afe08766,Palur,06:05,06:05,0,Peta Integrasi Angkutan Umum.pdf,8,,,2025-02-01,2026-09-12,unverified
rail-krl_palur_yogyakarta-711,krl_palur_yogyakarta,711,2,rail-solojebres-abe3e7be,Solojebres,06:11,06:11,0,Peta Integrasi Angkutan Umum.pdf,8,,,2025-02-01,2026-09-12,unverified
rail-krl_palur_yogyakarta-711,krl_palur_yogyakarta,711,3,rail-solobalapan-924cecca,Solobalapan,06:18,06:18,0,Peta Integrasi Angkutan Umum.pdf,8,,,2025-02-01,2026-09-12,unverified
rail-krl_palur_yogyakarta-711,krl_palur_yogyakarta,711,4,rail-purwosari-e43dd915,Purwosari,06:23,06:23,0,Peta Integrasi Angkutan Umum.pdf,8,,,2025-02-01,2026-09-12,unverified
rail-krl_palur_yogyakarta-711,krl_palur_yogyakarta,711,5,rail-gawok-67f76c7a,Gawok,06:31,06:31,0,Peta Integrasi Angkutan Umum.pdf,8,,,2025-02-01,2026-09-12,unverified
rail-krl_palur_yogyakarta-711,krl_palur_yogyakarta,711,6,rail-delanggu-cb9b7971,Delanggu,06:37,06:37,0,Peta Integrasi Angkutan Umum.pdf,8,,,2025-02-01,2026-09-12,unverified
rail-krl_palur_yogyakarta-711,krl_palur_yogyakarta,711,7,rail-ceper-ad02f5e6,Ceper,06:44,06:44,0,Peta Integrasi Angkutan Umum.pdf,8,,,2025-02-01,2026-09-12,unverified
rail-krl_palur_yogyakarta-711,krl_palur_yogyakarta,711,8,rail-klaten-e7b4990a,Klaten,06:53,06:53,0,Peta Integrasi Angkutan Umum.pdf,8,,,2025-02-01,2026-09-12,unverified
rail-krl_palur_yogyakarta-711,krl_palur_yogyakarta,711,9,rail-srowot-56a56498,Srowot,07:00,07:00,0,Peta Integrasi Angkutan Umum.pdf,8,,,2025-02-01,2026-09-12,unverified
rail-krl_palur_yogyakarta-711,krl_palur_yogyakarta,711,10,rail-brambanan-00e94f37,Brambanan,07:06,07:06,0,Peta Integrasi Angkutan Umum.pdf,8,,,2025-02-01,2026-09-12,unverified
rail-krl_palur_yogyakarta-711,krl_palur_yogyakarta,711,11,rail-maguwo-489e95b8,Maguwo,07:15,07:15,0,Peta Integrasi Angkutan Umum.pdf,8,,,2025-02-01,2026-09-12,unverified
rail-krl_palur_yogyakarta-711,krl_palur_yogyakarta,711,12,rail-lempuyangan-165ee6f0,Lempuyangan,07:25,07:25,0,Peta Integrasi Angkutan Umum.pdf,8,,,2025-02-01,2026-09-12,unverified
rail-krl_palur_yogyakarta-711,krl_palur_yogyakarta,711,13,rail-yogyakarta-ee79e4bf,Yogyakarta,07:29,07:29,0,Peta Integrasi Angkutan Umum.pdf,8,,,2025-02-01,2026-09-12,unverified
rail-krl_palur_yogyakarta-721,krl_palur_yogyakarta,721,1,rail-palur-afe08766,Palur,07:15,07:15,0,Peta Integrasi Angkutan Umum.pdf,8,,,2025-02-01,2026-09-12,unverified
rail-krl_palur_yogyakarta-721,krl_palur_yogyakarta,721,2,rail-solojebres-abe3e7be,Solojebres,07:21,07:21,0,Peta Integrasi Angkutan Umum.pdf,8,,,2025-02-01,2026-09-12,unverified
rail-krl_palur_yogyakarta-721,krl_palur_yogyakarta,721,3,rail-solobalapan-924cecca,Solobalapan,07:27,07:27,0,Peta Integrasi Angkutan Umum.pdf,8,,,2025-02-01,2026-09-12,unverified
rail-krl_palur_yogyakarta-721,krl_palur_yogyakarta,721,4,rail-purwosari-e43dd915,Purwosari,07:32,07:32,0,Peta Integrasi Angkutan Umum.pdf,8,,,2025-02-01,2026-09-12,unverified
rail-krl_palur_yogyakarta-721,krl_palur_yogyakarta,721,5,rail-gawok-67f76c7a,Gawok,07:40,07:40,0,Peta Integrasi Angkutan Umum.pdf,8,,,2025-02-01,2026-09-12,unverified
rail-krl_palur_yogyakarta-721,krl_palur_yogyakarta,721,6,rail-delanggu-cb9b7971,Delanggu,07:46,07:46,0,Peta Integrasi Angkutan Umum.pdf,8,,,2025-02-01,2026-09-12,unverified
rail-krl_palur_yogyakarta-721,krl_palur_yogyakarta,721,7,rail-ceper-ad02f5e6,Ceper,07:53,07:53,0,Peta Integrasi Angkutan Umum.pdf,8,,,2025-02-01,2026-09-12,unverified
rail-krl_palur_yogyakarta-721,krl_palur_yogyakarta,721,8,rail-klaten-e7b4990a,Klaten,08:02,08:02,0,Peta Integrasi Angkutan Umum.pdf,8,,,2025-02-01,2026-09-12,unverified
rail-krl_palur_yogyakarta-721,krl_palur_yogyakarta,721,9,rail-srowot-56a56498,Srowot,08:09,08:09,0,Peta Integrasi Angkutan Umum.pdf,8,,,2025-02-01,2026-09-12,unverified
rail-krl_palur_yogyakarta-721,krl_palur_yogyakarta,721,10,rail-brambanan-00e94f37,Brambanan,08:15,08:15,0,Peta Integrasi Angkutan Umum.pdf,8,,,2025-02-01,2026-09-12,unverified
rail-krl_palur_yogyakarta-721,krl_palur_yogyakarta,721,11,rail-maguwo-489e95b8,Maguwo,08:24,08:24,0,Peta Integrasi Angkutan Umum.pdf,8,,,2025-02-01,2026-09-12,unverified
rail-krl_palur_yogyakarta-721,krl_palur_yogyakarta,721,12,rail-lempuyangan-165ee6f0,Lempuyangan,08:35,08:35,0,Peta Integrasi Angkutan Umum.pdf,8,,,2025-02-01,2026-09-12,unverified
rail-krl_palur_yogyakarta-721,krl_palur_yogyakarta,721,13,rail-yogyakarta-ee79e4bf,Yogyakarta,08:39,08:39,0,Peta Integrasi Angkutan Umum.pdf,8,,,2025-02-01,2026-09-12,unverified
rail-krl_palur_yogyakarta-703,krl_palur_yogyakarta,703,1,rail-palur-afe08766,Palur,08:56,08:56,0,Peta Integrasi Angkutan Umum.pdf,8,,,2025-02-01,2026-09-12,unverified
rail-krl_palur_yogyakarta-703,krl_palur_yogyakarta,703,2,rail-solojebres-abe3e7be,Solojebres,09:02,09:02,0,Peta Integrasi Angkutan Umum.pdf,8,,,2025-02-01,2026-09-12,unverified
rail-krl_palur_yogyakarta-703,krl_palur_yogyakarta,703,3,rail-solobalapan-924cecca,Solobalapan,09:08,09:08,0,Peta Integrasi Angkutan Umum.pdf,8,,,2025-02-01,2026-09-12,unverified
rail-krl_palur_yogyakarta-703,krl_palur_yogyakarta,703,4,rail-purwosari-e43dd915,Purwosari,09:13,09:13,0,Peta Integrasi Angkutan Umum.pdf,8,,,2025-02-01,2026-09-12,unverified
rail-krl_palur_yogyakarta-703,krl_palur_yogyakarta,703,5,rail-gawok-67f76c7a,Gawok,09:20,09:20,0,Peta Integrasi Angkutan Umum.pdf,8,,,2025-02-01,2026-09-12,unverified
rail-krl_palur_yogyakarta-703,krl_palur_yogyakarta,703,6,rail-delanggu-cb9b7971,Delanggu,09:26,09:26,0,Peta Integrasi Angkutan Umum.pdf,8,,,2025-02-01,2026-09-12,unverified
rail-krl_palur_yogyakarta-703,krl_palur_yogyakarta,703,7,rail-ceper-ad02f5e6,Ceper,09:46,09:46,0,Peta Integrasi Angkutan Umum.pdf,8,,,2025-02-01,2026-09-12,unverified
rail-krl_palur_yogyakarta-703,krl_palur_yogyakarta,703,8,rail-klaten-e7b4990a,Klaten,09:55,09:55,0,Peta Integrasi Angkutan Umum.pdf,8,,,2025-02-01,2026-09-12,unverified
rail-krl_palur_yogyakarta-703,krl_palur_yogyakarta,703,9,rail-srowot-56a56498,Srowot,10:02,10:02,0,Peta Integrasi Angkutan Umum.pdf,8,,,2025-02-01,2026-09-12,unverified
rail-krl_palur_yogyakarta-703,krl_palur_yogyakarta,703,10,rail-brambanan-00e94f37,Brambanan,10:08,10:08,0,Peta Integrasi Angkutan Umum.pdf,8,,,2025-02-01,2026-09-12,unverified
rail-krl_palur_yogyakarta-703,krl_palur_yogyakarta,703,11,rail-maguwo-489e95b8,Maguwo,10:16,10:16,0,Peta Integrasi Angkutan Umum.pdf,8,,,2025-02-01,2026-09-12,unverified
rail-krl_palur_yogyakarta-703,krl_palur_yogyakarta,703,12,rail-lempuyangan-165ee6f0,Lempuyangan,10:23,10:23,0,Peta Integrasi Angkutan Umum.pdf,8,,,2025-02-01,2026-09-12,unverified
rail-krl_palur_yogyakarta-703,krl_palur_yogyakarta,703,13,rail-yogyakarta-ee79e4bf,Yogyakarta,10:27,10:27,0,Peta Integrasi Angkutan Umum.pdf,8,,,2025-02-01,2026-09-12,unverified
rail-krl_palur_yogyakarta-723,krl_palur_yogyakarta,723,1,rail-palur-afe08766,Palur,10:40,10:40,0,Peta Integrasi Angkutan Umum.pdf,8,,,2025-02-01,2026-09-12,unverified
rail-krl_palur_yogyakarta-723,krl_palur_yogyakarta,723,2,rail-solojebres-abe3e7be,Solojebres,10:46,10:46,0,Peta Integrasi Angkutan Umum.pdf,8,,,2025-02-01,2026-09-12,unverified
rail-krl_palur_yogyakarta-723,krl_palur_yogyakarta,723,3,rail-solobalapan-924cecca,Solobalapan,10:52,10:52,0,Peta Integrasi Angkutan Umum.pdf,8,,,2025-02-01,2026-09-12,unverified
rail-krl_palur_yogyakarta-723,krl_palur_yogyakarta,723,4,rail-purwosari-e43dd915,Purwosari,10:57,10:57,0,Peta Integrasi Angkutan Umum.pdf,8,,,2025-02-01,2026-09-12,unverified
rail-krl_palur_yogyakarta-723,krl_palur_yogyakarta,723,5,rail-gawok-67f76c7a,Gawok,11:04,11:04,0,Peta Integrasi Angkutan Umum.pdf,8,,,2025-02-01,2026-09-12,unverified
rail-krl_palur_yogyakarta-723,krl_palur_yogyakarta,723,6,rail-delanggu-cb9b7971,Delanggu,11:10,11:10,0,Peta Integrasi Angkutan Umum.pdf,8,,,2025-02-01,2026-09-12,unverified
rail-krl_palur_yogyakarta-723,krl_palur_yogyakarta,723,7,rail-ceper-ad02f5e6,Ceper,11:17,11:17,0,Peta Integrasi Angkutan Umum.pdf,8,,,2025-02-01,2026-09-12,unverified
rail-krl_palur_yogyakarta-723,krl_palur_yogyakarta,723,8,rail-klaten-e7b4990a,Klaten,11:26,11:26,0,Peta Integrasi Angkutan Umum.pdf,8,,,2025-02-01,2026-09-12,unverified
rail-krl_palur_yogyakarta-723,krl_palur_yogyakarta,723,9,rail-srowot-56a56498,Srowot,11:33,11:33,0,Peta Integrasi Angkutan Umum.pdf,8,,,2025-02-01,2026-09-12,unverified
rail-krl_palur_yogyakarta-723,krl_palur_yogyakarta,723,10,rail-brambanan-00e94f37,Brambanan,11:39,11:39,0,Peta Integrasi Angkutan Umum.pdf,8,,,2025-02-01,2026-09-12,unverified
rail-krl_palur_yogyakarta-723,krl_palur_yogyakarta,723,11,rail-maguwo-489e95b8,Maguwo,11:47,11:47,0,Peta Integrasi Angkutan Umum.pdf,8,,,2025-02-01,2026-09-12,unverified
rail-krl_palur_yogyakarta-723,krl_palur_yogyakarta,723,12,rail-lempuyangan-165ee6f0,Lempuyangan,11:55,11:55,0,Peta Integrasi Angkutan Umum.pdf,8,,,2025-02-01,2026-09-12,unverified
rail-krl_palur_yogyakarta-723,krl_palur_yogyakarta,723,13,rail-yogyakarta-ee79e4bf,Yogyakarta,11:59,11:59,0,Peta Integrasi Angkutan Umum.pdf,8,,,2025-02-01,2026-09-12,unverified
rail-krl_palur_yogyakarta-705,krl_palur_yogyakarta,705,1,rail-palur-afe08766,Palur,12:50,12:50,0,Peta Integrasi Angkutan Umum.pdf,8,,,2025-02-01,2026-09-12,unverified
rail-krl_palur_yogyakarta-705,krl_palur_yogyakarta,705,2,rail-solojebres-abe3e7be,Solojebres,12:56,12:56,0,Peta Integrasi Angkutan Umum.pdf,8,,,2025-02-01,2026-09-12,unverified
rail-krl_palur_yogyakarta-705,krl_palur_yogyakarta,705,3,rail-solobalapan-924cecca,Solobalapan,13:03,13:03,0,Peta Integrasi Angkutan Umum.pdf,8,,,2025-02-01,2026-09-12,unverified
rail-krl_palur_yogyakarta-705,krl_palur_yogyakarta,705,4,rail-purwosari-e43dd915,Purwosari,13:08,13:08,0,Peta Integrasi Angkutan Umum.pdf,8,,,2025-02-01,2026-09-12,unverified
rail-krl_palur_yogyakarta-705,krl_palur_yogyakarta,705,5,rail-gawok-67f76c7a,Gawok,13:16,13:16,0,Peta Integrasi Angkutan Umum.pdf,8,,,2025-02-01,2026-09-12,unverified
rail-krl_palur_yogyakarta-705,krl_palur_yogyakarta,705,6,rail-delanggu-cb9b7971,Delanggu,13:22,13:22,0,Peta Integrasi Angkutan Umum.pdf,8,,,2025-02-01,2026-09-12,unverified
rail-krl_palur_yogyakarta-705,krl_palur_yogyakarta,705,7,rail-ceper-ad02f5e6,Ceper,13:29,13:29,0,Peta Integrasi Angkutan Umum.pdf,8,,,2025-02-01,2026-09-12,unverified
rail-krl_palur_yogyakarta-705,krl_palur_yogyakarta,705,8,rail-klaten-e7b4990a,Klaten,13:38,13:38,0,Peta Integrasi Angkutan Umum.pdf,8,,,2025-02-01,2026-09-12,unverified
rail-krl_palur_yogyakarta-705,krl_palur_yogyakarta,705,9,rail-srowot-56a56498,Srowot,13:45,13:45,0,Peta Integrasi Angkutan Umum.pdf,8,,,2025-02-01,2026-09-12,unverified
rail-krl_palur_yogyakarta-705,krl_palur_yogyakarta,705,10,rail-brambanan-00e94f37,Brambanan,13:52,13:52,0,Peta Integrasi Angkutan Umum.pdf,8,,,2025-02-01,2026-09-12,unverified
rail-krl_palur_yogyakarta-705,krl_palur_yogyakarta,705,11,rail-maguwo-489e95b8,Maguwo,14:00,14:00,0,Peta Integrasi Angkutan Umum.pdf,8,,,2025-02-01,2026-09-12,unverified
rail-krl_palur_yogyakarta-705,krl_palur_yogyakarta,705,12,rail-lempuyangan-165ee6f0,Lempuyangan,14:08,14:08,0,Peta Integrasi Angkutan Umum.pdf,8,,,2025-02-01,2026-09-12,unverified
rail-krl_palur_yogyakarta-705,krl_palur_yogyakarta,705,13,rail-yogyakarta-ee79e4bf,Yogyakarta,14:12,14:12,0,Peta Integrasi Angkutan Umum.pdf,8,,,2025-02-01,2026-09-12,unverified
rail-krl_palur_yogyakarta-725,krl_palur_yogyakarta,725,1,rail-palur-afe08766,Palur,13:43,13:43,0,Peta Integrasi Angkutan Umum.pdf,8,,,2025-02-01,2026-09-12,unverified
rail-krl_palur_yogyakarta-725,krl_palur_yogyakarta,725,2,rail-solojebres-abe3e7be,Solojebres,13:39,13:39,0,Peta Integrasi Angkutan Umum.pdf,8,,,2025-02-01,2026-09-12,unverified
rail-krl_palur_yogyakarta-725,krl_palur_yogyakarta,725,3,rail-solobalapan-924cecca,Solobalapan,13:55,13:55,0,Peta Integrasi Angkutan Umum.pdf,8,,,2025-02-01,2026-09-12,unverified
rail-krl_palur_yogyakarta-725,krl_palur_yogyakarta,725,4,rail-purwosari-e43dd915,Purwosari,14:00,14:00,0,Peta Integrasi Angkutan Umum.pdf,8,,,2025-02-01,2026-09-12,unverified
rail-krl_palur_yogyakarta-725,krl_palur_yogyakarta,725,5,rail-gawok-67f76c7a,Gawok,14:07,14:07,0,Peta Integrasi Angkutan Umum.pdf,8,,,2025-02-01,2026-09-12,unverified
rail-krl_palur_yogyakarta-725,krl_palur_yogyakarta,725,6,rail-delanggu-cb9b7971,Delanggu,14:13,14:13,0,Peta Integrasi Angkutan Umum.pdf,8,,,2025-02-01,2026-09-12,unverified
rail-krl_palur_yogyakarta-725,krl_palur_yogyakarta,725,7,rail-ceper-ad02f5e6,Ceper,14:20,14:20,0,Peta Integrasi Angkutan Umum.pdf,8,,,2025-02-01,2026-09-12,unverified
rail-krl_palur_yogyakarta-725,krl_palur_yogyakarta,725,8,rail-klaten-e7b4990a,Klaten,14:29,14:29,0,Peta Integrasi Angkutan Umum.pdf,8,,,2025-02-01,2026-09-12,unverified
rail-krl_palur_yogyakarta-725,krl_palur_yogyakarta,725,9,rail-srowot-56a56498,Srowot,14:36,14:36,0,Peta Integrasi Angkutan Umum.pdf,8,,,2025-02-01,2026-09-12,unverified
rail-krl_palur_yogyakarta-725,krl_palur_yogyakarta,725,10,rail-brambanan-00e94f37,Brambanan,14:42,14:42,0,Peta Integrasi Angkutan Umum.pdf,8,,,2025-02-01,2026-09-12,unverified
rail-krl_palur_yogyakarta-725,krl_palur_yogyakarta,725,11,rail-maguwo-489e95b8,Maguwo,14:50,14:50,0,Peta Integrasi Angkutan Umum.pdf,8,,,2025-02-01,2026-09-12,unverified
rail-krl_palur_yogyakarta-725,krl_palur_yogyakarta,725,12,rail-lempuyangan-165ee6f0,Lempuyangan,15:01,15:01,0,Peta Integrasi Angkutan Umum.pdf,8,,,2025-02-01,2026-09-12,unverified
rail-krl_palur_yogyakarta-725,krl_palur_yogyakarta,725,13,rail-yogyakarta-ee79e4bf,Yogyakarta,15:06,15:06,0,Peta Integrasi Angkutan Umum.pdf,8,,,2025-02-01,2026-09-12,unverified
rail-krl_palur_yogyakarta-715,krl_palur_yogyakarta,715,1,rail-palur-afe08766,Palur,15:35,15:35,0,Peta Integrasi Angkutan Umum.pdf,8,,,2025-02-01,2026-09-12,unverified
rail-krl_palur_yogyakarta-715,krl_palur_yogyakarta,715,2,rail-solojebres-abe3e7be,Solojebres,15:41,15:41,0,Peta Integrasi Angkutan Umum.pdf,8,,,2025-02-01,2026-09-12,unverified
rail-krl_palur_yogyakarta-715,krl_palur_yogyakarta,715,3,rail-solobalapan-924cecca,Solobalapan,15:48,15:48,0,Peta Integrasi Angkutan Umum.pdf,8,,,2025-02-01,2026-09-12,unverified
rail-krl_palur_yogyakarta-715,krl_palur_yogyakarta,715,4,rail-purwosari-e43dd915,Purwosari,15:53,15:53,0,Peta Integrasi Angkutan Umum.pdf,8,,,2025-02-01,2026-09-12,unverified
rail-krl_palur_yogyakarta-715,krl_palur_yogyakarta,715,5,rail-gawok-67f76c7a,Gawok,16:01,16:01,0,Peta Integrasi Angkutan Umum.pdf,8,,,2025-02-01,2026-09-12,unverified
rail-krl_palur_yogyakarta-715,krl_palur_yogyakarta,715,6,rail-delanggu-cb9b7971,Delanggu,16:07,16:07,0,Peta Integrasi Angkutan Umum.pdf,8,,,2025-02-01,2026-09-12,unverified
rail-krl_palur_yogyakarta-715,krl_palur_yogyakarta,715,7,rail-ceper-ad02f5e6,Ceper,16:14,16:14,0,Peta Integrasi Angkutan Umum.pdf,8,,,2025-02-01,2026-09-12,unverified
rail-krl_palur_yogyakarta-715,krl_palur_yogyakarta,715,8,rail-klaten-e7b4990a,Klaten,16:32,16:32,0,Peta Integrasi Angkutan Umum.pdf,8,,,2025-02-01,2026-09-12,unverified
rail-krl_palur_yogyakarta-715,krl_palur_yogyakarta,715,9,rail-srowot-56a56498,Srowot,16:30,16:30,0,Peta Integrasi Angkutan Umum.pdf,8,,,2025-02-01,2026-09-12,unverified
rail-krl_palur_yogyakarta-715,krl_palur_yogyakarta,715,10,rail-brambanan-00e94f37,Brambanan,16:36,16:36,0,Peta Integrasi Angkutan Umum.pdf,8,,,2025-02-01,2026-09-12,unverified
rail-krl_palur_yogyakarta-715,krl_palur_yogyakarta,715,11,rail-maguwo-489e95b8,Maguwo,16:44,16:44,0,Peta Integrasi Angkutan Umum.pdf,8,,,2025-02-01,2026-09-12,unverified
rail-krl_palur_yogyakarta-715,krl_palur_yogyakarta,715,12,rail-lempuyangan-165ee6f0,Lempuyangan,16:52,16:52,0,Peta Integrasi Angkutan Umum.pdf,8,,,2025-02-01,2026-09-12,unverified
rail-krl_palur_yogyakarta-715,krl_palur_yogyakarta,715,13,rail-yogyakarta-ee79e4bf,Yogyakarta,16:56,16:56,0,Peta Integrasi Angkutan Umum.pdf,8,,,2025-02-01,2026-09-12,unverified
rail-krl_palur_yogyakarta-707,krl_palur_yogyakarta,707,1,rail-palur-afe08766,Palur,16:35,16:35,0,Peta Integrasi Angkutan Umum.pdf,8,,,2025-02-01,2026-09-12,unverified
rail-krl_palur_yogyakarta-707,krl_palur_yogyakarta,707,2,rail-solojebres-abe3e7be,Solojebres,16:41,16:41,0,Peta Integrasi Angkutan Umum.pdf,8,,,2025-02-01,2026-09-12,unverified
rail-krl_palur_yogyakarta-707,krl_palur_yogyakarta,707,3,rail-solobalapan-924cecca,Solobalapan,16:47,16:47,0,Peta Integrasi Angkutan Umum.pdf,8,,,2025-02-01,2026-09-12,unverified
rail-krl_palur_yogyakarta-707,krl_palur_yogyakarta,707,4,rail-purwosari-e43dd915,Purwosari,16:52,16:52,0,Peta Integrasi Angkutan Umum.pdf,8,,,2025-02-01,2026-09-12,unverified
rail-krl_palur_yogyakarta-707,krl_palur_yogyakarta,707,5,rail-gawok-67f76c7a,Gawok,16:59,16:59,0,Peta Integrasi Angkutan Umum.pdf,8,,,2025-02-01,2026-09-12,unverified
rail-krl_palur_yogyakarta-707,krl_palur_yogyakarta,707,6,rail-delanggu-cb9b7971,Delanggu,17:05,17:05,0,Peta Integrasi Angkutan Umum.pdf,8,,,2025-02-01,2026-09-12,unverified
rail-krl_palur_yogyakarta-707,krl_palur_yogyakarta,707,7,rail-ceper-ad02f5e6,Ceper,17:12,17:12,0,Peta Integrasi Angkutan Umum.pdf,8,,,2025-02-01,2026-09-12,unverified
rail-krl_palur_yogyakarta-707,krl_palur_yogyakarta,707,8,rail-klaten-e7b4990a,Klaten,17:21,17:21,0,Peta Integrasi Angkutan Umum.pdf,8,,,2025-02-01,2026-09-12,unverified
rail-krl_palur_yogyakarta-707,krl_palur_yogyakarta,707,9,rail-srowot-56a56498,Srowot,17:28,17:28,0,Peta Integrasi Angkutan Umum.pdf,8,,,2025-02-01,2026-09-12,unverified
rail-krl_palur_yogyakarta-707,krl_palur_yogyakarta,707,10,rail-brambanan-00e94f37,Brambanan,17:34,17:34,0,Peta Integrasi Angkutan Umum.pdf,8,,,2025-02-01,2026-09-12,unverified
rail-krl_palur_yogyakarta-707,krl_palur_yogyakarta,707,11,rail-maguwo-489e95b8,Maguwo,17:42,17:42,0,Peta Integrasi Angkutan Umum.pdf,8,,,2025-02-01,2026-09-12,unverified
rail-krl_palur_yogyakarta-707,krl_palur_yogyakarta,707,12,rail-lempuyangan-165ee6f0,Lempuyangan,17:49,17:49,0,Peta Integrasi Angkutan Umum.pdf,8,,,2025-02-01,2026-09-12,unverified
rail-krl_palur_yogyakarta-707,krl_palur_yogyakarta,707,13,rail-yogyakarta-ee79e4bf,Yogyakarta,17:55,17:55,0,Peta Integrasi Angkutan Umum.pdf,8,,,2025-02-01,2026-09-12,unverified
rail-krl_palur_yogyakarta-727,krl_palur_yogyakarta,727,1,rail-palur-afe08766,Palur,18:05,18:05,0,Peta Integrasi Angkutan Umum.pdf,8,,,2025-02-01,2026-09-12,unverified
rail-krl_palur_yogyakarta-727,krl_palur_yogyakarta,727,2,rail-solojebres-abe3e7be,Solojebres,18:11,18:11,0,Peta Integrasi Angkutan Umum.pdf,8,,,2025-02-01,2026-09-12,unverified
rail-krl_palur_yogyakarta-727,krl_palur_yogyakarta,727,3,rail-solobalapan-924cecca,Solobalapan,18:19,18:19,0,Peta Integrasi Angkutan Umum.pdf,8,,,2025-02-01,2026-09-12,unverified
rail-krl_palur_yogyakarta-727,krl_palur_yogyakarta,727,4,rail-purwosari-e43dd915,Purwosari,18:24,18:24,0,Peta Integrasi Angkutan Umum.pdf,8,,,2025-02-01,2026-09-12,unverified
rail-krl_palur_yogyakarta-727,krl_palur_yogyakarta,727,5,rail-gawok-67f76c7a,Gawok,18:31,18:31,0,Peta Integrasi Angkutan Umum.pdf,8,,,2025-02-01,2026-09-12,unverified
rail-krl_palur_yogyakarta-727,krl_palur_yogyakarta,727,6,rail-delanggu-cb9b7971,Delanggu,18:37,18:37,0,Peta Integrasi Angkutan Umum.pdf,8,,,2025-02-01,2026-09-12,unverified
rail-krl_palur_yogyakarta-727,krl_palur_yogyakarta,727,7,rail-ceper-ad02f5e6,Ceper,18:44,18:44,0,Peta Integrasi Angkutan Umum.pdf,8,,,2025-02-01,2026-09-12,unverified
rail-krl_palur_yogyakarta-727,krl_palur_yogyakarta,727,8,rail-klaten-e7b4990a,Klaten,18:53,18:53,0,Peta Integrasi Angkutan Umum.pdf,8,,,2025-02-01,2026-09-12,unverified
rail-krl_palur_yogyakarta-727,krl_palur_yogyakarta,727,9,rail-srowot-56a56498,Srowot,19:00,19:00,0,Peta Integrasi Angkutan Umum.pdf,8,,,2025-02-01,2026-09-12,unverified
rail-krl_palur_yogyakarta-727,krl_palur_yogyakarta,727,10,rail-brambanan-00e94f37,Brambanan,19:06,19:06,0,Peta Integrasi Angkutan Umum.pdf,8,,,2025-02-01,2026-09-12,unverified
rail-krl_palur_yogyakarta-727,krl_palur_yogyakarta,727,11,rail-maguwo-489e95b8,Maguwo,19:14,19:14,0,Peta Integrasi Angkutan Umum.pdf,8,,,2025-02-01,2026-09-12,unverified
rail-krl_palur_yogyakarta-727,krl_palur_yogyakarta,727,12,rail-lempuyangan-165ee6f0,Lempuyangan,19:21,19:21,0,Peta Integrasi Angkutan Umum.pdf,8,,,2025-02-01,2026-09-12,unverified
rail-krl_palur_yogyakarta-727,krl_palur_yogyakarta,727,13,rail-yogyakarta-ee79e4bf,Yogyakarta,19:25,19:25,0,Peta Integrasi Angkutan Umum.pdf,8,,,2025-02-01,2026-09-12,unverified
rail-krl_palur_yogyakarta-717,krl_palur_yogyakarta,717,1,rail-palur-afe08766,Palur,19:45,19:45,0,Peta Integrasi Angkutan Umum.pdf,8,,,2025-02-01,2026-09-12,unverified
rail-krl_palur_yogyakarta-717,krl_palur_yogyakarta,717,2,rail-solojebres-abe3e7be,Solojebres,19:51,19:51,0,Peta Integrasi Angkutan Umum.pdf,8,,,2025-02-01,2026-09-12,unverified
rail-krl_palur_yogyakarta-717,krl_palur_yogyakarta,717,3,rail-solobalapan-924cecca,Solobalapan,20:01,20:01,0,Peta Integrasi Angkutan Umum.pdf,8,,,2025-02-01,2026-09-12,unverified
rail-krl_palur_yogyakarta-717,krl_palur_yogyakarta,717,4,rail-purwosari-e43dd915,Purwosari,20:06,20:06,0,Peta Integrasi Angkutan Umum.pdf,8,,,2025-02-01,2026-09-12,unverified
rail-krl_palur_yogyakarta-717,krl_palur_yogyakarta,717,5,rail-gawok-67f76c7a,Gawok,20:14,20:14,0,Peta Integrasi Angkutan Umum.pdf,8,,,2025-02-01,2026-09-12,unverified
rail-krl_palur_yogyakarta-717,krl_palur_yogyakarta,717,6,rail-delanggu-cb9b7971,Delanggu,20:20,20:20,0,Peta Integrasi Angkutan Umum.pdf,8,,,2025-02-01,2026-09-12,unverified
rail-krl_palur_yogyakarta-717,krl_palur_yogyakarta,717,7,rail-ceper-ad02f5e6,Ceper,20:27,20:27,0,Peta Integrasi Angkutan Umum.pdf,8,,,2025-02-01,2026-09-12,unverified
rail-krl_palur_yogyakarta-717,krl_palur_yogyakarta,717,8,rail-klaten-e7b4990a,Klaten,20:36,20:36,0,Peta Integrasi Angkutan Umum.pdf,8,,,2025-02-01,2026-09-12,unverified
rail-krl_palur_yogyakarta-717,krl_palur_yogyakarta,717,9,rail-srowot-56a56498,Srowot,20:43,20:43,0,Peta Integrasi Angkutan Umum.pdf,8,,,2025-02-01,2026-09-12,unverified
rail-krl_palur_yogyakarta-717,krl_palur_yogyakarta,717,10,rail-brambanan-00e94f37,Brambanan,20:49,20:49,0,Peta Integrasi Angkutan Umum.pdf,8,,,2025-02-01,2026-09-12,unverified
rail-krl_palur_yogyakarta-717,krl_palur_yogyakarta,717,11,rail-maguwo-489e95b8,Maguwo,20:57,20:57,0,Peta Integrasi Angkutan Umum.pdf,8,,,2025-02-01,2026-09-12,unverified
rail-krl_palur_yogyakarta-717,krl_palur_yogyakarta,717,12,rail-lempuyangan-165ee6f0,Lempuyangan,21:05,21:05,0,Peta Integrasi Angkutan Umum.pdf,8,,,2025-02-01,2026-09-12,unverified
rail-krl_palur_yogyakarta-717,krl_palur_yogyakarta,717,13,rail-yogyakarta-ee79e4bf,Yogyakarta,21:09,21:09,0,Peta Integrasi Angkutan Umum.pdf,8,,,2025-02-01,2026-09-12,unverified
rail-krl_palur_yogyakarta-709,krl_palur_yogyakarta,709,1,rail-palur-afe08766,Palur,20:42,20:42,0,Peta Integrasi Angkutan Umum.pdf,8,,,2025-02-01,2026-09-12,unverified
rail-krl_palur_yogyakarta-709,krl_palur_yogyakarta,709,2,rail-solojebres-abe3e7be,Solojebres,20:48,20:48,0,Peta Integrasi Angkutan Umum.pdf,8,,,2025-02-01,2026-09-12,unverified
rail-krl_palur_yogyakarta-709,krl_palur_yogyakarta,709,3,rail-solobalapan-924cecca,Solobalapan,20:54,20:54,0,Peta Integrasi Angkutan Umum.pdf,8,,,2025-02-01,2026-09-12,unverified
rail-krl_palur_yogyakarta-709,krl_palur_yogyakarta,709,4,rail-purwosari-e43dd915,Purwosari,20:59,20:59,0,Peta Integrasi Angkutan Umum.pdf,8,,,2025-02-01,2026-09-12,unverified
rail-krl_palur_yogyakarta-709,krl_palur_yogyakarta,709,5,rail-gawok-67f76c7a,Gawok,21:06,21:06,0,Peta Integrasi Angkutan Umum.pdf,8,,,2025-02-01,2026-09-12,unverified
rail-krl_palur_yogyakarta-709,krl_palur_yogyakarta,709,6,rail-delanggu-cb9b7971,Delanggu,21:12,21:12,0,Peta Integrasi Angkutan Umum.pdf,8,,,2025-02-01,2026-09-12,unverified
rail-krl_palur_yogyakarta-709,krl_palur_yogyakarta,709,7,rail-ceper-ad02f5e6,Ceper,21:19,21:19,0,Peta Integrasi Angkutan Umum.pdf,8,,,2025-02-01,2026-09-12,unverified
rail-krl_palur_yogyakarta-709,krl_palur_yogyakarta,709,8,rail-klaten-e7b4990a,Klaten,21:28,21:28,0,Peta Integrasi Angkutan Umum.pdf,8,,,2025-02-01,2026-09-12,unverified
rail-krl_palur_yogyakarta-709,krl_palur_yogyakarta,709,9,rail-srowot-56a56498,Srowot,21:35,21:35,0,Peta Integrasi Angkutan Umum.pdf,8,,,2025-02-01,2026-09-12,unverified
rail-krl_palur_yogyakarta-709,krl_palur_yogyakarta,709,10,rail-brambanan-00e94f37,Brambanan,21:41,21:41,0,Peta Integrasi Angkutan Umum.pdf,8,,,2025-02-01,2026-09-12,unverified
rail-krl_palur_yogyakarta-709,krl_palur_yogyakarta,709,11,rail-maguwo-489e95b8,Maguwo,21:49,21:49,0,Peta Integrasi Angkutan Umum.pdf,8,,,2025-02-01,2026-09-12,unverified
rail-krl_palur_yogyakarta-709,krl_palur_yogyakarta,709,12,rail-lempuyangan-165ee6f0,Lempuyangan,21:57,21:57,0,Peta Integrasi Angkutan Umum.pdf,8,,,2025-02-01,2026-09-12,unverified
rail-krl_palur_yogyakarta-709,krl_palur_yogyakarta,709,13,rail-yogyakarta-ee79e4bf,Yogyakarta,22:01,22:01,0,Peta Integrasi Angkutan Umum.pdf,8,,,2025-02-01,2026-09-12,unverified
rail-yia_yogyakarta_airport-521,yia_yogyakarta_airport,521,1,airport_rail-yogyakarta-c31b2603,Yogyakarta,04:20,04:20,0,Peta Integrasi Angkutan Umum.pdf,8,,,2025-02-01,2026-09-12,unverified
rail-yia_yogyakarta_airport-521,yia_yogyakarta_airport,521,2,airport_rail-wates-2540640a,Wates,04:46,04:46,0,Peta Integrasi Angkutan Umum.pdf,8,,,2025-02-01,2026-09-12,unverified
rail-yia_yogyakarta_airport-521,yia_yogyakarta_airport,521,3,airport_rail-yia-7b5a2304,YIA,04:59,04:59,0,Peta Integrasi Angkutan Umum.pdf,8,,,2025-02-01,2026-09-12,unverified
rail-yia_yogyakarta_airport-561,yia_yogyakarta_airport,561,1,airport_rail-yogyakarta-c31b2603,Yogyakarta,05:10,05:10,0,Peta Integrasi Angkutan Umum.pdf,8,,,2025-02-01,2026-09-12,unverified
rail-yia_yogyakarta_airport-561,yia_yogyakarta_airport,561,2,airport_rail-wates-2540640a,Wates,05:36,05:36,0,Peta Integrasi Angkutan Umum.pdf,8,,,2025-02-01,2026-09-12,unverified
rail-yia_yogyakarta_airport-561,yia_yogyakarta_airport,561,3,airport_rail-yia-7b5a2304,YIA,05:49,05:49,0,Peta Integrasi Angkutan Umum.pdf,8,,,2025-02-01,2026-09-12,unverified
rail-yia_yogyakarta_airport-547f,yia_yogyakarta_airport,547F,1,airport_rail-yogyakarta-c31b2603,Yogyakarta,06:00,06:00,0,Peta Integrasi Angkutan Umum.pdf,8,,,2025-02-01,2026-09-12,unverified
rail-yia_yogyakarta_airport-547f,yia_yogyakarta_airport,547F,2,airport_rail-yia-7b5a2304,YIA,06:35,06:35,0,Peta Integrasi Angkutan Umum.pdf,8,,,2025-02-01,2026-09-12,unverified
rail-yia_yogyakarta_airport-523,yia_yogyakarta_airport,523,1,airport_rail-yogyakarta-c31b2603,Yogyakarta,06:30,06:30,0,Peta Integrasi Angkutan Umum.pdf,8,,,2025-02-01,2026-09-12,unverified
rail-yia_yogyakarta_airport-523,yia_yogyakarta_airport,523,2,airport_rail-wates-2540640a,Wates,06:56,06:56,0,Peta Integrasi Angkutan Umum.pdf,8,,,2025-02-01,2026-09-12,unverified
rail-yia_yogyakarta_airport-523,yia_yogyakarta_airport,523,3,airport_rail-yia-7b5a2304,YIA,07:09,07:09,0,Peta Integrasi Angkutan Umum.pdf,8,,,2025-02-01,2026-09-12,unverified
rail-yia_yogyakarta_airport-535,yia_yogyakarta_airport,535,1,airport_rail-yogyakarta-c31b2603,Yogyakarta,07:40,07:40,0,Peta Integrasi Angkutan Umum.pdf,8,,,2025-02-01,2026-09-12,unverified
rail-yia_yogyakarta_airport-535,yia_yogyakarta_airport,535,2,airport_rail-yia-7b5a2304,YIA,08:15,08:15,0,Peta Integrasi Angkutan Umum.pdf,8,,,2025-02-01,2026-09-12,unverified
rail-yia_yogyakarta_airport-549,yia_yogyakarta_airport,549,1,airport_rail-yogyakarta-c31b2603,Yogyakarta,07:57,07:57,0,Peta Integrasi Angkutan Umum.pdf,8,,,2025-02-01,2026-09-12,unverified
rail-yia_yogyakarta_airport-549,yia_yogyakarta_airport,549,2,airport_rail-yia-7b5a2304,YIA,08:32,08:32,0,Peta Integrasi Angkutan Umum.pdf,8,,,2025-02-01,2026-09-12,unverified
rail-yia_yogyakarta_airport-525,yia_yogyakarta_airport,525,1,airport_rail-yogyakarta-c31b2603,Yogyakarta,08:33,08:33,0,Peta Integrasi Angkutan Umum.pdf,8,,,2025-02-01,2026-09-12,unverified
rail-yia_yogyakarta_airport-525,yia_yogyakarta_airport,525,2,airport_rail-wates-2540640a,Wates,08:59,08:59,0,Peta Integrasi Angkutan Umum.pdf,8,,,2025-02-01,2026-09-12,unverified
rail-yia_yogyakarta_airport-525,yia_yogyakarta_airport,525,3,airport_rail-yia-7b5a2304,YIA,09:12,09:12,0,Peta Integrasi Angkutan Umum.pdf,8,,,2025-02-01,2026-09-12,unverified
rail-yia_yogyakarta_airport-563,yia_yogyakarta_airport,563,1,airport_rail-yogyakarta-c31b2603,Yogyakarta,08:55,08:55,0,Peta Integrasi Angkutan Umum.pdf,8,,,2025-02-01,2026-09-12,unverified
rail-yia_yogyakarta_airport-563,yia_yogyakarta_airport,563,2,airport_rail-wates-2540640a,Wates,09:21,09:21,0,Peta Integrasi Angkutan Umum.pdf,8,,,2025-02-01,2026-09-12,unverified
rail-yia_yogyakarta_airport-563,yia_yogyakarta_airport,563,3,airport_rail-yia-7b5a2304,YIA,09:34,09:34,0,Peta Integrasi Angkutan Umum.pdf,8,,,2025-02-01,2026-09-12,unverified
rail-yia_yogyakarta_airport-537,yia_yogyakarta_airport,537,1,airport_rail-yogyakarta-c31b2603,Yogyakarta,09:28,09:28,0,Peta Integrasi Angkutan Umum.pdf,8,,,2025-02-01,2026-09-12,unverified
rail-yia_yogyakarta_airport-537,yia_yogyakarta_airport,537,2,airport_rail-yia-7b5a2304,YIA,10:03,10:03,0,Peta Integrasi Angkutan Umum.pdf,8,,,2025-02-01,2026-09-12,unverified
rail-yia_yogyakarta_airport-551,yia_yogyakarta_airport,551,1,airport_rail-yogyakarta-c31b2603,Yogyakarta,09:51,09:51,0,Peta Integrasi Angkutan Umum.pdf,8,,,2025-02-01,2026-09-12,unverified
rail-yia_yogyakarta_airport-551,yia_yogyakarta_airport,551,2,airport_rail-yia-7b5a2304,YIA,10:26,10:26,0,Peta Integrasi Angkutan Umum.pdf,8,,,2025-02-01,2026-09-12,unverified
rail-yia_yogyakarta_airport-539,yia_yogyakarta_airport,539,1,airport_rail-yogyakarta-c31b2603,Yogyakarta,11:03,11:03,0,Peta Integrasi Angkutan Umum.pdf,8,,,2025-02-01,2026-09-12,unverified
rail-yia_yogyakarta_airport-539,yia_yogyakarta_airport,539,2,airport_rail-yia-7b5a2304,YIA,11:38,11:38,0,Peta Integrasi Angkutan Umum.pdf,8,,,2025-02-01,2026-09-12,unverified
rail-yia_yogyakarta_airport-527,yia_yogyakarta_airport,527,1,airport_rail-yogyakarta-c31b2603,Yogyakarta,12:00,12:00,0,Peta Integrasi Angkutan Umum.pdf,8,,,2025-02-01,2026-09-12,unverified
rail-yia_yogyakarta_airport-527,yia_yogyakarta_airport,527,2,airport_rail-wates-2540640a,Wates,12:26,12:26,0,Peta Integrasi Angkutan Umum.pdf,8,,,2025-02-01,2026-09-12,unverified
rail-yia_yogyakarta_airport-527,yia_yogyakarta_airport,527,3,airport_rail-yia-7b5a2304,YIA,12:39,12:39,0,Peta Integrasi Angkutan Umum.pdf,8,,,2025-02-01,2026-09-12,unverified
rail-yia_yogyakarta_airport-565,yia_yogyakarta_airport,565,1,airport_rail-yogyakarta-c31b2603,Yogyakarta,12:35,12:35,0,Peta Integrasi Angkutan Umum.pdf,8,,,2025-02-01,2026-09-12,unverified
rail-yia_yogyakarta_airport-565,yia_yogyakarta_airport,565,2,airport_rail-wates-2540640a,Wates,13:01,13:01,0,Peta Integrasi Angkutan Umum.pdf,8,,,2025-02-01,2026-09-12,unverified
rail-yia_yogyakarta_airport-565,yia_yogyakarta_airport,565,3,airport_rail-yia-7b5a2304,YIA,13:14,13:14,0,Peta Integrasi Angkutan Umum.pdf,8,,,2025-02-01,2026-09-12,unverified
rail-yia_yogyakarta_airport-553,yia_yogyakarta_airport,553,1,airport_rail-yogyakarta-c31b2603,Yogyakarta,13:28,13:28,0,Peta Integrasi Angkutan Umum.pdf,8,,,2025-02-01,2026-09-12,unverified
rail-yia_yogyakarta_airport-553,yia_yogyakarta_airport,553,2,airport_rail-yia-7b5a2304,YIA,14:03,14:03,0,Peta Integrasi Angkutan Umum.pdf,8,,,2025-02-01,2026-09-12,unverified
rail-yia_yogyakarta_airport-529,yia_yogyakarta_airport,529,1,airport_rail-yogyakarta-c31b2603,Yogyakarta,14:13,14:13,0,Peta Integrasi Angkutan Umum.pdf,8,,,2025-02-01,2026-09-12,unverified
rail-yia_yogyakarta_airport-529,yia_yogyakarta_airport,529,2,airport_rail-wates-2540640a,Wates,14:39,14:39,0,Peta Integrasi Angkutan Umum.pdf,8,,,2025-02-01,2026-09-12,unverified
rail-yia_yogyakarta_airport-529,yia_yogyakarta_airport,529,3,airport_rail-yia-7b5a2304,YIA,14:52,14:52,0,Peta Integrasi Angkutan Umum.pdf,8,,,2025-02-01,2026-09-12,unverified
rail-yia_yogyakarta_airport-541,yia_yogyakarta_airport,541,1,airport_rail-yogyakarta-c31b2603,Yogyakarta,15:02,15:02,0,Peta Integrasi Angkutan Umum.pdf,8,,,2025-02-01,2026-09-12,unverified
rail-yia_yogyakarta_airport-541,yia_yogyakarta_airport,541,2,airport_rail-yia-7b5a2304,YIA,15:37,15:37,0,Peta Integrasi Angkutan Umum.pdf,8,,,2025-02-01,2026-09-12,unverified
rail-yia_yogyakarta_airport-555,yia_yogyakarta_airport,555,1,airport_rail-yogyakarta-c31b2603,Yogyakarta,15:30,15:30,0,Peta Integrasi Angkutan Umum.pdf,8,,,2025-02-01,2026-09-12,unverified
rail-yia_yogyakarta_airport-555,yia_yogyakarta_airport,555,2,airport_rail-yia-7b5a2304,YIA,16:05,16:05,0,Peta Integrasi Angkutan Umum.pdf,8,,,2025-02-01,2026-09-12,unverified
rail-yia_yogyakarta_airport-567,yia_yogyakarta_airport,567,1,airport_rail-yogyakarta-c31b2603,Yogyakarta,15:49,15:49,0,Peta Integrasi Angkutan Umum.pdf,8,,,2025-02-01,2026-09-12,unverified
rail-yia_yogyakarta_airport-567,yia_yogyakarta_airport,567,2,airport_rail-wates-2540640a,Wates,16:15,16:15,0,Peta Integrasi Angkutan Umum.pdf,8,,,2025-02-01,2026-09-12,unverified
rail-yia_yogyakarta_airport-567,yia_yogyakarta_airport,567,3,airport_rail-yia-7b5a2304,YIA,16:28,16:28,0,Peta Integrasi Angkutan Umum.pdf,8,,,2025-02-01,2026-09-12,unverified
rail-yia_yogyakarta_airport-531,yia_yogyakarta_airport,531,1,airport_rail-yogyakarta-c31b2603,Yogyakarta,16:07,16:07,0,Peta Integrasi Angkutan Umum.pdf,8,,,2025-02-01,2026-09-12,unverified
rail-yia_yogyakarta_airport-531,yia_yogyakarta_airport,531,2,airport_rail-wates-2540640a,Wates,16:33,16:33,0,Peta Integrasi Angkutan Umum.pdf,8,,,2025-02-01,2026-09-12,unverified
rail-yia_yogyakarta_airport-531,yia_yogyakarta_airport,531,3,airport_rail-yia-7b5a2304,YIA,16:46,16:46,0,Peta Integrasi Angkutan Umum.pdf,8,,,2025-02-01,2026-09-12,unverified
rail-yia_yogyakarta_airport-543,yia_yogyakarta_airport,543,1,airport_rail-yogyakarta-c31b2603,Yogyakarta,16:48,16:48,0,Peta Integrasi Angkutan Umum.pdf,8,,,2025-02-01,2026-09-12,unverified
rail-yia_yogyakarta_airport-543,yia_yogyakarta_airport,543,2,airport_rail-yia-7b5a2304,YIA,17:23,17:23,0,Peta Integrasi Angkutan Umum.pdf,8,,,2025-02-01,2026-09-12,unverified
rail-yia_yogyakarta_airport-557,yia_yogyakarta_airport,557,1,airport_rail-yogyakarta-c31b2603,Yogyakarta,17:15,17:15,0,Peta Integrasi Angkutan Umum.pdf,8,,,2025-02-01,2026-09-12,unverified
rail-yia_yogyakarta_airport-557,yia_yogyakarta_airport,557,2,airport_rail-yia-7b5a2304,YIA,17:50,17:50,0,Peta Integrasi Angkutan Umum.pdf,8,,,2025-02-01,2026-09-12,unverified
rail-yia_yogyakarta_airport-569,yia_yogyakarta_airport,569,1,airport_rail-yogyakarta-c31b2603,Yogyakarta,18:25,18:25,0,Peta Integrasi Angkutan Umum.pdf,8,,,2025-02-01,2026-09-12,unverified
rail-yia_yogyakarta_airport-569,yia_yogyakarta_airport,569,2,airport_rail-wates-2540640a,Wates,18:51,18:51,0,Peta Integrasi Angkutan Umum.pdf,8,,,2025-02-01,2026-09-12,unverified
rail-yia_yogyakarta_airport-569,yia_yogyakarta_airport,569,3,airport_rail-yia-7b5a2304,YIA,19:04,19:04,0,Peta Integrasi Angkutan Umum.pdf,8,,,2025-02-01,2026-09-12,unverified
rail-yia_yogyakarta_airport-559,yia_yogyakarta_airport,559,1,airport_rail-yogyakarta-c31b2603,Yogyakarta,18:50,18:50,0,Peta Integrasi Angkutan Umum.pdf,8,,,2025-02-01,2026-09-12,unverified
rail-yia_yogyakarta_airport-559,yia_yogyakarta_airport,559,2,airport_rail-yia-7b5a2304,YIA,19:25,19:25,0,Peta Integrasi Angkutan Umum.pdf,8,,,2025-02-01,2026-09-12,unverified
rail-yia_yogyakarta_airport-533,yia_yogyakarta_airport,533,1,airport_rail-yogyakarta-c31b2603,Yogyakarta,19:16,19:16,0,Peta Integrasi Angkutan Umum.pdf,8,,,2025-02-01,2026-09-12,unverified
rail-yia_yogyakarta_airport-533,yia_yogyakarta_airport,533,2,airport_rail-wates-2540640a,Wates,19:42,19:42,0,Peta Integrasi Angkutan Umum.pdf,8,,,2025-02-01,2026-09-12,unverified
rail-yia_yogyakarta_airport-533,yia_yogyakarta_airport,533,3,airport_rail-yia-7b5a2304,YIA,19:55,19:55,0,Peta Integrasi Angkutan Umum.pdf,8,,,2025-02-01,2026-09-12,unverified
rail-yia_yogyakarta_airport-545,yia_yogyakarta_airport,545,1,airport_rail-yogyakarta-c31b2603,Yogyakarta,20:12,20:12,0,Peta Integrasi Angkutan Umum.pdf,8,,,2025-02-01,2026-09-12,unverified
rail-yia_yogyakarta_airport-545,yia_yogyakarta_airport,545,2,airport_rail-yia-7b5a2304,YIA,20:47,20:47,0,Peta Integrasi Angkutan Umum.pdf,8,,,2025-02-01,2026-09-12,unverified
rail-yia_airport_yogyakarta-522,yia_airport_yogyakarta,522,1,airport_rail-yia-7b5a2304,YIA,05:16,05:16,0,Peta Integrasi Angkutan Umum.pdf,8,,,2025-02-01,2026-09-12,unverified
rail-yia_airport_yogyakarta-522,yia_airport_yogyakarta,522,2,airport_rail-wates-2540640a,Wates,05:31,05:31,0,Peta Integrasi Angkutan Umum.pdf,8,,,2025-02-01,2026-09-12,unverified
rail-yia_airport_yogyakarta-522,yia_airport_yogyakarta,522,3,airport_rail-yogyakarta-c31b2603,Yogyakarta,05:55,05:55,0,Peta Integrasi Angkutan Umum.pdf,8,,,2025-02-01,2026-09-12,unverified
rail-yia_airport_yogyakarta-562,yia_airport_yogyakarta,562,1,airport_rail-yia-7b5a2304,YIA,06:20,06:20,0,Peta Integrasi Angkutan Umum.pdf,8,,,2025-02-01,2026-09-12,unverified
rail-yia_airport_yogyakarta-562,yia_airport_yogyakarta,562,2,airport_rail-wates-2540640a,Wates,06:35,06:35,0,Peta Integrasi Angkutan Umum.pdf,8,,,2025-02-01,2026-09-12,unverified
rail-yia_airport_yogyakarta-562,yia_airport_yogyakarta,562,3,airport_rail-yogyakarta-c31b2603,Yogyakarta,06:59,06:59,0,Peta Integrasi Angkutan Umum.pdf,8,,,2025-02-01,2026-09-12,unverified
rail-yia_airport_yogyakarta-548f,yia_airport_yogyakarta,548F,1,airport_rail-yia-7b5a2304,YIA,07:00,07:00,0,Peta Integrasi Angkutan Umum.pdf,8,,,2025-02-01,2026-09-12,unverified
rail-yia_airport_yogyakarta-548f,yia_airport_yogyakarta,548F,2,airport_rail-yogyakarta-c31b2603,Yogyakarta,07:35,07:35,0,Peta Integrasi Angkutan Umum.pdf,8,,,2025-02-01,2026-09-12,unverified
rail-yia_airport_yogyakarta-524,yia_airport_yogyakarta,524,1,airport_rail-yia-7b5a2304,YIA,07:46,07:46,0,Peta Integrasi Angkutan Umum.pdf,8,,,2025-02-01,2026-09-12,unverified
rail-yia_airport_yogyakarta-524,yia_airport_yogyakarta,524,2,airport_rail-wates-2540640a,Wates,08:01,08:01,0,Peta Integrasi Angkutan Umum.pdf,8,,,2025-02-01,2026-09-12,unverified
rail-yia_airport_yogyakarta-524,yia_airport_yogyakarta,524,3,airport_rail-yogyakarta-c31b2603,Yogyakarta,08:25,08:25,0,Peta Integrasi Angkutan Umum.pdf,8,,,2025-02-01,2026-09-12,unverified
rail-yia_airport_yogyakarta-536,yia_airport_yogyakarta,536,1,airport_rail-yia-7b5a2304,YIA,08:40,08:40,0,Peta Integrasi Angkutan Umum.pdf,8,,,2025-02-01,2026-09-12,unverified
rail-yia_airport_yogyakarta-536,yia_airport_yogyakarta,536,2,airport_rail-yogyakarta-c31b2603,Yogyakarta,09:15,09:15,0,Peta Integrasi Angkutan Umum.pdf,8,,,2025-02-01,2026-09-12,unverified
rail-yia_airport_yogyakarta-550,yia_airport_yogyakarta,550,1,airport_rail-yia-7b5a2304,YIA,09:05,09:05,0,Peta Integrasi Angkutan Umum.pdf,8,,,2025-02-01,2026-09-12,unverified
rail-yia_airport_yogyakarta-550,yia_airport_yogyakarta,550,2,airport_rail-yogyakarta-c31b2603,Yogyakarta,09:40,09:40,0,Peta Integrasi Angkutan Umum.pdf,8,,,2025-02-01,2026-09-12,unverified
rail-yia_airport_yogyakarta-526,yia_airport_yogyakarta,526,1,airport_rail-yia-7b5a2304,YIA,09:53,09:53,0,Peta Integrasi Angkutan Umum.pdf,8,,,2025-02-01,2026-09-12,unverified
rail-yia_airport_yogyakarta-526,yia_airport_yogyakarta,526,2,airport_rail-wates-2540640a,Wates,10:08,10:08,0,Peta Integrasi Angkutan Umum.pdf,8,,,2025-02-01,2026-09-12,unverified
rail-yia_airport_yogyakarta-526,yia_airport_yogyakarta,526,3,airport_rail-yogyakarta-c31b2603,Yogyakarta,10:32,10:32,0,Peta Integrasi Angkutan Umum.pdf,8,,,2025-02-01,2026-09-12,unverified
rail-yia_airport_yogyakarta-538,yia_airport_yogyakarta,538,1,airport_rail-yia-7b5a2304,YIA,10:20,10:20,0,Peta Integrasi Angkutan Umum.pdf,8,,,2025-02-01,2026-09-12,unverified
rail-yia_airport_yogyakarta-538,yia_airport_yogyakarta,538,2,airport_rail-yogyakarta-c31b2603,Yogyakarta,10:55,10:55,0,Peta Integrasi Angkutan Umum.pdf,8,,,2025-02-01,2026-09-12,unverified
rail-yia_airport_yogyakarta-552,yia_airport_yogyakarta,552,1,airport_rail-yia-7b5a2304,YIA,10:54,10:54,0,Peta Integrasi Angkutan Umum.pdf,8,,,2025-02-01,2026-09-12,unverified
rail-yia_airport_yogyakarta-552,yia_airport_yogyakarta,552,2,airport_rail-yogyakarta-c31b2603,Yogyakarta,11:39,11:39,0,Peta Integrasi Angkutan Umum.pdf,8,,,2025-02-01,2026-09-12,unverified
rail-yia_airport_yogyakarta-564,yia_airport_yogyakarta,564,1,airport_rail-yia-7b5a2304,YIA,11:35,11:35,0,Peta Integrasi Angkutan Umum.pdf,8,,,2025-02-01,2026-09-12,unverified
rail-yia_airport_yogyakarta-564,yia_airport_yogyakarta,564,2,airport_rail-wates-2540640a,Wates,11:50,11:50,0,Peta Integrasi Angkutan Umum.pdf,8,,,2025-02-01,2026-09-12,unverified
rail-yia_airport_yogyakarta-564,yia_airport_yogyakarta,564,3,airport_rail-yogyakarta-c31b2603,Yogyakarta,12:14,12:14,0,Peta Integrasi Angkutan Umum.pdf,8,,,2025-02-01,2026-09-12,unverified
rail-yia_airport_yogyakarta-540,yia_airport_yogyakarta,540,1,airport_rail-yia-7b5a2304,YIA,12:24,12:24,0,Peta Integrasi Angkutan Umum.pdf,8,,,2025-02-01,2026-09-12,unverified
rail-yia_airport_yogyakarta-540,yia_airport_yogyakarta,540,2,airport_rail-yogyakarta-c31b2603,Yogyakarta,12:59,12:59,0,Peta Integrasi Angkutan Umum.pdf,8,,,2025-02-01,2026-09-12,unverified
rail-yia_airport_yogyakarta-528,yia_airport_yogyakarta,528,1,airport_rail-yia-7b5a2304,YIA,13:25,13:25,0,Peta Integrasi Angkutan Umum.pdf,8,,,2025-02-01,2026-09-12,unverified
rail-yia_airport_yogyakarta-528,yia_airport_yogyakarta,528,2,airport_rail-wates-2540640a,Wates,13:40,13:40,0,Peta Integrasi Angkutan Umum.pdf,8,,,2025-02-01,2026-09-12,unverified
rail-yia_airport_yogyakarta-528,yia_airport_yogyakarta,528,3,airport_rail-yogyakarta-c31b2603,Yogyakarta,14:04,14:04,0,Peta Integrasi Angkutan Umum.pdf,8,,,2025-02-01,2026-09-12,unverified
rail-yia_airport_yogyakarta-554,yia_airport_yogyakarta,554,1,airport_rail-yia-7b5a2304,YIA,14:45,14:45,0,Peta Integrasi Angkutan Umum.pdf,8,,,2025-02-01,2026-09-12,unverified
rail-yia_airport_yogyakarta-554,yia_airport_yogyakarta,554,2,airport_rail-yogyakarta-c31b2603,Yogyakarta,15:20,15:20,0,Peta Integrasi Angkutan Umum.pdf,8,,,2025-02-01,2026-09-12,unverified
rail-yia_airport_yogyakarta-566,yia_airport_yogyakarta,566,1,airport_rail-yia-7b5a2304,YIA,14:56,14:56,0,Peta Integrasi Angkutan Umum.pdf,8,,,2025-02-01,2026-09-12,unverified
rail-yia_airport_yogyakarta-566,yia_airport_yogyakarta,566,2,airport_rail-wates-2540640a,Wates,15:11,15:11,0,Peta Integrasi Angkutan Umum.pdf,8,,,2025-02-01,2026-09-12,unverified
rail-yia_airport_yogyakarta-566,yia_airport_yogyakarta,566,3,airport_rail-yogyakarta-c31b2603,Yogyakarta,15:35,15:35,0,Peta Integrasi Angkutan Umum.pdf,8,,,2025-02-01,2026-09-12,unverified
rail-yia_airport_yogyakarta-530,yia_airport_yogyakarta,530,1,airport_rail-yia-7b5a2304,YIA,15:20,15:20,0,Peta Integrasi Angkutan Umum.pdf,8,,,2025-02-01,2026-09-12,unverified
rail-yia_airport_yogyakarta-530,yia_airport_yogyakarta,530,2,airport_rail-wates-2540640a,Wates,15:35,15:35,0,Peta Integrasi Angkutan Umum.pdf,8,,,2025-02-01,2026-09-12,unverified
rail-yia_airport_yogyakarta-530,yia_airport_yogyakarta,530,3,airport_rail-yogyakarta-c31b2603,Yogyakarta,15:59,15:59,0,Peta Integrasi Angkutan Umum.pdf,8,,,2025-02-01,2026-09-12,unverified
rail-yia_airport_yogyakarta-542,yia_airport_yogyakarta,542,1,airport_rail-yia-7b5a2304,YIA,15:45,15:45,0,Peta Integrasi Angkutan Umum.pdf,8,,,2025-02-01,2026-09-12,unverified
rail-yia_airport_yogyakarta-542,yia_airport_yogyakarta,542,2,airport_rail-yogyakarta-c31b2603,Yogyakarta,16:20,16:20,0,Peta Integrasi Angkutan Umum.pdf,8,,,2025-02-01,2026-09-12,unverified
rail-yia_airport_yogyakarta-556,yia_airport_yogyakarta,556,1,airport_rail-yia-7b5a2304,YIA,16:17,16:17,0,Peta Integrasi Angkutan Umum.pdf,8,,,2025-02-01,2026-09-12,unverified
rail-yia_airport_yogyakarta-556,yia_airport_yogyakarta,556,2,airport_rail-yogyakarta-c31b2603,Yogyakarta,16:52,16:52,0,Peta Integrasi Angkutan Umum.pdf,8,,,2025-02-01,2026-09-12,unverified
rail-yia_airport_yogyakarta-568,yia_airport_yogyakarta,568,1,airport_rail-yia-7b5a2304,YIA,17:00,17:00,0,Peta Integrasi Angkutan Umum.pdf,8,,,2025-02-01,2026-09-12,unverified
rail-yia_airport_yogyakarta-568,yia_airport_yogyakarta,568,2,airport_rail-wates-2540640a,Wates,17:15,17:15,0,Peta Integrasi Angkutan Umum.pdf,8,,,2025-02-01,2026-09-12,unverified
rail-yia_airport_yogyakarta-568,yia_airport_yogyakarta,568,3,airport_rail-yogyakarta-c31b2603,Yogyakarta,17:39,17:39,0,Peta Integrasi Angkutan Umum.pdf,8,,,2025-02-01,2026-09-12,unverified
rail-yia_airport_yogyakarta-532,yia_airport_yogyakarta,532,1,airport_rail-yia-7b5a2304,YIA,17:34,17:34,0,Peta Integrasi Angkutan Umum.pdf,8,,,2025-02-01,2026-09-12,unverified
rail-yia_airport_yogyakarta-532,yia_airport_yogyakarta,532,2,airport_rail-wates-2540640a,Wates,17:49,17:49,0,Peta Integrasi Angkutan Umum.pdf,8,,,2025-02-01,2026-09-12,unverified
rail-yia_airport_yogyakarta-532,yia_airport_yogyakarta,532,3,airport_rail-yogyakarta-c31b2603,Yogyakarta,18:13,18:13,0,Peta Integrasi Angkutan Umum.pdf,8,,,2025-02-01,2026-09-12,unverified
rail-yia_airport_yogyakarta-558,yia_airport_yogyakarta,558,1,airport_rail-yia-7b5a2304,YIA,18:00,18:00,0,Peta Integrasi Angkutan Umum.pdf,8,,,2025-02-01,2026-09-12,unverified
rail-yia_airport_yogyakarta-558,yia_airport_yogyakarta,558,2,airport_rail-yogyakarta-c31b2603,Yogyakarta,18:35,18:35,0,Peta Integrasi Angkutan Umum.pdf,8,,,2025-02-01,2026-09-12,unverified
rail-yia_airport_yogyakarta-544,yia_airport_yogyakarta,544,1,airport_rail-yia-7b5a2304,YIA,18:54,18:54,0,Peta Integrasi Angkutan Umum.pdf,8,,,2025-02-01,2026-09-12,unverified
rail-yia_airport_yogyakarta-544,yia_airport_yogyakarta,544,2,airport_rail-yogyakarta-c31b2603,Yogyakarta,19:29,19:29,0,Peta Integrasi Angkutan Umum.pdf,8,,,2025-02-01,2026-09-12,unverified
rail-yia_airport_yogyakarta-570,yia_airport_yogyakarta,570,1,airport_rail-yia-7b5a2304,YIA,19:46,19:46,0,Peta Integrasi Angkutan Umum.pdf,8,,,2025-02-01,2026-09-12,unverified
rail-yia_airport_yogyakarta-570,yia_airport_yogyakarta,570,2,airport_rail-wates-2540640a,Wates,20:01,20:01,0,Peta Integrasi Angkutan Umum.pdf,8,,,2025-02-01,2026-09-12,unverified
rail-yia_airport_yogyakarta-570,yia_airport_yogyakarta,570,3,airport_rail-yogyakarta-c31b2603,Yogyakarta,20:25,20:25,0,Peta Integrasi Angkutan Umum.pdf,8,,,2025-02-01,2026-09-12,unverified
rail-yia_airport_yogyakarta-560,yia_airport_yogyakarta,560,1,airport_rail-yia-7b5a2304,YIA,20:15,20:15,0,Peta Integrasi Angkutan Umum.pdf,8,,,2025-02-01,2026-09-12,unverified
rail-yia_airport_yogyakarta-560,yia_airport_yogyakarta,560,2,airport_rail-yogyakarta-c31b2603,Yogyakarta,20:50,20:50,0,Peta Integrasi Angkutan Umum.pdf,8,,,2025-02-01,2026-09-12,unverified
rail-yia_airport_yogyakarta-534,yia_airport_yogyakarta,534,1,airport_rail-yia-7b5a2304,YIA,20:55,20:55,0,Peta Integrasi Angkutan Umum.pdf,8,,,2025-02-01,2026-09-12,unverified
rail-yia_airport_yogyakarta-534,yia_airport_yogyakarta,534,2,airport_rail-wates-2540640a,Wates,21:10,21:10,0,Peta Integrasi Angkutan Umum.pdf,8,,,2025-02-01,2026-09-12,unverified
rail-yia_airport_yogyakarta-534,yia_airport_yogyakarta,534,3,airport_rail-yogyakarta-c31b2603,Yogyakarta,21:34,21:34,0,Peta Integrasi Angkutan Umum.pdf,8,,,2025-02-01,2026-09-12,unverified
rail-yia_airport_yogyakarta-546,yia_airport_yogyakarta,546,1,airport_rail-yia-7b5a2304,YIA,21:30,21:30,0,Peta Integrasi Angkutan Umum.pdf,8,,,2025-02-01,2026-09-12,unverified
rail-yia_airport_yogyakarta-546,yia_airport_yogyakarta,546,2,airport_rail-yogyakarta-c31b2603,Yogyakarta,22:05,22:05,0,Peta Integrasi Angkutan Umum.pdf,8,,,2025-02-01,2026-09-12,unverified
rail-prameks_yogyakarta_kutoarjo-501,prameks_yogyakarta_kutoarjo,501,1,rail-yogyakarta-ee79e4bf,Yogyakarta,06:40,06:40,0,Peta Integrasi Angkutan Umum.pdf,8,,,2025-02-01,2026-09-12,unverified
rail-prameks_yogyakarta_kutoarjo-501,prameks_yogyakarta_kutoarjo,501,2,rail-wates-ce53a26a,Wates,07:07,07:07,0,Peta Integrasi Angkutan Umum.pdf,8,,,2025-02-01,2026-09-12,unverified
rail-prameks_yogyakarta_kutoarjo-501,prameks_yogyakarta_kutoarjo,501,3,rail-wojo-082cf34c,Wojo,07:20,07:20,0,Peta Integrasi Angkutan Umum.pdf,8,,,2025-02-01,2026-09-12,unverified
rail-prameks_yogyakarta_kutoarjo-501,prameks_yogyakarta_kutoarjo,501,4,rail-jenar-b5839ec3,Jenar,07:29,07:29,0,Peta Integrasi Angkutan Umum.pdf,8,,,2025-02-01,2026-09-12,unverified
rail-prameks_yogyakarta_kutoarjo-501,prameks_yogyakarta_kutoarjo,501,5,rail-kutoarjo-2e81b286,Kutoarjo,07:42,07:42,0,Peta Integrasi Angkutan Umum.pdf,8,,,2025-02-01,2026-09-12,unverified
rail-prameks_yogyakarta_kutoarjo-503,prameks_yogyakarta_kutoarjo,503,1,rail-yogyakarta-ee79e4bf,Yogyakarta,11:50,11:50,0,Peta Integrasi Angkutan Umum.pdf,8,,,2025-02-01,2026-09-12,unverified
rail-prameks_yogyakarta_kutoarjo-503,prameks_yogyakarta_kutoarjo,503,2,rail-wates-ce53a26a,Wates,12:15,12:15,0,Peta Integrasi Angkutan Umum.pdf,8,,,2025-02-01,2026-09-12,unverified
rail-prameks_yogyakarta_kutoarjo-503,prameks_yogyakarta_kutoarjo,503,3,rail-wojo-082cf34c,Wojo,12:28,12:28,0,Peta Integrasi Angkutan Umum.pdf,8,,,2025-02-01,2026-09-12,unverified
rail-prameks_yogyakarta_kutoarjo-503,prameks_yogyakarta_kutoarjo,503,4,rail-jenar-b5839ec3,Jenar,12:37,12:37,0,Peta Integrasi Angkutan Umum.pdf,8,,,2025-02-01,2026-09-12,unverified
rail-prameks_yogyakarta_kutoarjo-503,prameks_yogyakarta_kutoarjo,503,5,rail-kutoarjo-2e81b286,Kutoarjo,12:49,12:49,0,Peta Integrasi Angkutan Umum.pdf,8,,,2025-02-01,2026-09-12,unverified
rail-prameks_yogyakarta_kutoarjo-505,prameks_yogyakarta_kutoarjo,505,1,rail-yogyakarta-ee79e4bf,Yogyakarta,15:15,15:15,0,Peta Integrasi Angkutan Umum.pdf,8,,,2025-02-01,2026-09-12,unverified
rail-prameks_yogyakarta_kutoarjo-505,prameks_yogyakarta_kutoarjo,505,2,rail-wates-ce53a26a,Wates,15:42,15:42,0,Peta Integrasi Angkutan Umum.pdf,8,,,2025-02-01,2026-09-12,unverified
rail-prameks_yogyakarta_kutoarjo-505,prameks_yogyakarta_kutoarjo,505,3,rail-wojo-082cf34c,Wojo,15:55,15:55,0,Peta Integrasi Angkutan Umum.pdf,8,,,2025-02-01,2026-09-12,unverified
rail-prameks_yogyakarta_kutoarjo-505,prameks_yogyakarta_kutoarjo,505,4,rail-jenar-b5839ec3,Jenar,16:04,16:04,0,Peta Integrasi Angkutan Umum.pdf,8,,,2025-02-01,2026-09-12,unverified
rail-prameks_yogyakarta_kutoarjo-505,prameks_yogyakarta_kutoarjo,505,5,rail-kutoarjo-2e81b286,Kutoarjo,16:16,16:16,0,Peta Integrasi Angkutan Umum.pdf,8,,,2025-02-01,2026-09-12,unverified
rail-prameks_yogyakarta_kutoarjo-509,prameks_yogyakarta_kutoarjo,509,1,rail-yogyakarta-ee79e4bf,Yogyakarta,16:20,16:20,0,Peta Integrasi Angkutan Umum.pdf,8,,,2025-02-01,2026-09-12,unverified
rail-prameks_yogyakarta_kutoarjo-509,prameks_yogyakarta_kutoarjo,509,2,rail-wates-ce53a26a,Wates,16:45,16:45,0,Peta Integrasi Angkutan Umum.pdf,8,,,2025-02-01,2026-09-12,unverified
rail-prameks_yogyakarta_kutoarjo-509,prameks_yogyakarta_kutoarjo,509,3,rail-wojo-082cf34c,Wojo,16:58,16:58,0,Peta Integrasi Angkutan Umum.pdf,8,,,2025-02-01,2026-09-12,unverified
rail-prameks_yogyakarta_kutoarjo-509,prameks_yogyakarta_kutoarjo,509,4,rail-jenar-b5839ec3,Jenar,17:07,17:07,0,Peta Integrasi Angkutan Umum.pdf,8,,,2025-02-01,2026-09-12,unverified
rail-prameks_yogyakarta_kutoarjo-509,prameks_yogyakarta_kutoarjo,509,5,rail-kutoarjo-2e81b286,Kutoarjo,17:20,17:20,0,Peta Integrasi Angkutan Umum.pdf,8,,,2025-02-01,2026-09-12,unverified
rail-prameks_yogyakarta_kutoarjo-507,prameks_yogyakarta_kutoarjo,507,1,rail-yogyakarta-ee79e4bf,Yogyakarta,18:05,18:05,0,Peta Integrasi Angkutan Umum.pdf,8,,,2025-02-01,2026-09-12,unverified
rail-prameks_yogyakarta_kutoarjo-507,prameks_yogyakarta_kutoarjo,507,2,rail-wates-ce53a26a,Wates,18:29,18:29,0,Peta Integrasi Angkutan Umum.pdf,8,,,2025-02-01,2026-09-12,unverified
rail-prameks_yogyakarta_kutoarjo-507,prameks_yogyakarta_kutoarjo,507,3,rail-wojo-082cf34c,Wojo,18:42,18:42,0,Peta Integrasi Angkutan Umum.pdf,8,,,2025-02-01,2026-09-12,unverified
rail-prameks_yogyakarta_kutoarjo-507,prameks_yogyakarta_kutoarjo,507,4,rail-jenar-b5839ec3,Jenar,18:51,18:51,0,Peta Integrasi Angkutan Umum.pdf,8,,,2025-02-01,2026-09-12,unverified
rail-prameks_yogyakarta_kutoarjo-507,prameks_yogyakarta_kutoarjo,507,5,rail-kutoarjo-2e81b286,Kutoarjo,19:03,19:03,0,Peta Integrasi Angkutan Umum.pdf,8,,,2025-02-01,2026-09-12,unverified
rail-prameks_kutoarjo_yogyakarta-508,prameks_kutoarjo_yogyakarta,508,1,rail-kutoarjo-2e81b286,Kutoarjo,05:10,05:10,0,Peta Integrasi Angkutan Umum.pdf,8,,,2025-02-01,2026-09-12,unverified
rail-prameks_kutoarjo_yogyakarta-508,prameks_kutoarjo_yogyakarta,508,2,rail-jenar-b5839ec3,Jenar,05:23,05:23,0,Peta Integrasi Angkutan Umum.pdf,8,,,2025-02-01,2026-09-12,unverified
rail-prameks_kutoarjo_yogyakarta-508,prameks_kutoarjo_yogyakarta,508,3,rail-wojo-082cf34c,Wojo,05:32,05:32,0,Peta Integrasi Angkutan Umum.pdf,8,,,2025-02-01,2026-09-12,unverified
rail-prameks_kutoarjo_yogyakarta-508,prameks_kutoarjo_yogyakarta,508,4,rail-wates-ce53a26a,Wates,05:45,05:45,0,Peta Integrasi Angkutan Umum.pdf,8,,,2025-02-01,2026-09-12,unverified
rail-prameks_kutoarjo_yogyakarta-508,prameks_kutoarjo_yogyakarta,508,5,rail-yogyakarta-ee79e4bf,Yogyakarta,06:10,06:10,0,Peta Integrasi Angkutan Umum.pdf,8,,,2025-02-01,2026-09-12,unverified
rail-prameks_kutoarjo_yogyakarta-502,prameks_kutoarjo_yogyakarta,502,1,rail-kutoarjo-2e81b286,Kutoarjo,09:05,09:05,0,Peta Integrasi Angkutan Umum.pdf,8,,,2025-02-01,2026-09-12,unverified
rail-prameks_kutoarjo_yogyakarta-502,prameks_kutoarjo_yogyakarta,502,2,rail-jenar-b5839ec3,Jenar,09:19,09:19,0,Peta Integrasi Angkutan Umum.pdf,8,,,2025-02-01,2026-09-12,unverified
rail-prameks_kutoarjo_yogyakarta-502,prameks_kutoarjo_yogyakarta,502,3,rail-wojo-082cf34c,Wojo,09:28,09:28,0,Peta Integrasi Angkutan Umum.pdf,8,,,2025-02-01,2026-09-12,unverified
rail-prameks_kutoarjo_yogyakarta-502,prameks_kutoarjo_yogyakarta,502,4,rail-wates-ce53a26a,Wates,09:41,09:41,0,Peta Integrasi Angkutan Umum.pdf,8,,,2025-02-01,2026-09-12,unverified
rail-prameks_kutoarjo_yogyakarta-502,prameks_kutoarjo_yogyakarta,502,5,rail-yogyakarta-ee79e4bf,Yogyakarta,10:05,10:05,0,Peta Integrasi Angkutan Umum.pdf,8,,,2025-02-01,2026-09-12,unverified
rail-prameks_kutoarjo_yogyakarta-504,prameks_kutoarjo_yogyakarta,504,1,rail-kutoarjo-2e81b286,Kutoarjo,13:19,13:19,0,Peta Integrasi Angkutan Umum.pdf,8,,,2025-02-01,2026-09-12,unverified
rail-prameks_kutoarjo_yogyakarta-504,prameks_kutoarjo_yogyakarta,504,2,rail-jenar-b5839ec3,Jenar,13:32,13:32,0,Peta Integrasi Angkutan Umum.pdf,8,,,2025-02-01,2026-09-12,unverified
rail-prameks_kutoarjo_yogyakarta-504,prameks_kutoarjo_yogyakarta,504,3,rail-wojo-082cf34c,Wojo,13:41,13:41,0,Peta Integrasi Angkutan Umum.pdf,8,,,2025-02-01,2026-09-12,unverified
rail-prameks_kutoarjo_yogyakarta-504,prameks_kutoarjo_yogyakarta,504,4,rail-wates-ce53a26a,Wates,13:54,13:54,0,Peta Integrasi Angkutan Umum.pdf,8,,,2025-02-01,2026-09-12,unverified
rail-prameks_kutoarjo_yogyakarta-504,prameks_kutoarjo_yogyakarta,504,5,rail-yogyakarta-ee79e4bf,Yogyakarta,14:19,14:19,0,Peta Integrasi Angkutan Umum.pdf,8,,,2025-02-01,2026-09-12,unverified
rail-prameks_kutoarjo_yogyakarta-506,prameks_kutoarjo_yogyakarta,506,1,rail-kutoarjo-2e81b286,Kutoarjo,16:50,16:50,0,Peta Integrasi Angkutan Umum.pdf,8,,,2025-02-01,2026-09-12,unverified
rail-prameks_kutoarjo_yogyakarta-506,prameks_kutoarjo_yogyakarta,506,2,rail-jenar-b5839ec3,Jenar,17:03,17:03,0,Peta Integrasi Angkutan Umum.pdf,8,,,2025-02-01,2026-09-12,unverified
rail-prameks_kutoarjo_yogyakarta-506,prameks_kutoarjo_yogyakarta,506,3,rail-wojo-082cf34c,Wojo,17:13,17:13,0,Peta Integrasi Angkutan Umum.pdf,8,,,2025-02-01,2026-09-12,unverified
rail-prameks_kutoarjo_yogyakarta-506,prameks_kutoarjo_yogyakarta,506,4,rail-wates-ce53a26a,Wates,17:28,17:28,0,Peta Integrasi Angkutan Umum.pdf,8,,,2025-02-01,2026-09-12,unverified
rail-prameks_kutoarjo_yogyakarta-506,prameks_kutoarjo_yogyakarta,506,5,rail-yogyakarta-ee79e4bf,Yogyakarta,17:52,17:52,0,Peta Integrasi Angkutan Umum.pdf,8,,,2025-02-01,2026-09-12,unverified
rail-prameks_kutoarjo_yogyakarta-510,prameks_kutoarjo_yogyakarta,510,1,rail-kutoarjo-2e81b286,Kutoarjo,18:45,18:45,0,Peta Integrasi Angkutan Umum.pdf,8,,,2025-02-01,2026-09-12,unverified
rail-prameks_kutoarjo_yogyakarta-510,prameks_kutoarjo_yogyakarta,510,2,rail-jenar-b5839ec3,Jenar,18:58,18:58,0,Peta Integrasi Angkutan Umum.pdf,8,,,2025-02-01,2026-09-12,unverified
rail-prameks_kutoarjo_yogyakarta-510,prameks_kutoarjo_yogyakarta,510,3,rail-wojo-082cf34c,Wojo,19:07,19:07,0,Peta Integrasi Angkutan Umum.pdf,8,,,2025-02-01,2026-09-12,unverified
rail-prameks_kutoarjo_yogyakarta-510,prameks_kutoarjo_yogyakarta,510,4,rail-wates-ce53a26a,Wates,19:20,19:20,0,Peta Integrasi Angkutan Umum.pdf,8,,,2025-02-01,2026-09-12,unverified
rail-prameks_kutoarjo_yogyakarta-510,prameks_kutoarjo_yogyakarta,510,5,rail-yogyakarta-ee79e4bf,Yogyakarta,19:45,19:45,0,Peta Integrasi Angkutan Umum.pdf,8,,,2025-02-01,2026-09-12,unverified
