stop_id,stop_name,mode,candidate_activity_id,candidate_name,candidate_direction_code,longitude,latitude,observed_at,match_reason,score,rank,evidence_count
bus-a-m-sangaji-e-43a1c92b,Halte A.M. Sangaji (Timur),bus,6a843c203dbe4dacc783ecde,Halte Trans Jogja - AM Sangaji A,,110.3680010204705,-7.775783749473433,2026-08-18T11:04:00.279Z,fuzzy,0.721739,1,1
bus-a-m-sangaji-e-43a1c92b,Halte A.M. Sangaji (Timur),bus,6a843def3dbe4dacc783f090,Halte Trans Jogja - AM Sangaji B,,110.36768191565244,-7.777362702499275,2026-08-18T11:11:43.471Z,fuzzy,0.601739,2,1
bus-am-sangaji-w-aa483780,AM Sangaji (Barat),bus,6a843c203dbe4dacc783ecde,Halte Trans Jogja - AM Sangaji A,,110.3680010204705,-7.775783749473433,2026-08-18T11:04:00.279Z,fuzzy,0.812121,1,1
bus-am-sangaji-w-aa483780,AM Sangaji (Barat),bus,6a843def3dbe4dacc783f090,Halte Trans Jogja - AM Sangaji B,,110.36768191565244,-7.777362702499275,2026-08-18T11:11:43.471Z,fuzzy,0.812121,2,1
bus-ambarukmo-ca38052e,Halte Ambarukmo,bus,6a82c8b59870dcf66e45b513,Halte Trans Jogja - Ambarukmo A,,110.40175269005846,-7.783276422768978,2026-08-17T08:39:17.218Z,fuzzy,0.740000,1,1
bus-ambarukmo-ca38052e,Halte Ambarukmo,bus,6a82c70238bb192425f4df9b,Halte Trans Jogja - Ambarukmo B,,110.40249944504023,-7.7831123243409195,2026-08-17T08:32:02.320Z,fuzzy,0.740000,2,1
bus-among-rogo-kota-4654767a,TPB Among Rogo Kota,bus,6a93933052d86e03b51e3201,Halte Among Rogo A,,110.38480921147521,-7.798480522216252,2026-08-30T02:19:28.305Z,fuzzy,0.733333,1,1
bus-among-rogo-kota-4654767a,TPB Among Rogo Kota,bus,6a9392d352d86e03b51e30da,Halte Among Rogo B,,110.38488776011417,-7.798469504272177,2026-08-30T02:17:55.669Z,fuzzy,0.688889,2,1
bus-apmd-e-d0d231a5,APMD (Timur),bus,6a92d19952d86e03b51dd0d3,Halte APMD A,,110.39334560001697,-7.791127300004874,2026-08-29T12:33:29.848Z,fuzzy,0.680000,1,1
bus-apmd-e-d0d231a5,APMD (Timur),bus,6a92d25052d86e03b51dd248,Halte APMD B,,110.39322270000002,-7.7916055,2026-08-29T12:36:32.216Z,fuzzy,0.680000,2,1
bus-apmd-w-2b5c8bb1,APMD (Barat),bus,6a92d19952d86e03b51dd0d3,Halte APMD A,,110.39334560001697,-7.791127300004874,2026-08-29T12:33:29.848Z,fuzzy,0.680000,1,1
bus-apmd-w-2b5c8bb1,APMD (Barat),bus,6a92d25052d86e03b51dd248,Halte APMD B,,110.39322270000002,-7.7916055,2026-08-29T12:36:32.216Z,fuzzy,0.680000,2,1
bus-bandara-adisucipto-545ec9b5,Halte TJ Bandara Adisucipto,bus,6a8961f652d86e03b5187355,Halte Trans Jogja - Bandara Adi Sucipto,,110.43609695062298,-7.784580417870302,2026-08-22T08:46:46.573Z,fuzzy,0.683784,1,1
bus-bandara-adisutjipto-236fa189,Bandara Adisutjipto,bus,6a8961f652d86e03b5187355,Halte Trans Jogja - Bandara Adi Sucipto,,110.43609695062298,-7.784580417870302,2026-08-22T08:46:46.573Z,fuzzy,0.636842,1,1
bus-biologi-ugm-s-9cd9d036,Biologi UGM (S),bus,6a8cf35c52d86e03b51a595f,Halte Biologi UGM,,110.3767941399006,-7.765264836068539,2026-08-25T01:43:56.563Z,fuzzy,1.000000,1,2
bus-bkd-c482af74,BKD,bus,6a8822233be6880665734fc9,Halte BKD A,,110.35596291688137,-7.782405022552254,2026-08-21T10:02:11.327Z,fuzzy,0.650000,1,1
bus-bkd-c482af74,BKD,bus,6a8822953be68806657351aa,Halte BKD B,,110.35588600445328,-7.782497551793682,2026-08-21T10:04:05.740Z,fuzzy,0.650000,2,1
bus-bkd-s-fe8220fe,BKD (Selatan),bus,6a8822233be6880665734fc9,Halte BKD A,,110.35596291688137,-7.782405022552254,2026-08-21T10:02:11.327Z,fuzzy,0.650000,1,1
bus-bkd-s-fe8220fe,BKD (Selatan),bus,6a8822953be68806657351aa,Halte BKD B,,110.35588600445328,-7.782497551793682,2026-08-21T10:04:05.740Z,fuzzy,0.650000,2,1
bus-bpd-gamping-s-4c58803f,BPD Gamping (Selatan),bus,6a8aa8c20d6732db988c2ee6,Halte BPD Gamping,,110.31877570245945,-7.801671229224345,2026-08-23T08:01:06.844Z,fuzzy,1.000000,1,1
bus-bpd-gamping-s-4c58803f,BPD Gamping (Selatan),bus,6a8aa9d50d6732db988c3145,Halte PKU Gamping,,110.31675772304908,-7.8019053630189745,2026-08-23T08:05:41.379Z,fuzzy,0.624242,2,1
bus-bri-cabang-bantul-ca5f6e41,Halte BRI Cabang Bantul,bus,6a82a5f44fd70be4125ce85c,Halte BRI Bantul,,110.33223962062823,-7.882134560860607,2026-08-17T06:11:00.793Z,fuzzy,0.711111,1,1
bus-cik-di-tiro-1-c10dd170,Halte Cik Di Tiro 1,bus,6a8d00b0eca288692ef3728a,Halte Cik Di Tiro,,110.37512734006174,-7.782377312450095,2026-08-25T02:40:48.132Z,fuzzy,0.850000,1,2
bus-cik-di-tiro-1-c10dd170,Halte Cik Di Tiro 1,bus,6a8d77b552d86e03b51acbf3,HALTE TJ CIK DI TIRO 2,,110.37518200888871,-7.78119792960976,2026-08-25T11:08:37.384Z,fuzzy,0.793846,2,1
bus-colombo-kosudgama-d0852f9e,Halte TJ Colombo (Kosudgama),bus,6a8d081852d86e03b51a643e,Halte Kosudgama,,110.37864509142526,-7.776162838724844,2026-08-25T03:12:24.423Z,fuzzy,0.615385,1,1
bus-demangan-d2a020bd,TPB Demangan,bus,6a8e9c3b52d86e03b51b5e70,Halte Pasar Demangan,,110.38846776345031,-7.779400709828366,2026-08-26T07:56:43.934Z,fuzzy,0.636364,1,1
bus-dishub-diy-f1346f4c,Dishub DIY,bus,6a82d0a44fd70be4125d1b6f,Halte TPB Trans Jogja - Dishub DIY A,,110.41509487682555,-7.778070566219171,2026-08-17T09:13:08.693Z,fuzzy,0.812121,1,1
bus-druwo-12f06437,Portabel Druwo,bus,6a8d3c3052d86e03b51a9270,Halte Druwo A,,110.36646357747759,-7.833864879801714,2026-08-25T06:54:40.657Z,fuzzy,0.700000,1,1
bus-druwo-12f06437,Portabel Druwo,bus,6a8d3c84eca288692ef3a5ff,Halte Druwo B,,110.36666430409952,-7.833556389829525,2026-08-25T06:56:04.556Z,fuzzy,0.700000,2,1
bus-dukuh-e-9d567c71,Dukuh (Timur),bus,6a8569d6bbd0aa678bab8408,Halte Dukuh A,,110.35521879380076,-7.821689730573439,2026-08-19T08:31:18.388Z,fuzzy,0.700000,1,1
bus-dukuh-e-9d567c71,Dukuh (Timur),bus,6a8564d8bbd0aa678bab7c92,Halte Dukuh B,,110.35541361670408,-7.820929333911266,2026-08-19T08:10:00.568Z,fuzzy,0.700000,2,1
bus-dukuh-w-69bdab86,Dukuh (Barat),bus,6a8569d6bbd0aa678bab8408,Halte Dukuh A,,110.35521879380076,-7.821689730573439,2026-08-19T08:31:18.388Z,fuzzy,0.700000,1,1
bus-dukuh-w-69bdab86,Dukuh (Barat),bus,6a8564d8bbd0aa678bab7c92,Halte Dukuh B,,110.35541361670408,-7.820929333911266,2026-08-19T08:10:00.568Z,fuzzy,0.700000,2,1
bus-edotel-kalasan-1-a343eedf,TPB Edotel Kalasan 1,bus,6a86de220235f477d35918c3,Halte Edotel Kalasan A,,110.48271546730604,-7.75677283791336,2026-08-20T10:59:46.361Z,fuzzy,0.762500,1,1
bus-edotel-kalasan-2-9b48bce6,TPB Edotel Kalasan 2,bus,6a86de220235f477d35918c3,Halte Edotel Kalasan A,,110.48271546730604,-7.75677283791336,2026-08-20T10:59:46.361Z,fuzzy,0.762500,1,1
bus-eks-borobudur-plaza-9ab82812,Eks Borobudur Plaza,bus,6a828cb470c999b67933ee47,Halte Trans Jogja - Borobudhur Plaza,,110.36205652519521,-7.778807194560243,2026-08-17T04:23:16.349Z,fuzzy,0.614286,1,1
bus-eks-menara-kopi-n-a0aeefe1,Eks Menara Kopi (Utara),bus,6a86be25460277aa8415118b,Halte Eks Menara Kopi A,,110.37010514084454,-7.789256599640282,2026-08-20T08:43:17.989Z,fuzzy,0.862500,1,1
bus-eks-menara-kopi-n-a0aeefe1,Eks Menara Kopi (Utara),bus,6a86beab89acf23707a35190,Halte Eks Menara Kopi B,,110.37007950053442,-7.7894575408621165,2026-08-20T08:45:31.514Z,fuzzy,0.862500,2,1
bus-eks-menara-kopi-s-dd0efb75,Eks Menara Kopi (S),bus,6a86be25460277aa8415118b,Halte Eks Menara Kopi A,,110.37010514084454,-7.789256599640282,2026-08-20T08:43:17.989Z,fuzzy,0.862500,1,1
bus-eks-menara-kopi-s-dd0efb75,Eks Menara Kopi (S),bus,6a86beab89acf23707a35190,Halte Eks Menara Kopi B,,110.37007950053442,-7.7894575408621165,2026-08-20T08:45:31.514Z,fuzzy,0.862500,2,1
bus-eks-menara-kopi-selatan-a7802379,Eks Menara Kopi Selatan,bus,6a86be25460277aa8415118b,Halte Eks Menara Kopi A,,110.37010514084454,-7.789256599640282,2026-08-20T08:43:17.989Z,fuzzy,0.750000,1,1
bus-eks-menara-kopi-selatan-a7802379,Eks Menara Kopi Selatan,bus,6a86beab89acf23707a35190,Halte Eks Menara Kopi B,,110.37007950053442,-7.7894575408621165,2026-08-20T08:45:31.514Z,fuzzy,0.720000,2,1
bus-eks-stasiun-ka-bantul-aaacaef2,Eks. Stasiun KA Bantul,bus,6a82a16138bb192425f4b26e,Halte Eks Stasiun Bantul,,110.32934103284327,-7.887393105175448,2026-08-17T05:51:29.495Z,fuzzy,0.853846,1,1
bus-fkg-ugm-n-14f6b4a2,FKG UGM (U),bus,6a8cf57152d86e03b51a5a67,Halte FKG UGM A,,110.37520499526164,-7.771397214324622,2026-08-25T01:52:49.314Z,fuzzy,0.791667,1,1
bus-fkg-ugm-n-14f6b4a2,FKG UGM (U),bus,6a8cf67ceca288692ef36cd9,Halte FKG UGM B,,110.37534514299637,-7.771510215591562,2026-08-25T01:57:16.428Z,fuzzy,0.791667,2,1
bus-fkg-ugm-s-1cd7bfe3,FKG UGM (S),bus,6a8cf57152d86e03b51a5a67,Halte FKG UGM A,,110.37520499526164,-7.771397214324622,2026-08-25T01:52:49.314Z,fuzzy,0.791667,1,1
bus-fkg-ugm-s-1cd7bfe3,FKG UGM (S),bus,6a8cf67ceca288692ef36cd9,Halte FKG UGM B,,110.37534514299637,-7.771510215591562,2026-08-25T01:57:16.428Z,fuzzy,0.791667,2,1
bus-gambiran-1-b1d95bb9,TPB Gambiran 1,bus,6a93a40452d86e03b51e3e65,Halte Gambiran A,,110.39098195776171,-7.8169272310724836,2026-08-30T03:31:16.771Z,fuzzy,0.673333,1,1
bus-gambiran-1-b1d95bb9,TPB Gambiran 1,bus,6a93a3aadc237a3a8a7a1649,Halte Gambiran B,,110.39090624605723,-7.817090693396565,2026-08-30T03:29:46.813Z,fuzzy,0.673333,2,1
bus-gembira-loka-746e2bf0,Gembira Loka,bus,6a939db0dc237a3a8a7a12dd,Halte Gembira Loka A,,110.40007064518875,-7.80223291459842,2026-08-30T03:04:16.970Z,fuzzy,0.820513,1,1
bus-gembira-loka-746e2bf0,Gembira Loka,bus,6a939c2052d86e03b51e3909,Halte Gembira Loka B,,110.39890006084181,-7.8021697986454654,2026-08-30T02:57:36.272Z,fuzzy,0.820513,2,1
bus-gereja-pugeran-ab090bbd,Halte Gereja Pugeran,bus,6a85639f3dbe4dacc784adca,Halte Gereja Pugeran A,,110.3559019322164,-7.816596831411331,2026-08-19T08:04:47.995Z,fuzzy,0.826667,1,1
bus-gereja-pugeran-ab090bbd,Halte Gereja Pugeran,bus,6a8563653dbe4dacc784ad68,Halte Gereja Pugeran B,,110.35596342232463,-7.816807431463346,2026-08-19T08:03:49.694Z,fuzzy,0.826667,2,1
bus-gor-among-rogo-e2afbc5d,TPB GOR Among Rogo,bus,6a93933052d86e03b51e3201,Halte Among Rogo A,,110.38480921147521,-7.798480522216252,2026-08-30T02:19:28.305Z,fuzzy,0.661538,1,1
bus-gor-among-rogo-e2afbc5d,TPB GOR Among Rogo,bus,6a9392d352d86e03b51e30da,Halte Among Rogo B,,110.38488776011417,-7.798469504272177,2026-08-30T02:17:55.669Z,fuzzy,0.661538,2,1
bus-gudang-sgm-2-39feb111,TPB Gudang SGM 2,bus,6a89347152d86e03b51847e6,Halte Gudang SGM B,,110.39002507001555,-7.827243619843017,2026-08-22T05:32:33.073Z,fuzzy,0.750000,1,1
bus-gudang-sgm-c4a1d188,TPB Gudang SGM,bus,6a89347152d86e03b51847e6,Halte Gudang SGM B,,110.39002507001555,-7.827243619843017,2026-08-22T05:32:33.073Z,fuzzy,0.812121,1,1
bus-hayam-wuruk-e-c4b95c88,Hayam Wuruk (Timur),bus,6a82b0c438bb192425f4c552,Halte Hayam Wuruk A,,110.3726422000492,-7.795566199997523,2026-08-17T06:57:08.363Z,fuzzy,0.816667,1,1
bus-hayam-wuruk-e-c4b95c88,Hayam Wuruk (Timur),bus,6a82af1e4fd70be4125cf44e,Halte Hayam Wuruk B,,110.37280618046145,-7.794565791929273,2026-08-17T06:50:06.727Z,fuzzy,0.816667,2,1
bus-hayam-wuruk-w-b2b765b2,Hayam Wuruk (Barat),bus,6a82b0c438bb192425f4c552,Halte Hayam Wuruk A,,110.3726422000492,-7.795566199997523,2026-08-17T06:57:08.363Z,fuzzy,0.816667,1,1
bus-hayam-wuruk-w-b2b765b2,Hayam Wuruk (Barat),bus,6a82af1e4fd70be4125cf44e,Halte Hayam Wuruk B,,110.37280618046145,-7.794565791929273,2026-08-17T06:50:06.727Z,fuzzy,0.816667,2,1
bus-hotel-utara-e-a8afeab1,Hotel Utara (T),bus,6a86caf989acf23707a36360,Halte Hotel Utara A,,110.36100149127998,-7.7797239601825225,2026-08-20T09:38:01.026Z,fuzzy,0.816667,1,1
bus-hotel-utara-e-a8afeab1,Hotel Utara (T),bus,6a88263dd57440d48a1f481b,Halte Hotel Utara B,,110.36085277059749,-7.780389688727766,2026-08-21T10:19:41.663Z,fuzzy,0.816667,2,1
bus-hotel-utara-ea824463,Hotel Utara,bus,6a86caf989acf23707a36360,Halte Hotel Utara A,,110.36100149127998,-7.7797239601825225,2026-08-20T09:38:01.026Z,fuzzy,0.816667,1,1
bus-hotel-utara-ea824463,Hotel Utara,bus,6a88263dd57440d48a1f481b,Halte Hotel Utara B,,110.36085277059749,-7.780389688727766,2026-08-21T10:19:41.663Z,fuzzy,0.816667,2,1
bus-hotel-utara-w-13ce416a,Hotel Utara (B),bus,6a86caf989acf23707a36360,Halte Hotel Utara A,,110.36100149127998,-7.7797239601825225,2026-08-20T09:38:01.026Z,fuzzy,0.816667,1,1
bus-hotel-utara-w-13ce416a,Hotel Utara (B),bus,6a88263dd57440d48a1f481b,Halte Hotel Utara B,,110.36085277059749,-7.780389688727766,2026-08-21T10:19:41.663Z,fuzzy,0.816667,2,1
bus-jalan-colombo-samirono-0f6c71b2,JL Colombo (Samirono),bus,6a8d39db52d86e03b51a8ece,Halte Jl. Colombo UNY,,110.38656902084153,-7.777819224696188,2026-08-25T06:44:43.633Z,fuzzy,0.661538,1,1
bus-jalan-mataram-hotel-akur-bfbbe7b3,Jl. Mataram Hotel Akur,bus,6a86baac0235f477d358e46e,Halte Jalan Mataram,,110.36803342412259,-7.794265961281729,2026-08-20T08:28:28.770Z,fuzzy,0.621622,1,1
bus-jalan-solo-jayakarta-1c449de7,Halte Jl. Solo (Jayakarta),bus,6a82e6214fd70be4125d2fb9,Halte Trans Jogja - Halte Jalan Solo KR.1,,110.4505629589354,-7.781743084004972,2026-08-17T10:44:49.057Z,fuzzy,0.605714,1,1
bus-jalan-solo-jayakarta-1c449de7,Halte Jl. Solo (Jayakarta),bus,6a82e3344fd70be4125d2da1,Halte Trans Jogja - Halte Jalan Solo KR.2,,110.44874006597814,-7.782562289437621,2026-08-17T10:32:20.176Z,fuzzy,0.605714,2,1
bus-jalan-solo-kalasan-9e89bd29,TPB Jl. Solo Kalasan,bus,6a82dd1338bb192425f4f6cf,Halte Trans Jogja - Jl. Solo (Maguwo),,110.43091366895266,-7.783398800192629,2026-08-17T10:06:11.975Z,fuzzy,0.611429,1,1
bus-jend-sudirman-n-31ca1789,Jend. Sudirman (U),bus,6a8ba24b52d86e03b519bec8,Halte Jend. Sudirman (Santika),,110.36882439062049,-7.7827849512265175,2026-08-24T01:45:47.760Z,fuzzy,0.725490,1,1
bus-jogokariyan-72238fe9,Jogokariyan,bus,6a8d3e30eca288692ef3a8fc,Halte Jogokariyan A,,110.36772397957435,-7.8238401652126015,2026-08-25T07:03:12.109Z,fuzzy,0.750000,1,1
bus-jogokariyan-72238fe9,Jogokariyan,bus,6a8d3ec1eca288692ef3a988,Halte Jogokariyan B,,110.36784165747628,-7.823252720892327,2026-08-25T07:05:37.436Z,fuzzy,0.750000,2,1
bus-kantor-kal-sukoharjo-d97d4a8e,Kantor Kal. Sukoharjo,bus,6a82abfd38bb192425f4bef7,Halte Kantor Kal. Pendowoharjo A,,110.33947652623834,-7.863394360607018,2026-08-17T06:36:45.070Z,fuzzy,0.613333,1,1
bus-kantor-kal-sukoharjo-d97d4a8e,Kantor Kal. Sukoharjo,bus,6a82ab0d38bb192425f4bd80,Halte Kantor Kal. Pendowoharjo B,,110.33948455676943,-7.863724888175241,2026-08-17T06:32:45.133Z,fuzzy,0.613333,2,1
bus-kantor-kal-sukoharjo-n-6df8a6f4,Kantor Kal. Sukoharjo (U),bus,6a82abfd38bb192425f4bef7,Halte Kantor Kal. Pendowoharjo A,,110.33947652623834,-7.863394360607018,2026-08-17T06:36:45.070Z,fuzzy,0.613333,1,1
bus-kantor-kal-sukoharjo-n-6df8a6f4,Kantor Kal. Sukoharjo (U),bus,6a82ab0d38bb192425f4bd80,Halte Kantor Kal. Pendowoharjo B,,110.33948455676943,-7.863724888175241,2026-08-17T06:32:45.133Z,fuzzy,0.613333,2,1
bus-kantor-kal-sukoharjo-s-ae499464,Kantor Kal. Sukoharjo (S),bus,6a82abfd38bb192425f4bef7,Halte Kantor Kal. Pendowoharjo A,,110.33947652623834,-7.863394360607018,2026-08-17T06:36:45.070Z,fuzzy,0.613333,1,1
bus-kantor-kal-sukoharjo-s-ae499464,Kantor Kal. Sukoharjo (S),bus,6a82ab0d38bb192425f4bd80,Halte Kantor Kal. Pendowoharjo B,,110.33948455676943,-7.863724888175241,2026-08-17T06:32:45.133Z,fuzzy,0.613333,2,1
bus-kantor-kap-godean-n-0acc0655,Kantor Kap. Godean (U),bus,6a82a4ed4fd70be4125ce721,Halte Kantor Kap. Bantul,,110.33170883084773,-7.883524911426363,2026-08-17T06:06:37.561Z,fuzzy,0.658824,1,1
bus-kantor-kap-godean-s-c356edd6,Kantor Kap. Godean (S),bus,6a82a4ed4fd70be4125ce721,Halte Kantor Kap. Bantul,,110.33170883084773,-7.883524911426363,2026-08-17T06:06:37.561Z,fuzzy,0.658824,1,1
bus-kantor-kap-ngaglik-w-0025595c,Kantor Kap. Ngaglik (B),bus,6a82a4ed4fd70be4125ce721,Halte Kantor Kap. Bantul,,110.33170883084773,-7.883524911426363,2026-08-17T06:06:37.561Z,fuzzy,0.645714,1,1
bus-kantor-kapanewon-bantul-cdd6be86,Kantor Kapanewon Bantul,bus,6a82a4ed4fd70be4125ce721,Halte Kantor Kap. Bantul,,110.33170883084773,-7.883524911426363,2026-08-17T06:06:37.561Z,fuzzy,0.710000,1,1
bus-kantor-kelurahan-pendowoharjo-0862e377,Kantor Kelurahan Pendowoharjo,bus,6a82abfd38bb192425f4bef7,Halte Kantor Kal. Pendowoharjo A,,110.33947652623834,-7.863394360607018,2026-08-17T06:36:45.070Z,fuzzy,0.648889,1,1
bus-kantor-kelurahan-pendowoharjo-0862e377,Kantor Kelurahan Pendowoharjo,bus,6a82ab0d38bb192425f4bd80,Halte Kantor Kal. Pendowoharjo B,,110.33948455676943,-7.863724888175241,2026-08-17T06:32:45.133Z,fuzzy,0.648889,2,1
bus-karangjati-e-18a90a3c,Karangjati (Timur),bus,6a8435e6bb859bd06d94f987,Halte TPB Trans Jogja - Karangjati A,,110.36919915726202,-7.764116001012513,2026-08-18T10:37:26.620Z,fuzzy,0.745455,1,1
bus-karangjati-e-18a90a3c,Karangjati (Timur),bus,6a8436cabb859bd06d94fb41,Halte TPB Trans Jogja - Karangjati B,,110.36911458125758,-7.764429473272585,2026-08-18T10:41:14.953Z,fuzzy,0.745455,2,1
bus-karangjati-w-693f50d8,Karangjati (Barat),bus,6a8435e6bb859bd06d94f987,Halte TPB Trans Jogja - Karangjati A,,110.36919915726202,-7.764116001012513,2026-08-18T10:37:26.620Z,fuzzy,0.745455,1,1
bus-karangjati-w-693f50d8,Karangjati (Barat),bus,6a8436cabb859bd06d94fb41,Halte TPB Trans Jogja - Karangjati B,,110.36911458125758,-7.764429473272585,2026-08-18T10:41:14.953Z,fuzzy,0.745455,2,1
bus-karangwaru-e-d57a2b75,Karangwaru (T),bus,6a8287f89870dcf66e45637e,Bus Stop Halte Trans Jogja - Karangwaru,,110.36120706604345,-7.7718298755167226,2026-08-17T04:03:04.575Z,fuzzy,1.000000,1,1
bus-karangwaru-w-2eff8d12,Karangwaru (B),bus,6a8287f89870dcf66e45637e,Bus Stop Halte Trans Jogja - Karangwaru,,110.36120706604345,-7.7718298755167226,2026-08-17T04:03:04.575Z,fuzzy,1.000000,1,1
bus-kha-dahlan-n-3fb74d20,KHA Dahlan (Utara),bus,6a855e58bbd0aa678bab72c7,Halte KHA Dahlan A,,110.36014288772952,-7.801236698318434,2026-08-19T07:42:16.614Z,fuzzy,0.812121,1,1
bus-kha-dahlan-n-3fb74d20,KHA Dahlan (Utara),bus,6a856fcabbd0aa678bab8a39,Halte KHA Dahlan B,,110.36040363174106,-7.8011562542099,2026-08-19T08:56:42.414Z,fuzzy,0.812121,2,1
bus-kha-dahlan-s-065936ef,KHA Dahlan (S),bus,6a855e58bbd0aa678bab72c7,Halte KHA Dahlan A,,110.36014288772952,-7.801236698318434,2026-08-19T07:42:16.614Z,fuzzy,0.812121,1,1
bus-kha-dahlan-s-065936ef,KHA Dahlan (S),bus,6a856fcabbd0aa678bab8a39,Halte KHA Dahlan B,,110.36040363174106,-7.8011562542099,2026-08-19T08:56:42.414Z,fuzzy,0.812121,2,1
bus-kkp-yogyakarta-w-5da3477b,KKP Yogyakarta (B),bus,6a8a8dda52d86e03b519227c,TPB Trans Jogja - Stasiun Yogyakarta,,110.36179815416784,-7.789620476123076,2026-08-23T06:06:18.544Z,fuzzy,0.700000,1,1
bus-kkp-yogyakarta-w-5da3477b,KKP Yogyakarta (B),bus,6a8929d6478dc3b356b72ecf,Halte UNU Yogyakarta,,110.37641803537275,-7.819695073497641,2026-08-22T04:47:18.055Z,fuzzy,0.604762,2,1
bus-kompi-senapan-c-s-e0038af6,Kompi Senapan-C (Selatan),bus,6a881c1fd57440d48a1f3af3,Halte Kompi Senapan-C,,110.33256331627194,-7.777350027437976,2026-08-21T09:36:31.574Z,fuzzy,1.000000,1,1
bus-kosudgama-n-88e06d80,Kosudgama (U),bus,6a8d081852d86e03b51a643e,Halte Kosudgama,,110.37864509142526,-7.776162838724844,2026-08-25T03:12:24.423Z,fuzzy,1.000000,1,1
bus-lempuyangan-gudang-n-dc79fb4e,Lempuyangan Gudang (Utara),bus,6a82aa139870dcf66e458f1f,Halte Stasiun Lempuyangan,,110.37746284627354,-7.790234774910843,2026-08-17T06:28:35.004Z,fuzzy,0.655172,1,1
bus-lowanu-792a5ebc,TPB Lowanu,bus,6a89267052d86e03b5183591,Halte Lowanu A,,110.37603009886237,-7.817054694483318,2026-08-22T04:32:48.572Z,fuzzy,0.714286,1,1
bus-lowanu-792a5ebc,TPB Lowanu,bus,6a89274552d86e03b51835ec,Halte Lowanu B,,110.37598738283009,-7.8168996664160915,2026-08-22T04:36:21.599Z,fuzzy,0.714286,2,1
bus-maguwo-sambilegi-n-96f67e3b,Maguwo Sambilegi (U),bus,6a89603752d86e03b5187006,Halte Trans Jogja - Maguwo Sambilegi,,110.43107793646948,-7.783381604426211,2026-08-22T08:39:19.369Z,fuzzy,1.000000,1,1
bus-malioboro-2-kepatihan-edeea5b5,Halte Malioboro 2 (Kepatihan),bus,6a85506ebbd0aa678bab6390,Halte Malioboro 2,,110.36559857460782,-7.795185718747462,2026-08-19T06:42:54.514Z,fuzzy,0.679167,1,1
bus-man-1-yogyakarta-f2a678cf,MAN 1 Yogyakarta,bus,6a8d799852d86e03b51acfac,HALTE SMPN 1 YOGYAKARTA,,110.37573404625363,-7.777552952341509,2026-08-25T11:16:40.317Z,fuzzy,0.745455,1,1
bus-man-1-yogyakarta-f2a678cf,MAN 1 Yogyakarta,bus,6a8296039870dcf66e45770d,Halte TPB Trans Jogja - SMPN 1 Yogyakarta A,,110.3758011677686,-7.777510405191844,2026-08-17T05:02:59.415Z,fuzzy,0.674286,2,1
bus-man-1-yogyakarta-f2a678cf,MAN 1 Yogyakarta,bus,6a8294c44fd70be4125cd48b,Halte TPB Trans Jogja - SMPN 1 Yogyakarta B,,110.37570315906709,-7.777900750484262,2026-08-17T04:57:40.954Z,fuzzy,0.674286,3,1
bus-mcd-jakal-e-a028dcde,McD Jakal (T),bus,6a89118b52d86e03b5181907,Halte McD Jakal,,110.37992598967958,-7.762818007809386,2026-08-22T03:03:39.098Z,fuzzy,1.000000,1,1
bus-mirota-godean-n-b3b375ef,Mirota Godean (U),bus,6a881ff9d57440d48a1f3e49,Halte Mirota Godean A,,110.34974498502766,-7.781089730154192,2026-08-21T09:52:57.550Z,fuzzy,0.823810,1,1
bus-mirota-godean-n-b3b375ef,Mirota Godean (U),bus,6a882071d57440d48a1f3edc,Halte Mirota Godean B,,110.35042226104406,-7.781236342222343,2026-08-21T09:54:57.732Z,fuzzy,0.823810,2,1
bus-mirota-godean-s-d95775a6,Mirota Godean (S),bus,6a881ff9d57440d48a1f3e49,Halte Mirota Godean A,,110.34974498502766,-7.781089730154192,2026-08-21T09:52:57.550Z,fuzzy,0.823810,1,1
bus-mirota-godean-s-d95775a6,Mirota Godean (S),bus,6a882071d57440d48a1f3edc,Halte Mirota Godean B,,110.35042226104406,-7.781236342222343,2026-08-21T09:54:57.732Z,fuzzy,0.823810,2,1
bus-mmtc-yogya-27d0c99b,MMTC Yogya,bus,6a8276c070c999b67933d100,Aksesibilitas Halte Trans Jogja - MMTC Yogyakarta,,110.36207457674249,-7.753191901082519,2026-08-17T02:49:36.022Z,fuzzy,0.613333,1,1
bus-monjali-n-7719f0b6,Monjali (Utara),bus,6a8432efbb859bd06d94f679,Halte Trans Jogja - Monjali A,,110.36769187033116,-7.750480947112415,2026-08-18T10:24:47.169Z,fuzzy,0.725000,1,1
bus-monjali-n-7719f0b6,Monjali (Utara),bus,6a8430a8bb859bd06d94f54c,Halte Trans Jogja - Monjali B,,110.36873148163761,-7.750906622111017,2026-08-18T10:15:04.502Z,fuzzy,0.725000,2,1
bus-monjali-s-cbddf0a1,Monjali (Selatan),bus,6a8432efbb859bd06d94f679,Halte Trans Jogja - Monjali A,,110.36769187033116,-7.750480947112415,2026-08-18T10:24:47.169Z,fuzzy,0.725000,1,1
bus-monjali-s-cbddf0a1,Monjali (Selatan),bus,6a8430a8bb859bd06d94f54c,Halte Trans Jogja - Monjali B,,110.36873148163761,-7.750906622111017,2026-08-18T10:15:04.502Z,fuzzy,0.725000,2,1
bus-pakuwon-mall-n-50267f5f,Pakuwon Mall (Utara),bus,6a82df994fd70be4125d2a71,Halte Trans Jogja - Pakuwon Mall A,,110.39951833893446,-7.758275267444745,2026-08-17T10:16:57.846Z,fuzzy,0.820513,1,1
bus-pakuwon-mall-s-2202544e,Pakuwon Mall (Selatan),bus,6a82df994fd70be4125d2a71,Halte Trans Jogja - Pakuwon Mall A,,110.39951833893446,-7.758275267444745,2026-08-17T10:16:57.846Z,fuzzy,0.820513,1,1
bus-panti-rapih-9daeebbb,TPB Panti Rapih,bus,6a8d0a83eca288692ef377ee,Halte RS Panti Rapih,,110.37822992213239,-7.776234113554651,2026-08-25T03:22:43.253Z,fuzzy,0.794667,1,3
bus-pasar-bantul-de60e961,Pasar Bantul,bus,6a82a2a04fd70be4125ce466,Halte Pasar Bantul - A,,110.33099059332824,-7.885181333721874,2026-08-17T05:56:48.622Z,fuzzy,0.820513,1,1
bus-pasar-bantul-de60e961,Pasar Bantul,bus,6a82a2f238bb192425f4b43a,Halte Pasar Bantul - B,,110.33108350459383,-7.885143821873825,2026-08-17T05:58:10.431Z,fuzzy,0.820513,2,1
bus-pasar-bantul-halte-2-a4a1fd5f,Pasar Bantul (Halte 2),bus,6a82a2a04fd70be4125ce466,Halte Pasar Bantul - A,,110.33099059332824,-7.885181333721874,2026-08-17T05:56:48.622Z,fuzzy,0.654118,1,1
bus-pasar-bantul-halte-2-a4a1fd5f,Pasar Bantul (Halte 2),bus,6a82a2f238bb192425f4b43a,Halte Pasar Bantul - B,,110.33108350459383,-7.885143821873825,2026-08-17T05:58:10.431Z,fuzzy,0.618824,2,1
bus-pasar-giwangan-1-20ae3e33,TPB Pasar Giwangan 1,bus,6a893609478dc3b356b73fd7,Halte Pasar Giwangan B,,110.39020459947233,-7.8324834343696494,2026-08-22T05:39:21.537Z,fuzzy,0.762500,1,1
bus-pasar-giwangan-2-f0dc3c5b,TPB Pasar Giwangan 2,bus,6a893609478dc3b356b73fd7,Halte Pasar Giwangan B,,110.39020459947233,-7.8324834343696494,2026-08-22T05:39:21.537Z,fuzzy,0.762500,1,1
bus-pasar-jangkang-n-01dfbd0c,Pasar Jangkang (U),bus,6a8e9c3b52d86e03b51b5e70,Halte Pasar Demangan,,110.38846776345031,-7.779400709828366,2026-08-26T07:56:43.934Z,fuzzy,0.604762,1,1
bus-pasar-jangkang-s-1332b898,Pasar Jangkang (S),bus,6a8e9c3b52d86e03b51b5e70,Halte Pasar Demangan,,110.38846776345031,-7.779400709828366,2026-08-26T07:56:43.934Z,fuzzy,0.604762,1,1
bus-pasar-krangan-8db5e3eb,Halte Pasar Krangan,bus,6a8e9c3b52d86e03b51b5e70,Halte Pasar Demangan,,110.38846776345031,-7.779400709828366,2026-08-26T07:56:43.934Z,fuzzy,0.622222,1,1
bus-pasar-kranggan-b6b88028,Halte Pasar Kranggan,bus,6a882a323be6880665735cad,Halte Pasar Kranggan Selatan,,110.36565971152436,-7.7829259605858025,2026-08-21T10:36:34.830Z,fuzzy,0.733333,1,1
bus-pasar-kranggan-b6b88028,Halte Pasar Kranggan,bus,6a8e9c3b52d86e03b51b5e70,Halte Pasar Demangan,,110.38846776345031,-7.779400709828366,2026-08-26T07:56:43.934Z,fuzzy,0.604762,2,1
bus-pasar-kranggan-e-a032bc95,Pasar Kranggan (Timur),bus,6a882a323be6880665735cad,Halte Pasar Kranggan Selatan,,110.36565971152436,-7.7829259605858025,2026-08-21T10:36:34.830Z,fuzzy,0.733333,1,1
bus-pasar-kranggan-e-a032bc95,Pasar Kranggan (Timur),bus,6a8e9c3b52d86e03b51b5e70,Halte Pasar Demangan,,110.38846776345031,-7.779400709828366,2026-08-26T07:56:43.934Z,fuzzy,0.604762,2,1
bus-pasar-legi-352c9c2c,TPB Pasar Legi,bus,6a8a96810d6732db988c0e35,Halte Pasar Legi A,,110.35020939084734,-7.809236124165178,2026-08-23T06:43:13.986Z,fuzzy,0.812121,1,1
bus-pasar-legi-yogyakarta-9455c379,Pasar Legi Yogyakarta,bus,6a8a96810d6732db988c0e35,Halte Pasar Legi A,,110.35020939084734,-7.809236124165178,2026-08-23T06:43:13.986Z,fuzzy,0.636364,1,1
bus-pasar-niten-b37a4715,Pasar Niten,bus,6a82b6aa38bb192425f4cb20,Halte Pasar Niten B,,110.35116605596033,-7.838112114882222,2026-08-17T07:22:18.396Z,fuzzy,0.816667,1,1
bus-pasar-niten-halte-2-cc89169e,Pasar Niten (Halte 2),bus,6a82b6aa38bb192425f4cb20,Halte Pasar Niten B,,110.35116605596033,-7.838112114882222,2026-08-17T07:22:18.396Z,fuzzy,0.610000,1,1
bus-pasar-pathuk-yogyakarta-92bcefb1,Portabel Pasar Pathuk Yogyakarta,bus,6a8a8a110d6732db988bfe24,TPB Trans Jogja - Pasar Pathuk,,110.36181950219066,-7.7960169118630205,2026-08-23T05:50:09.201Z,fuzzy,0.678095,1,2
bus-pasar-pingit-n-b419e949,Pasar Pingit (U),bus,6a8824323be68806657354c9,Halte Pasar Pingit A,,110.35884881664526,-7.782752724266089,2026-08-21T10:10:58.020Z,fuzzy,0.820513,1,1
bus-pasar-pingit-n-b419e949,Pasar Pingit (U),bus,6a8824ca3be6880665735575,Halte Pasar Pingit B,,110.3591794201891,-7.782911672285408,2026-08-21T10:13:30.205Z,fuzzy,0.820513,2,1
bus-pasar-pingit-s-ef51f110,Pasar Pingit (Selatan),bus,6a8824323be68806657354c9,Halte Pasar Pingit A,,110.35884881664526,-7.782752724266089,2026-08-21T10:10:58.020Z,fuzzy,0.820513,1,1
bus-pasar-pingit-s-ef51f110,Pasar Pingit (Selatan),bus,6a8824ca3be6880665735575,Halte Pasar Pingit B,,110.3591794201891,-7.782911672285408,2026-08-21T10:13:30.205Z,fuzzy,0.820513,2,1
bus-pasar-serangan-0fab18f3,TPB Pasar Serangan,bus,6a8d470c52d86e03b51aa113,Halte Pasar Serangan A,,110.3542366775277,-7.801076533486338,2026-08-25T07:41:00.993Z,fuzzy,0.826667,1,1
bus-pasar-serangan-0fab18f3,TPB Pasar Serangan,bus,6a8d487eeca288692ef3b4d2,Halte Pasar Serangan B,,110.35311920594921,-7.801045324399098,2026-08-25T07:47:10.285Z,fuzzy,0.826667,2,1
bus-pasar-serangan-0fab18f3,TPB Pasar Serangan,bus,6a8e9c3b52d86e03b51b5e70,Halte Pasar Demangan,,110.38846776345031,-7.779400709828366,2026-08-26T07:56:43.934Z,fuzzy,0.647619,3,1
bus-pasar-serangan-s-be7dc238,Pasar Serangan (S),bus,6a8d470c52d86e03b51aa113,Halte Pasar Serangan A,,110.3542366775277,-7.801076533486338,2026-08-25T07:41:00.993Z,fuzzy,0.826667,1,1
bus-pasar-serangan-s-be7dc238,Pasar Serangan (S),bus,6a8d487eeca288692ef3b4d2,Halte Pasar Serangan B,,110.35311920594921,-7.801045324399098,2026-08-25T07:47:10.285Z,fuzzy,0.826667,2,1
bus-pasar-serangan-s-be7dc238,Pasar Serangan (S),bus,6a8e9c3b52d86e03b51b5e70,Halte Pasar Demangan,,110.38846776345031,-7.779400709828366,2026-08-26T07:56:43.934Z,fuzzy,0.647619,3,1
bus-pasty-a2ad35ef,TPB Pasty,bus,6a856783bbd0aa678bab80f3,Halte Pasty A,,110.35449860903964,-7.825713953198374,2026-08-19T08:21:23.165Z,fuzzy,0.700000,1,1
bus-pasty-a2ad35ef,TPB Pasty,bus,6a856733bbd0aa678bab8056,Halte Pasty B,,110.35457867014571,-7.825684109222351,2026-08-19T08:20:03.822Z,fuzzy,0.700000,2,1
bus-pdam-monjali-d9f381ae,PDAM Monjali,bus,6a842c273dbe4dacc783d981,Halte Trans Jogja - PDAM Monjali A,,110.36989656329786,-7.755990960135563,2026-08-18T09:55:51.119Z,fuzzy,0.820513,1,1
bus-pdam-monjali-w-de8c4f3e,PDAM Monjali (Barat),bus,6a842c273dbe4dacc783d981,Halte Trans Jogja - PDAM Monjali A,,110.36989656329786,-7.755990960135563,2026-08-18T09:55:51.119Z,fuzzy,0.820513,1,1
bus-plaza-uny-w-812d2136,Plaza UNY (B),bus,6a8e9ac146690fc6c68da2e3,Halte Plaza UNY,,110.38906775739389,-7.775019362075398,2026-08-26T07:50:25.686Z,fuzzy,1.000000,1,1
bus-rru-manggung-53668e66,TPB RRU Manggung,bus,6a82e20938bb192425f4fbc3,Halte Trans Jogja - Manggung,,110.3863386914378,-7.758157195755828,2026-08-17T10:27:21.815Z,fuzzy,0.680000,1,1
bus-rs-bhayangkara-c2217522,RS Bhayangkara,bus,6a86d589460277aa84152f9e,Halte Trans Jogja - Halte RS Bhayangkara B,,110.47171253495856,-7.766707608845564,2026-08-20T10:23:05.518Z,fuzzy,0.826667,1,1
bus-rs-bhayangkara-c2217522,RS Bhayangkara,bus,6a8a88b40d6732db988bfbb8,TPB Trans Jogja - Bhayangkara,,110.36208001256682,-7.799398820735533,2026-08-23T05:44:20.681Z,fuzzy,0.728000,2,1
bus-rs-panti-nugroho-5e1208a0,RS Panti Nugroho,bus,6a8d0a83eca288692ef377ee,Halte RS Panti Rapih,,110.37822992213239,-7.776234113554651,2026-08-25T03:22:43.253Z,fuzzy,0.640000,1,3
bus-rs-panti-nugroho-w-d4c819de,RS Panti Nugroho (B),bus,6a8d0a83eca288692ef377ee,Halte RS Panti Rapih,,110.37822992213239,-7.776234113554651,2026-08-25T03:22:43.253Z,fuzzy,0.640000,1,3
bus-rs-panti-rapih-s-d7666844,RS Panti Rapih (S),bus,6a8d0a83eca288692ef377ee,Halte RS Panti Rapih,,110.37822992213239,-7.776234113554651,2026-08-25T03:22:43.253Z,fuzzy,1.000000,1,3
bus-rs-sardjito-e-a2691dbb,RS Sardjito (T),bus,6a8441d73dbe4dacc783f9f2,Halte Trans Jogja - RS Sardjito A,,110.37416243966402,-7.767853558783255,2026-08-18T11:28:23.448Z,fuzzy,0.816667,1,1
bus-rs-sardjito-e-a2691dbb,RS Sardjito (T),bus,6a8440b23dbe4dacc783f743,Halte Trans Jogja - RS Sardjito B,,110.3741944114405,-7.767878687220801,2026-08-18T11:23:30.426Z,fuzzy,0.816667,2,1
bus-rs-sardjito-e-a2691dbb,RS Sardjito (T),bus,6a8ceff1eca288692ef36913,Halte RS Sardjito Barat,,110.37420361014381,-7.767887440982534,2026-08-25T01:29:21.840Z,fuzzy,0.738095,3,1
bus-rs-sardjito-w-0ad8bcca,RS Sardjito (B),bus,6a8441d73dbe4dacc783f9f2,Halte Trans Jogja - RS Sardjito A,,110.37416243966402,-7.767853558783255,2026-08-18T11:28:23.448Z,fuzzy,0.816667,1,1
bus-rs-sardjito-w-0ad8bcca,RS Sardjito (B),bus,6a8440b23dbe4dacc783f743,Halte Trans Jogja - RS Sardjito B,,110.3741944114405,-7.767878687220801,2026-08-18T11:23:30.426Z,fuzzy,0.816667,2,1
bus-rs-sardjito-w-0ad8bcca,RS Sardjito (B),bus,6a8ceff1eca288692ef36913,Halte RS Sardjito Barat,,110.37420361014381,-7.767887440982534,2026-08-25T01:29:21.840Z,fuzzy,0.738095,3,1
bus-samirono-s-21198e04,Samirono (S),bus,6a92d9d852d86e03b51ddbd2,Halte Samirono,,110.38753936487592,-7.77771952559074,2026-08-29T13:08:40.940Z,fuzzy,1.000000,1,2
bus-sanata-dharma-e-fb763e5c,Sanata Dharma (T),bus,6a8e970046690fc6c68d9f71,Halte Sanata Dharma,,110.38929278399246,-7.775092965334977,2026-08-26T07:34:24.519Z,fuzzy,1.000000,1,1
bus-santren-1292f082,Santren,bus,6a8e78f452d86e03b51b44d5,Halte Santren B,,110.39233672460091,-7.765872802964594,2026-08-26T05:26:12.004Z,fuzzy,0.725000,1,1
bus-santren-w-d0361cb1,Santren (B),bus,6a8e78f452d86e03b51b44d5,Halte Santren B,,110.39233672460091,-7.765872802964594,2026-08-26T05:26:12.004Z,fuzzy,0.725000,1,1
bus-sd-unggulan-aisyiyah-1-66442619,SD Unggulan Aisyiyah 1,bus,6a829b479870dcf66e457d85,Halte SD Unggulan Aisyiyah A,,110.3240343098866,-7.894986058741424,2026-08-17T05:25:27.179Z,fuzzy,0.812727,1,1
bus-sd-unggulan-aisyiyah-2-873ecdff,SD Unggulan Aisyiyah 2,bus,6a829b479870dcf66e457d85,Halte SD Unggulan Aisyiyah A,,110.3240343098866,-7.894986058741424,2026-08-17T05:25:27.179Z,fuzzy,0.812727,1,1
bus-simpang-diklat-diy-4f84a321,TPB Simpang Diklat DIY,bus,6a8a9e6b0d6732db988c19cf,Halte Simpang Diklat DIY A,,110.33250482677738,-7.828828712232749,2026-08-23T07:16:59.269Z,fuzzy,0.868421,1,1
bus-simpang-diklat-diy-4f84a321,TPB Simpang Diklat DIY,bus,6a8a9f3052d86e03b51939af,Halte Simpang Diklat DIY B,,110.33161554283595,-7.828543723227213,2026-08-23T07:20:16.286Z,fuzzy,0.868421,2,1
bus-simpang-gose-halte-1-986d3737,Simpang Gose (Halte 1),bus,6a829d594fd70be4125cdec8,Halte Simpang Gose A,,110.32542201135317,-7.8919660119321975,2026-08-17T05:34:17.292Z,fuzzy,0.654118,1,1
bus-simpang-gose-halte-1-986d3737,Simpang Gose (Halte 1),bus,6a829cec38bb192425f4ad35,Halte Simpang Gose B,,110.32536435177519,-7.891917160336035,2026-08-17T05:32:28.566Z,fuzzy,0.618824,2,1
bus-simpang-gose-halte-2-9d1af7ff,Simpang Gose (Halte 2),bus,6a829d594fd70be4125cdec8,Halte Simpang Gose A,,110.32542201135317,-7.8919660119321975,2026-08-17T05:34:17.292Z,fuzzy,0.654118,1,1
bus-simpang-gose-halte-2-9d1af7ff,Simpang Gose (Halte 2),bus,6a829cec38bb192425f4ad35,Halte Simpang Gose B,,110.32536435177519,-7.891917160336035,2026-08-17T05:32:28.566Z,fuzzy,0.618824,2,1
bus-simpang-kasongan-e0220233,Simpang Kasongan,bus,6a82b53038bb192425f4c960,Halte Simpang Kasongan A,,110.3445162159357,-7.846381616403178,2026-08-17T07:16:00.191Z,fuzzy,0.831373,1,1
bus-simpang-kasongan-e0220233,Simpang Kasongan,bus,6a82b40738bb192425f4c874,Halte Simpang Kasongan B,,110.34358978283205,-7.848589662466566,2026-08-17T07:11:03.880Z,fuzzy,0.831373,2,1
bus-simpang-kasongan-halte-2-57f682a0,Simpang Kasongan (Halte 2),bus,6a82b53038bb192425f4c960,Halte Simpang Kasongan A,,110.3445162159357,-7.846381616403178,2026-08-17T07:16:00.191Z,fuzzy,0.674286,1,1
bus-simpang-kasongan-halte-2-57f682a0,Simpang Kasongan (Halte 2),bus,6a82b40738bb192425f4c874,Halte Simpang Kasongan B,,110.34358978283205,-7.848589662466566,2026-08-17T07:11:03.880Z,fuzzy,0.645714,2,1
bus-simpang-wojo-1-45f7fc67,TPB Simpang Wojo 1,bus,6a8d399552d86e03b51a8e6c,Halte Simpang Wojo,,110.37376259705007,-7.8363931103692295,2026-08-25T06:43:33.941Z,fuzzy,0.820513,1,1
bus-sma-1-yogyakarta-a1494736,Halte SMA 1 Yogyakarta,bus,6a8d799852d86e03b51acfac,HALTE SMPN 1 YOGYAKARTA,,110.37573404625363,-7.777552952341509,2026-08-25T11:16:40.317Z,fuzzy,0.745455,1,1
bus-sma-1-yogyakarta-a1494736,Halte SMA 1 Yogyakarta,bus,6a8296039870dcf66e45770d,Halte TPB Trans Jogja - SMPN 1 Yogyakarta A,,110.3758011677686,-7.777510405191844,2026-08-17T05:02:59.415Z,fuzzy,0.674286,2,1
bus-sma-1-yogyakarta-a1494736,Halte SMA 1 Yogyakarta,bus,6a8294c44fd70be4125cd48b,Halte TPB Trans Jogja - SMPN 1 Yogyakarta B,,110.37570315906709,-7.777900750484262,2026-08-17T04:57:40.954Z,fuzzy,0.674286,3,1
bus-sma-n-1-bantul-2-5de4317a,Halte SMA N 1 Bantul 2,bus,6a8298ab9870dcf66e457a70,Halte SMAN 1 Bantul - A,,110.3229557481767,-7.897399830417839,2026-08-17T05:14:19.282Z,fuzzy,0.656221,1,1
bus-sma-n-1-bantul-2-5de4317a,Halte SMA N 1 Bantul 2,bus,6a8296d14fd70be4125cd6d2,Halte SMAN 1 Bantul - B,,110.32277375066349,-7.898144476346147,2026-08-17T05:06:25.868Z,fuzzy,0.656221,2,1
bus-sma-n-1-bantul-i-bd617eae,SMA N 1 Bantul I,bus,6a8298ab9870dcf66e457a70,Halte SMAN 1 Bantul - A,,110.3229557481767,-7.897399830417839,2026-08-17T05:14:19.282Z,fuzzy,0.656221,1,1
bus-sma-n-1-bantul-i-bd617eae,SMA N 1 Bantul I,bus,6a8296d14fd70be4125cd6d2,Halte SMAN 1 Bantul - B,,110.32277375066349,-7.898144476346147,2026-08-17T05:06:25.868Z,fuzzy,0.656221,2,1
bus-sman-1-kasihan-e-713cf506,SMAN 1 Kasihan (Timur),bus,6a8a9a2252d86e03b519321f,Halte SMAN 1 Kasihan A,,110.34826419609499,-7.818373736802727,2026-08-23T06:58:42.634Z,fuzzy,0.860000,1,1
bus-sman-1-kasihan-e-713cf506,SMAN 1 Kasihan (Timur),bus,6a8a9a560d6732db988c1345,Halte SMAN 1 Kasihan B,,110.34830701861085,-7.818361569579275,2026-08-23T06:59:34.524Z,fuzzy,0.860000,2,1
bus-sman-1-kasihan-e-713cf506,SMAN 1 Kasihan (Timur),bus,6a8d49f652d86e03b51aa44c,Halte SMAN 1 A,,110.35215644875063,-7.799414141999378,2026-08-25T07:53:26.421Z,fuzzy,0.636364,3,1
bus-sman-1-kasihan-w-23845f53,SMAN 1 Kasihan (Barat),bus,6a8a9a2252d86e03b519321f,Halte SMAN 1 Kasihan A,,110.34826419609499,-7.818373736802727,2026-08-23T06:58:42.634Z,fuzzy,0.860000,1,1
bus-sman-1-kasihan-w-23845f53,SMAN 1 Kasihan (Barat),bus,6a8a9a560d6732db988c1345,Halte SMAN 1 Kasihan B,,110.34830701861085,-7.818361569579275,2026-08-23T06:59:34.524Z,fuzzy,0.860000,2,1
bus-sman-1-kasihan-w-23845f53,SMAN 1 Kasihan (Barat),bus,6a8d49f652d86e03b51aa44c,Halte SMAN 1 A,,110.35215644875063,-7.799414141999378,2026-08-25T07:53:26.421Z,fuzzy,0.636364,3,1
bus-sman-1-w-f37b3466,SMAN 1 (B),bus,6a8d49f652d86e03b51aa44c,Halte SMAN 1 A,,110.35215644875063,-7.799414141999378,2026-08-25T07:53:26.421Z,fuzzy,0.780952,1,1
bus-sman-1-w-f37b3466,SMAN 1 (B),bus,6a8d4afa52d86e03b51aa51f,Halte SMAN 1 B,,110.35227795601219,-7.799004716356819,2026-08-25T07:57:46.133Z,fuzzy,0.780952,2,1
bus-sman-1-w-f37b3466,SMAN 1 (B),bus,6a8d43e8eca288692ef3b00c,Halte SMAN 7,,110.35824780362691,-7.813510559506541,2026-08-25T07:27:36.885Z,fuzzy,0.633333,3,1
bus-smk-n-3-b9368922,SMK N 3,bus,6a828f544fd70be4125ccb42,Halte Trans Jogja - SMK N 3 Yogyakarta,,110.3667686316013,-7.777989337320522,2026-08-17T04:34:28.669Z,fuzzy,0.636000,1,1
bus-smk-seni-1-4ee60558,TPB SMK Seni 1,bus,6a8a984752d86e03b5192fa5,Halte SMK Seni A,,110.34906199212219,-7.8145398572160065,2026-08-23T06:50:47.732Z,fuzzy,0.740000,1,1
bus-smk-seni-1-4ee60558,TPB SMK Seni 1,bus,6a8a98ca0d6732db988c1118,Halte SMK Seni B,,110.34876375893134,-7.815453281198529,2026-08-23T06:52:58.919Z,fuzzy,0.740000,2,1
bus-smk-seni-2-88816be2,TPB SMK Seni 2,bus,6a8a984752d86e03b5192fa5,Halte SMK Seni A,,110.34906199212219,-7.8145398572160065,2026-08-23T06:50:47.732Z,fuzzy,0.740000,1,1
bus-smk-seni-2-88816be2,TPB SMK Seni 2,bus,6a8a98ca0d6732db988c1118,Halte SMK Seni B,,110.34876375893134,-7.815453281198529,2026-08-23T06:52:58.919Z,fuzzy,0.740000,2,1
bus-smp-kanisius-gayam-e-3c37e1d9,SMP Kanisius Gayam (Timur),bus,6a939468dc237a3a8a7a0bf6,Halte SMP Kanisius Gayam Timur,,110.37780935550774,-7.7956066832174855,2026-08-30T02:24:40.008Z,fuzzy,0.814286,1,1
bus-smp-kanisius-gayam-w-ae552fef,SMP Kanisius Gayam (Barat),bus,6a939468dc237a3a8a7a0bf6,Halte SMP Kanisius Gayam Timur,,110.37780935550774,-7.7956066832174855,2026-08-30T02:24:40.008Z,fuzzy,0.814286,1,1
bus-smp-n-2-bantul-5cb13e64,Halte SMP N 2 Bantul,bus,6a82a97038bb192425f4bbad,Halte SMPN 2 Bantul A,,110.33576157585333,-7.8745041194765975,2026-08-17T06:25:52.417Z,fuzzy,0.671264,1,1
bus-smp-n-2-bantul-5cb13e64,Halte SMP N 2 Bantul,bus,6a82a86c38bb192425f4ba3b,Halte SMPN 2 Bantul B,,110.33578293978212,-7.874954761818117,2026-08-17T06:21:32.877Z,fuzzy,0.671264,2,1
bus-smp-n-6-3c66eb40,SMP N 6,bus,6a8ba82fa4262ae1033d0be2,Halte SMP N 14,,110.3598915994072,-7.786639735892905,2026-08-24T02:10:55.552Z,fuzzy,0.680000,1,1
bus-smp-n-6-3c66eb40,SMP N 6,bus,6a8293484fd70be4125cd110,Halte Trans Jogja - SMP N 6 Yogyakarta,,110.36691755255441,-7.7780981116151,2026-08-17T04:51:20.327Z,fuzzy,0.636000,2,1
bus-smpn-11-w-39ca43b3,SMPN 11 (B),bus,6a8d4cbc52d86e03b51aa790,Halte SMPN 11,,110.35336727286722,-7.793053560897515,2026-08-25T08:05:16.163Z,fuzzy,1.000000,1,1
bus-smpn-11-w-39ca43b3,SMPN 11 (B),bus,6a8d045352d86e03b51a6286,Halte SMPN 1,,110.37587764703159,-7.777893155394906,2026-08-25T02:56:19.376Z,fuzzy,0.687179,2,1
bus-smpn-14-c41a3ead,SMPN 14,bus,6a8d045352d86e03b51a6286,Halte SMPN 1,,110.37587764703159,-7.777893155394906,2026-08-25T02:56:19.376Z,fuzzy,0.687179,1,1
bus-smpn-14-c41a3ead,SMPN 14,bus,6a8ba82fa4262ae1033d0be2,Halte SMP N 14,,110.3598915994072,-7.786639735892905,2026-08-24T02:10:55.552Z,fuzzy,0.660000,2,1
bus-smpn-14-c41a3ead,SMPN 14,bus,6a8d4cbc52d86e03b51aa790,Halte SMPN 11,,110.35336727286722,-7.793053560897515,2026-08-25T08:05:16.163Z,fuzzy,0.647619,3,1
bus-stie-ykpn-e-34a03129,STIE YKPN (Timur),bus,6a82d7ea4fd70be4125d2241,Halte TPB Trans Jogja - STIE YKPN A,,110.41036062602092,-7.767040656408739,2026-08-17T09:44:10.668Z,fuzzy,0.806667,1,1
bus-stie-ykpn-e-34a03129,STIE YKPN (Timur),bus,6a82d6629870dcf66e45c411,Halte TPB Trans Jogja - STIE YKPN B,,110.41016414433301,-7.768330179838671,2026-08-17T09:37:38.479Z,fuzzy,0.806667,2,1
bus-stie-ykpn-w-baea62ce,STIE YKPN (Barat),bus,6a82d7ea4fd70be4125d2241,Halte TPB Trans Jogja - STIE YKPN A,,110.41036062602092,-7.767040656408739,2026-08-17T09:44:10.668Z,fuzzy,0.806667,1,1
bus-stie-ykpn-w-baea62ce,STIE YKPN (Barat),bus,6a82d6629870dcf66e45c411,Halte TPB Trans Jogja - STIE YKPN B,,110.41016414433301,-7.768330179838671,2026-08-17T09:37:38.479Z,fuzzy,0.806667,2,1
bus-stikes-guna-bangsa-aed05817,Halte Stikes Guna Bangsa,bus,6a82da6f38bb192425f4f346,Halte Trans Jogja - Stiekes Guna Bangsa,,110.4089714942125,-7.760718057518275,2026-08-17T09:54:55.151Z,fuzzy,0.783784,1,1
bus-sudirman-santika-3b336a7b,Halte Sudirman (Santika),bus,6a8ba24b52d86e03b519bec8,Halte Jend. Sudirman (Santika),,110.36882439062049,-7.7827849512265175,2026-08-24T01:45:47.760Z,fuzzy,0.785586,1,1
bus-superindo-urip-sumoharjo-9f223797,Halte Superindo Urip Sumoharjo,bus,6a8d7398eca288692ef3da8b,HALTE TAKSI URIP SUMOHARJO,,110.38428667127943,-7.783115407637396,2026-08-25T10:51:04.586Z,fuzzy,0.663636,1,1
bus-tegal-turi-1-c6504b7f,TPB Tegal Turi 1,bus,6a893073478dc3b356b7399a,Halte Tegal Turi A,,110.3871334359431,-7.825409998099445,2026-08-22T05:15:31.532Z,fuzzy,0.750000,1,1
bus-tegal-turi-1-c6504b7f,TPB Tegal Turi 1,bus,6a893130478dc3b356b73aca,Halte Tegal Turi B,,110.38699300019641,-7.82548332991864,2026-08-22T05:18:40.060Z,fuzzy,0.750000,2,1
bus-tegal-turi-1-c6504b7f,TPB Tegal Turi 1,bus,6a8a55a40d6732db988bd319,Halte Tegal Gendu 1,,110.39183869483821,-7.826017116757498,2026-08-23T02:06:28.000Z,fuzzy,0.632000,3,1
bus-tegal-turi-2-2dbf8ff0,TPB Tegal Turi 2,bus,6a893073478dc3b356b7399a,Halte Tegal Turi A,,110.3871334359431,-7.825409998099445,2026-08-22T05:15:31.532Z,fuzzy,0.750000,1,1
bus-tegal-turi-2-2dbf8ff0,TPB Tegal Turi 2,bus,6a893130478dc3b356b73aca,Halte Tegal Turi B,,110.38699300019641,-7.82548332991864,2026-08-22T05:18:40.060Z,fuzzy,0.750000,2,1
bus-tegal-turi-2-2dbf8ff0,TPB Tegal Turi 2,bus,6a8a63d60d6732db988bdba4,Halte Tegal Gendu 2,,110.39132452910576,-7.825830130625448,2026-08-23T03:07:02.443Z,fuzzy,0.632000,3,1
bus-tejokusuman-tamansari-e7596b7b,Portabel Tejokusuman (Tamansari),bus,6a856ccabbd0aa678bab85c4,Halte Tejokusuman,,110.35606982877533,-7.807940761615626,2026-08-19T08:43:54.490Z,fuzzy,0.612500,1,1
bus-teknik-ugm-s-43bf9635,Teknik UGM (Selatan),bus,6a8d0e9c52d86e03b51a67b9,Halte TPB Teknik UGM 2 (Selatan),S,110.3745721416305,-7.764267293478937,2026-08-25T03:40:12.101Z,fuzzy,0.812121,1,1
bus-teras-malioboro-2-d4789a15,Portable Teras Malioboro 2,bus,6a85506ebbd0aa678bab6390,Halte Malioboro 2,,110.36559857460782,-7.795185718747462,2026-08-19T06:42:54.514Z,fuzzy,0.738095,1,1
bus-teras-malioboro-2-d4789a15,Portable Teras Malioboro 2,bus,6a82d5b94fd70be4125d2080,Halte trans jogja malioboro 2,,110.36562749998262,-7.7952391999944695,2026-08-17T09:34:49.926Z,fuzzy,0.640000,2,1
bus-teras-malioboro-2-d4789a15,Portable Teras Malioboro 2,bus,6a86bc210235f477d358ebb5,Halte Teras 2,,110.36761617298271,-7.791749881587728,2026-08-20T08:34:41.026Z,fuzzy,0.616667,3,1
bus-terminal-bangunan-df9b71ae,Terminal Bangunan,bus,6a8d6eb952d86e03b51ac23f,Halte Trans Jogja - Halte Terminal Giwangan,,110.39183977163486,-7.834127418517099,2026-08-25T10:30:17.563Z,fuzzy,0.627451,1,1
bus-terminal-bangunan-df9b71ae,Terminal Bangunan,bus,6a86dc1a0235f477d3591718,Halte Trans Jogja - Terminal Prambanan,,110.48986020764943,-7.755608814123619,2026-08-20T10:51:06.201Z,fuzzy,0.613333,2,1
bus-terminal-palbapang-w-c84e2640,Terminal Palbapang (B),bus,6a86dc1a0235f477d3591718,Halte Trans Jogja - Terminal Prambanan,,110.48986020764943,-7.755608814123619,2026-08-20T10:51:06.201Z,fuzzy,0.633333,1,1
bus-transmart-maguwo-83e44d9b,Transmart Maguwo,bus,6a8da00952d86e03b51b032c,Halte Trans Jogja - Halte Transmart,,110.42021687192937,-7.783282058129885,2026-08-25T14:00:41.141Z,fuzzy,0.632000,1,1
bus-tugu-adipura-bantul-halte-2-b6a74e9c,Halte Tugu Adipura Bantul (Halte 2),bus,6a829fb54fd70be4125ce16f,Halte Tugu Adipura Bantul,,110.32701870074868,-7.8891973101476935,2026-08-17T05:44:21.130Z,fuzzy,0.735652,1,1
bus-tugu-adipura-bantul-polres-bantul-40ff2d29,Tugu Adipura Bantul (Polres Bantul),bus,6a829fb54fd70be4125ce16f,Halte Tugu Adipura Bantul,,110.32701870074868,-7.8891973101476935,2026-08-17T05:44:21.130Z,fuzzy,0.738462,1,1
bus-tvri-e-436715b2,TVRI (T),bus,6a82820238bb192425f486c2,Halte Trans Jogja - TVRI A,,110.3617426750921,-7.765335064352419,2026-08-17T03:37:38.828Z,fuzzy,0.680000,1,1
bus-tvri-e-436715b2,TVRI (T),bus,6a82835d70c999b67933de3c,Halte Trans Jogja - TVRI B,,110.36154970733827,-7.765368671949033,2026-08-17T03:43:25.340Z,fuzzy,0.680000,2,1
bus-tvri-w-05cc82e3,TVRI (B),bus,6a82820238bb192425f486c2,Halte Trans Jogja - TVRI A,,110.3617426750921,-7.765335064352419,2026-08-17T03:37:38.828Z,fuzzy,0.680000,1,1
bus-tvri-w-05cc82e3,TVRI (B),bus,6a82835d70c999b67933de3c,Halte Trans Jogja - TVRI B,,110.36154970733827,-7.765368671949033,2026-08-17T03:43:25.340Z,fuzzy,0.680000,2,1
bus-uad-ringroad-selatan-1-12450bcf,TPB UAD Ringroad Selatan 1,bus,6a8d37e352d86e03b51a8a8b,Halte UAD Ring Road Selatan A,,110.38305739882435,-7.835201499990965,2026-08-25T06:36:19.651Z,fuzzy,0.674286,1,1
bus-uad-ringroad-selatan-1-12450bcf,TPB UAD Ringroad Selatan 1,bus,6a8d35ac52d86e03b51a85d0,Halte UAD Ring Road Selatan B,,110.38316997516313,-7.834879472745257,2026-08-25T06:26:52.296Z,fuzzy,0.674286,2,1
bus-uad-ringroad-selatan-2-1cdc1ec5,TPB UAD Ringroad Selatan 2,bus,6a8d37e352d86e03b51a8a8b,Halte UAD Ring Road Selatan A,,110.38305739882435,-7.835201499990965,2026-08-25T06:36:19.651Z,fuzzy,0.674286,1,1
bus-uad-ringroad-selatan-2-1cdc1ec5,TPB UAD Ringroad Selatan 2,bus,6a8d35ac52d86e03b51a85d0,Halte UAD Ring Road Selatan B,,110.38316997516313,-7.834879472745257,2026-08-25T06:26:52.296Z,fuzzy,0.674286,2,1
bus-uin-sunan-kalijaga-e-43ed7f2c,UIN Sunan Kalijaga (Timur),bus,6a92d63852d86e03b51dd95f,Halte UIN Sunan Kalijaga A,,110.39484944411095,-7.786173028766598,2026-08-29T12:53:12.861Z,fuzzy,0.868421,1,1
bus-uin-sunan-kalijaga-e-43ed7f2c,UIN Sunan Kalijaga (Timur),bus,6a92d56952d86e03b51dd824,Halte UIN Sunan Kalijaga B,,110.39475350037242,-7.785849771517988,2026-08-29T12:49:45.573Z,fuzzy,0.868421,2,1
bus-uin-sunan-kalijaga-w-d08ce32b,UIN Sunan Kalijaga (Barat),bus,6a92d63852d86e03b51dd95f,Halte UIN Sunan Kalijaga A,,110.39484944411095,-7.786173028766598,2026-08-29T12:53:12.861Z,fuzzy,0.868421,1,1
bus-uin-sunan-kalijaga-w-d08ce32b,UIN Sunan Kalijaga (Barat),bus,6a92d56952d86e03b51dd824,Halte UIN Sunan Kalijaga B,,110.39475350037242,-7.785849771517988,2026-08-29T12:49:45.573Z,fuzzy,0.868421,2,1
bus-umy-1-990ef287,TPB UMY 1,bus,6a8aa54452d86e03b5194550,Halte UMY A,,110.32444409436187,-7.810657652078407,2026-08-23T07:46:12.979Z,fuzzy,0.613333,1,1
bus-umy-1-990ef287,TPB UMY 1,bus,6a8d308152d86e03b51a7f89,Halte UMY B,,110.32462846981775,-7.811840322546502,2026-08-25T06:04:49.765Z,fuzzy,0.613333,2,1
bus-umy-2-f4825ea1,TPB UMY 2,bus,6a8aa54452d86e03b5194550,Halte UMY A,,110.32444409436187,-7.810657652078407,2026-08-23T07:46:12.979Z,fuzzy,0.613333,1,1
bus-umy-2-f4825ea1,TPB UMY 2,bus,6a8d308152d86e03b51a7f89,Halte UMY B,,110.32462846981775,-7.811840322546502,2026-08-25T06:04:49.765Z,fuzzy,0.613333,2,1
bus-uny-colombo-n-97a5170f,UNY Colombo (U),bus,6a92db7152d86e03b51ddde5,Halte UNY Colombo,,110.38656560827559,-7.777823342371818,2026-08-29T13:15:29.237Z,fuzzy,1.000000,1,1
bus-uny-colombo-n-97a5170f,UNY Colombo (U),bus,6a8d39db52d86e03b51a8ece,Halte Jl. Colombo UNY,,110.38656902084153,-7.777819224696188,2026-08-25T06:44:43.633Z,fuzzy,0.652381,2,1
bus-upn-veteran-6a3e2bb0,Halte UPN Veteran,bus,6a82dc184fd70be4125d2627,Halte Trans Jogja - UPN Veteran Yogyakarta,,110.40806741092467,-7.760728614312441,2026-08-17T10:02:00.591Z,fuzzy,0.666667,1,1
bus-uty-glagahsari-e-dcaab61f,UTY Glagahsari (Timur),bus,6a92ccbc52d86e03b51dc541,Halte UTY Glagahsari A,,110.38845509999442,-7.8055499000184625,2026-08-29T12:12:44.718Z,fuzzy,0.826667,1,1
bus-uty-glagahsari-e-dcaab61f,UTY Glagahsari (Timur),bus,6a92ce6f52d86e03b51dc8b3,Halte UTY Glagahsari B,,110.38831021032229,-7.805633045569223,2026-08-29T12:19:59.344Z,fuzzy,0.826667,2,1
bus-uty-glagahsari-w-ea753827,UTY Glagahsari (Barat),bus,6a92ccbc52d86e03b51dc541,Halte UTY Glagahsari A,,110.38845509999442,-7.8055499000184625,2026-08-29T12:12:44.718Z,fuzzy,0.826667,1,1
bus-uty-glagahsari-w-ea753827,UTY Glagahsari (Barat),bus,6a92ce6f52d86e03b51dc8b3,Halte UTY Glagahsari B,,110.38831021032229,-7.805633045569223,2026-08-29T12:19:59.344Z,fuzzy,0.826667,2,1
bus-uty-ringroad-utara-1-d1f84e81,Portabel UTY Ringroad Utara 1,bus,6a88121d3be6880665733ccf,Halte UTY Ring Road Utara A,,110.35658642659928,-7.747408105067673,2026-08-21T08:53:49.519Z,fuzzy,0.670383,1,1
bus-uty-ringroad-utara-1-d1f84e81,Portabel UTY Ringroad Utara 1,bus,6a881274d57440d48a1f2d75,Halte UTY Ring Road Utara B,,110.35660505785461,-7.747125914016451,2026-08-21T08:55:16.143Z,fuzzy,0.670383,2,1
bus-uty-ringroad-utara-2-a1cdb21a,Portabel UTY Ringroad Utara 2,bus,6a88121d3be6880665733ccf,Halte UTY Ring Road Utara A,,110.35658642659928,-7.747408105067673,2026-08-21T08:53:49.519Z,fuzzy,0.670383,1,1
bus-uty-ringroad-utara-2-a1cdb21a,Portabel UTY Ringroad Utara 2,bus,6a881274d57440d48a1f2d75,Halte UTY Ring Road Utara B,,110.35660505785461,-7.747125914016451,2026-08-21T08:55:16.143Z,fuzzy,0.670383,2,1
bus-vokasi-ugm-e-2e702393,Vokasi UGM (T),bus,6a8cfb1f52d86e03b51a5dd9,Halte Vokasi UGM,,110.3749454685335,-7.774505145151281,2026-08-25T02:17:03.498Z,fuzzy,1.000000,1,1
bus-vokasi-ugm-w-08874eb4,Vokasi UGM (B),bus,6a8cfb1f52d86e03b51a5dd9,Halte Vokasi UGM,,110.3749454685335,-7.774505145151281,2026-08-25T02:17:03.498Z,fuzzy,1.000000,1,1
bus-westlake-1-686853be,Portabel Westlake 1,bus,6a88161e3be68806657340a3,Halte Westlake A,,110.34117041124347,-7.749276526847169,2026-08-21T09:10:54.186Z,fuzzy,0.673333,1,1
bus-westlake-1-686853be,Portabel Westlake 1,bus,6a8816c83be688066573417a,Halte Westlake B,,110.34059008339136,-7.7498131160638195,2026-08-21T09:13:44.113Z,fuzzy,0.673333,2,1
bus-westlake-2-9ab01be8,Portabel Westlake 2,bus,6a88161e3be68806657340a3,Halte Westlake A,,110.34117041124347,-7.749276526847169,2026-08-21T09:10:54.186Z,fuzzy,0.673333,1,1
bus-westlake-2-9ab01be8,Portabel Westlake 2,bus,6a8816c83be688066573417a,Halte Westlake B,,110.34059008339136,-7.7498131160638195,2026-08-21T09:13:44.113Z,fuzzy,0.673333,2,1
bus-widya-wiwaha-1-70c25809,TPB Widya Wiwaha 1,bus,6a892c78478dc3b356b73285,Halte Widya Wiwaha A,,110.3776611400803,-7.82283338362798,2026-08-22T04:58:32.808Z,fuzzy,0.757143,1,1
bus-widya-wiwaha-1-70c25809,TPB Widya Wiwaha 1,bus,6a892be252d86e03b5183957,Halte Widya Wiwaha B,,110.37752046468955,-7.822636894332774,2026-08-22T04:56:02.444Z,fuzzy,0.757143,2,1
bus-widya-wiwaha-2-c73a5779,TPB Widya Wiwaha 2,bus,6a892c78478dc3b356b73285,Halte Widya Wiwaha A,,110.3776611400803,-7.82283338362798,2026-08-22T04:58:32.808Z,fuzzy,0.757143,1,1
bus-widya-wiwaha-2-c73a5779,TPB Widya Wiwaha 2,bus,6a892be252d86e03b5183957,Halte Widya Wiwaha B,,110.37752046468955,-7.822636894332774,2026-08-22T04:56:02.444Z,fuzzy,0.757143,2,1
bus-ykpn-8f047ea0,Halte TJ YKPN,bus,6a82bca038bb192425f4d1ce,Halte TPB Trans Jogja - AA YKPN,,110.3835311019015,-7.786178490478329,2026-08-17T07:47:44.465Z,fuzzy,0.636364,1,1
